path,tracked,status_code,exists_on_disk,size_bytes,sha256,source_table,generated_by,reporting_task,maintenance_context
.github/CODEOWNERS,1,,1,251,07b233684c8c4468d3615890eae6d757940dc7d087f2f78da0966c50af786e53,repo_file_state,projectStateDb (sync-project -> syncVersionControlState),versionControlLedger,Rebuilt from git ls-files + git status on each projectStateDb run
.github/ISSUE_TEMPLATE/bug_report.yml,1,,1,1088,7134dd2c5a44268d1bb8c01f6076cc6394a5d07ca987b73aed9bacce76af9ef2,repo_file_state,projectStateDb (sync-project -> syncVersionControlState),versionControlLedger,Rebuilt from git ls-files + git status on each projectStateDb run
.github/ISSUE_TEMPLATE/config.yml,1,,1,242,d37a30db65f2e6d074049d1ce955c6417e88e2ff5e51aa6bcae8b912ff832fee,repo_file_state,projectStateDb (sync-project -> syncVersionControlState),versionControlLedger,Rebuilt from git ls-files + git status on each projectStateDb run
.github/ISSUE_TEMPLATE/feature_request.yml,1,,1,706,4327b00cd9241d69750de1b160c552a5ed9bdadbf218ac1c9fa10eabee6f06e0,repo_file_state,projectStateDb (sync-project -> syncVersionControlState),versionControlLedger,Rebuilt from git ls-files + git status on each projectStateDb run
.github/pull_request_template.md,1,,1,809,75f67d4470f0e843d7a946f1a257b3db9c8f33decaa9ec8c3bfaedf9a608b4da,repo_file_state,projectStateDb (sync-project -> syncVersionControlState),versionControlLedger,Rebuilt from git ls-files + git status on each projectStateDb run
.github/workflows/ci.yml,1,,1,2003,89ed67fcb47d06ce2584d513ee449fca272bd55eccd4ed7f3e4fefec7f4f9692,repo_file_state,projectStateDb (sync-project -> syncVersionControlState),versionControlLedger,Rebuilt from git ls-files + git status on each projectStateDb run
.gitignore,1,,1,772,f227b44468ea1a774003eb2936801368cda6710d9acab45b70d2c0b68053356f,repo_file_state,projectStateDb (sync-project -> syncVersionControlState),versionControlLedger,Rebuilt from git ls-files + git status on each projectStateDb run
AI-POLICY.md,1,,1,20439,c0371c8da8f7400053e61bba568b06f13210b7c6c43c226841bdb233167df7b4,repo_file_state,projectStateDb (sync-project -> syncVersionControlState),versionControlLedger,Rebuilt from git ls-files + git status on each projectStateDb run
README.md,1,,1,16481,415f11053b15bd4623b9bd4bb58fd8a7343411aed97f997707d3637df0df7b70,repo_file_state,projectStateDb (sync-project -> syncVersionControlState),versionControlLedger,Rebuilt from git ls-files + git status on each projectStateDb run
SESSION_CHANGELOG.md,1,,1,61382,7c87b7b004fadc531ada582cd1d6bcdbf9e7f3afee847128ec393675d6b0a7b9,repo_file_state,projectStateDb (sync-project -> syncVersionControlState),versionControlLedger,Rebuilt from git ls-files + git status on each projectStateDb run
VERSION,1,,1,13,214374e4ab6ceb79d5fa5ff001fe9bbcbea31c3fd8c6bd42d48e7efaf6b2ce9f,repo_file_state,projectStateDb (sync-project -> syncVersionControlState),versionControlLedger,Rebuilt from git ls-files + git status on each projectStateDb run
afp-api/build.gradle,1,,1,34,208442ed66a7a17a4f1b6bfb9c660912eb511de0a6e48e17ed10551e6d999d31,repo_file_state,projectStateDb (sync-project -> syncVersionControlState),versionControlLedger,Rebuilt from git ls-files + git status on each projectStateDb run
afp-api/src/main/java/solutions/pointzero/symphony/afp/api/AfpConverter.java,1,,1,738,9efcb28b21d20d56ab6757bd7b248064d56db7078577ed9955225e656e2514d2,repo_file_state,projectStateDb (sync-project -> syncVersionControlState),versionControlLedger,Rebuilt from git ls-files + git status on each projectStateDb run
afp-api/src/main/java/solutions/pointzero/symphony/afp/api/AfpConverterConfig.java,1,,1,2713,20024ed2b3c5e0df228926fef9919b14e7908fdb1c93f92961f0e45ece42d22a,repo_file_state,projectStateDb (sync-project -> syncVersionControlState),versionControlLedger,Rebuilt from git ls-files + git status on each projectStateDb run
afp-api/src/main/java/solutions/pointzero/symphony/afp/api/AfpConverterFactory.java,1,,1,5457,e7ecea19cb0d78573977155d3933ccaec75b8a9d5339aace0cdd04eb6b3fb4c2,repo_file_state,projectStateDb (sync-project -> syncVersionControlState),versionControlLedger,Rebuilt from git ls-files + git status on each projectStateDb run
afp-api/src/main/java/solutions/pointzero/symphony/afp/api/CancellationToken.java,1,,1,284,8c621468d97c5fa5afec91bfab2e1db02c637084b78945dd6e9c5afc2fac22fe,repo_file_state,projectStateDb (sync-project -> syncVersionControlState),versionControlLedger,Rebuilt from git ls-files + git status on each projectStateDb run
afp-api/src/main/java/solutions/pointzero/symphony/afp/api/ConfigurationException.java,1,,1,358,fed01e17bcd7cec83b6cfec650ca8fb83c02db43361b508ba6dde59183df01a8,repo_file_state,projectStateDb (sync-project -> syncVersionControlState),versionControlLedger,Rebuilt from git ls-files + git status on each projectStateDb run
afp-api/src/main/java/solutions/pointzero/symphony/afp/api/ConversionException.java,1,,1,563,00f652854acc28084bc555effca2aec17863b0071475dce616746baacd0e2934,repo_file_state,projectStateDb (sync-project -> syncVersionControlState),versionControlLedger,Rebuilt from git ls-files + git status on each projectStateDb run
afp-api/src/main/java/solutions/pointzero/symphony/afp/api/ConversionOptions.java,1,,1,3912,7d9419013d440ec994b68aec9d09dc57b37c575bf6a9b22b8ec083ba0c29fb12,repo_file_state,projectStateDb (sync-project -> syncVersionControlState),versionControlLedger,Rebuilt from git ls-files + git status on each projectStateDb run
afp-api/src/main/java/solutions/pointzero/symphony/afp/api/ConversionRequest.java,1,,1,2253,12b0035b5076b46177f07b68e01f1aa5985fca688661f54f3f69874c996415c1,repo_file_state,projectStateDb (sync-project -> syncVersionControlState),versionControlLedger,Rebuilt from git ls-files + git status on each projectStateDb run
afp-api/src/main/java/solutions/pointzero/symphony/afp/api/ConversionResult.java,1,,1,1714,9e2ee7536a55645219ff2945f6f1717e139932fe8152bfb836321492d9a93fe3,repo_file_state,projectStateDb (sync-project -> syncVersionControlState),versionControlLedger,Rebuilt from git ls-files + git status on each projectStateDb run
afp-api/src/main/java/solutions/pointzero/symphony/afp/api/ConversionWarning.java,1,,1,310,6754512c2ae6099e4939fe54c2ae8fdc90d9c3b431e7a5bc912ac67cd8e57925,repo_file_state,projectStateDb (sync-project -> syncVersionControlState),versionControlLedger,Rebuilt from git ls-files + git status on each projectStateDb run
afp-api/src/main/java/solutions/pointzero/symphony/afp/api/DiagnosticsPolicy.java,1,,1,384,f1206d8c535be35897ae6ae7057a733b8fb2853fd5bff8440629ba8e852e0031,repo_file_state,projectStateDb (sync-project -> syncVersionControlState),versionControlLedger,Rebuilt from git ls-files + git status on each projectStateDb run
afp-api/src/main/java/solutions/pointzero/symphony/afp/api/FontPolicy.java,1,,1,256,ee310bbef353dc037c318fa2ecc67b539b0c18c594a923380649eba8e29706bd,repo_file_state,projectStateDb (sync-project -> syncVersionControlState),versionControlLedger,Rebuilt from git ls-files + git status on each projectStateDb run
afp-api/src/main/java/solutions/pointzero/symphony/afp/api/GeometryPolicy.java,1,,1,268,5f6ed64bee33a9532740c9bd10d5d4db2891cc9ebe8e790a6bc24c6c06c508c6,repo_file_state,projectStateDb (sync-project -> syncVersionControlState),versionControlLedger,Rebuilt from git ls-files + git status on each projectStateDb run
afp-api/src/main/java/solutions/pointzero/symphony/afp/api/Limits.java,1,,1,731,4afadaed12f80b3ac6a8946a9fd1d6e7a8d748ccfb7242f73efc29eae8070717,repo_file_state,projectStateDb (sync-project -> syncVersionControlState),versionControlLedger,Rebuilt from git ls-files + git status on each projectStateDb run
afp-api/src/main/java/solutions/pointzero/symphony/afp/api/MetadataPolicy.java,1,,1,268,d58165ec69efd592953dcbe15e990f132fae22e18da07cc66e68514fb6b1e227,repo_file_state,projectStateDb (sync-project -> syncVersionControlState),versionControlLedger,Rebuilt from git ls-files + git status on each projectStateDb run
afp-api/src/main/java/solutions/pointzero/symphony/afp/api/RenderPolicy.java,1,,1,900,6481ee5624a7805597c3d34ea46d1b27c2104aaaff807187f07d3811e25b84f2,repo_file_state,projectStateDb (sync-project -> syncVersionControlState),versionControlLedger,Rebuilt from git ls-files + git status on each projectStateDb run
afp-api/src/main/java/solutions/pointzero/symphony/afp/api/ResourceContext.java,1,,1,1716,9020acba0ad5785b8d377eafd1d42c4e58d62591093d5e868ad4fbcf902340a2,repo_file_state,projectStateDb (sync-project -> syncVersionControlState),versionControlLedger,Rebuilt from git ls-files + git status on each projectStateDb run
afp-api/src/main/java/solutions/pointzero/symphony/afp/api/Severity.java,1,,1,270,c5d452aded55fde44e7b382df60f37bdf872afcb4a2f842ad40992b499e05515,repo_file_state,projectStateDb (sync-project -> syncVersionControlState),versionControlLedger,Rebuilt from git ls-files + git status on each projectStateDb run
afp-api/src/main/java/solutions/pointzero/symphony/afp/api/TextFallback.java,1,,1,379,0409c043767b3b0a6e6a3b20ad01ba1bdf745b8530daec1d48038cb42e1ee605,repo_file_state,projectStateDb (sync-project -> syncVersionControlState),versionControlLedger,Rebuilt from git ls-files + git status on each projectStateDb run
afp-api/src/main/java/solutions/pointzero/symphony/afp/api/TextPolicy.java,1,,1,419,2611e79fb498b4d2dfc1de8de64e559c619a159161e80ee79fa42d5ba9437c6a,repo_file_state,projectStateDb (sync-project -> syncVersionControlState),versionControlLedger,Rebuilt from git ls-files + git status on each projectStateDb run
afp-cli/build.gradle,1,,1,1926,18f508fe3c915f16b32c6a70d7aefd06e59d06e8fa80928c57c2cf1a036939cb,repo_file_state,projectStateDb (sync-project -> syncVersionControlState),versionControlLedger,Rebuilt from git ls-files + git status on each projectStateDb run
afp-cli/src/main/java/solutions/pointzero/symphony/afp/cli/Afp2PdfMain.java,1,,1,7361,e503eddb6d8a97690f92eca8195ab4985b9e84773ba6184544541a03c2d919de,repo_file_state,projectStateDb (sync-project -> syncVersionControlState),versionControlLedger,Rebuilt from git ls-files + git status on each projectStateDb run
afp-engine/build.gradle,1,,1,2229,743e4fea5ce22dba81a42f728316e1b7fbe57f2f84356190fb14fe0d7a697e6b,repo_file_state,projectStateDb (sync-project -> syncVersionControlState),versionControlLedger,Rebuilt from git ls-files + git status on each projectStateDb run
afp-engine/src/main/java/solutions/pointzero/symphony/afp/engine/AfpCodePageProfile.java,1,,1,559,b0c8f29b69e4967d031ab3bda0d033ce210d4b76486ee3b7991b17bebf5de359,repo_file_state,projectStateDb (sync-project -> syncVersionControlState),versionControlLedger,Rebuilt from git ls-files + git status on each projectStateDb run
afp-engine/src/main/java/solutions/pointzero/symphony/afp/engine/AfpCodePageResolver.java,1,,1,7646,61abae9ad8f4f9613fcef5e4fd0c7eabbe73b244613cd1c3d530fe204d3d6fcd,repo_file_state,projectStateDb (sync-project -> syncVersionControlState),versionControlLedger,Rebuilt from git ls-files + git status on each projectStateDb run
afp-engine/src/main/java/solutions/pointzero/symphony/afp/engine/AfpDocumentLayout.java,1,,1,436,607d27eddc59c21781180569b72bd699927d684b58989162b6024797431adc2a,repo_file_state,projectStateDb (sync-project -> syncVersionControlState),versionControlLedger,Rebuilt from git ls-files + git status on each projectStateDb run
afp-engine/src/main/java/solutions/pointzero/symphony/afp/engine/AfpEngineAdapter.java,1,,1,316,2eef427b630c6248bb054f2eda9117dd7d77d19bb7cd25758f05aa47c22f92e2,repo_file_state,projectStateDb (sync-project -> syncVersionControlState),versionControlLedger,Rebuilt from git ls-files + git status on each projectStateDb run
afp-engine/src/main/java/solutions/pointzero/symphony/afp/engine/AfpHtmlRenderer.java,1,,1,3468,10f97246a56f02f85e5ac6c650d2d04f9ca1427a12d40b5cc262fbc5cffa53c9,repo_file_state,projectStateDb (sync-project -> syncVersionControlState),versionControlLedger,Rebuilt from git ls-files + git status on each projectStateDb run
afp-engine/src/main/java/solutions/pointzero/symphony/afp/engine/AfpInterpretation.java,1,,1,768,1ed8443af4985891ee2fe56d6f84422161158909ccfd814d5ecb0a7097bc737d,repo_file_state,projectStateDb (sync-project -> syncVersionControlState),versionControlLedger,Rebuilt from git ls-files + git status on each projectStateDb run
afp-engine/src/main/java/solutions/pointzero/symphony/afp/engine/AfpInterpreter.java,1,,1,7283,acbb8c150d5a241aeced82746f594257a7dc92640464ee9eef2a144df9bf491e,repo_file_state,projectStateDb (sync-project -> syncVersionControlState),versionControlLedger,Rebuilt from git ls-files + git status on each projectStateDb run
afp-engine/src/main/java/solutions/pointzero/symphony/afp/engine/AfpLayoutInterpreter.java,1,,1,5496,8044de24d3bf8c26fe5a04e154d94cc49a12ee9d265f716a7a9fd34d2d02b044,repo_file_state,projectStateDb (sync-project -> syncVersionControlState),versionControlLedger,Rebuilt from git ls-files + git status on each projectStateDb run
afp-engine/src/main/java/solutions/pointzero/symphony/afp/engine/AfpNativePdfRenderer.java,1,,1,156042,599eeee239c7d7a91dad49af01eabb91ef74eda00d4a0bb3feba24970d6cdda5,repo_file_state,projectStateDb (sync-project -> syncVersionControlState),versionControlLedger,Rebuilt from git ls-files + git status on each projectStateDb run
afp-engine/src/main/java/solutions/pointzero/symphony/afp/engine/AfpOptionRow.java,1,,1,123,c25c6dc9ed05a862b4bc53063e50721dcd35156ac19da0615ed744e6c6389e64,repo_file_state,projectStateDb (sync-project -> syncVersionControlState),versionControlLedger,Rebuilt from git ls-files + git status on each projectStateDb run
afp-engine/src/main/java/solutions/pointzero/symphony/afp/engine/AfpParseResult.java,1,,1,287,ba95b321cfb729e47b0e25b870f5085166f0c4d8e555790165b5da69d553686b,repo_file_state,projectStateDb (sync-project -> syncVersionControlState),versionControlLedger,Rebuilt from git ls-files + git status on each projectStateDb run
afp-engine/src/main/java/solutions/pointzero/symphony/afp/engine/AfpPrintCentricTraceEngine.java,1,,1,16223,a91d2c5f8f8c1520429e84e2a780215a79ca8705092a39b416c2cafeaa22d203,repo_file_state,projectStateDb (sync-project -> syncVersionControlState),versionControlLedger,Rebuilt from git ls-files + git status on each projectStateDb run
afp-engine/src/main/java/solutions/pointzero/symphony/afp/engine/AfpSemantics.java,1,,1,980,2d2e4deff2e84c83965f6939f5b5ef58b98854158af1b0be672aebafca502a15,repo_file_state,projectStateDb (sync-project -> syncVersionControlState),versionControlLedger,Rebuilt from git ls-files + git status on each projectStateDb run
afp-engine/src/main/java/solutions/pointzero/symphony/afp/engine/AfpStructuredField.java,1,,1,604,a30092045e7730608da4e680d2b80a868e8ac05d11fbec7af779703f5675fc8a,repo_file_state,projectStateDb (sync-project -> syncVersionControlState),versionControlLedger,Rebuilt from git ls-files + git status on each projectStateDb run
afp-engine/src/main/java/solutions/pointzero/symphony/afp/engine/AfpStructuredFieldParser.java,1,,1,2620,eaccc425aad82867dca253f16f83575101ffbf2bf9c53212481179919294af05,repo_file_state,projectStateDb (sync-project -> syncVersionControlState),versionControlLedger,Rebuilt from git ls-files + git status on each projectStateDb run
afp-engine/src/main/java/solutions/pointzero/symphony/afp/engine/AfpTextDecoders.java,1,,1,10921,324cbfcb3f10f1d26be4270de4a36d5421760ba95194366ad4b5d06d9f924a05,repo_file_state,projectStateDb (sync-project -> syncVersionControlState),versionControlLedger,Rebuilt from git ls-files + git status on each projectStateDb run
afp-engine/src/main/java/solutions/pointzero/symphony/afp/engine/AfplibSemanticPass.java,1,,1,6720,66333d661c379a25f047dafeaced3d3aec195bc81e55b5b88b7bf9fced67dde9,repo_file_state,projectStateDb (sync-project -> syncVersionControlState),versionControlLedger,Rebuilt from git ls-files + git status on each projectStateDb run
afp-engine/src/main/java/solutions/pointzero/symphony/afp/engine/CliAfpEngineAdapter.java,1,,1,4530,b070a0a8db69dc0d037fb5f6046242d15ebc0324ab03fa72d0aab99540786130,repo_file_state,projectStateDb (sync-project -> syncVersionControlState),versionControlLedger,Rebuilt from git ls-files + git status on each projectStateDb run
afp-engine/src/main/java/solutions/pointzero/symphony/afp/engine/DefaultAfpConverter.java,1,,1,12864,b357afc47cb1b98763063082b24ab6dd34a1ddf1089723e35b0c55cfed336110,repo_file_state,projectStateDb (sync-project -> syncVersionControlState),versionControlLedger,Rebuilt from git ls-files + git status on each projectStateDb run
afp-engine/src/main/java/solutions/pointzero/symphony/afp/engine/EngineIdentity.java,1,,1,126,7614d75d29d332e71a9fd5c1d64bff9bdff0175074f868e714da10218423958c,repo_file_state,projectStateDb (sync-project -> syncVersionControlState),versionControlLedger,Rebuilt from git ls-files + git status on each projectStateDb run
afp-engine/src/main/java/solutions/pointzero/symphony/afp/engine/EngineInputs.java,1,,1,653,fc6c0efb8f612875718eeeb0de6496fc25390abbdca3d927b251fbdfd32e118c,repo_file_state,projectStateDb (sync-project -> syncVersionControlState),versionControlLedger,Rebuilt from git ls-files + git status on each projectStateDb run
afp-engine/src/main/java/solutions/pointzero/symphony/afp/engine/EngineOutputs.java,1,,1,265,6614255cff22adaa119f537932e0a237f2945852cd712182138f12e99a44d9c1,repo_file_state,projectStateDb (sync-project -> syncVersionControlState),versionControlLedger,Rebuilt from git ls-files + git status on each projectStateDb run
afp-engine/src/main/java/solutions/pointzero/symphony/afp/engine/EngineStats.java,1,,1,191,eef448515ae29df6598974b7788fa8b338373b46208971e3692556827845ed90,repo_file_state,projectStateDb (sync-project -> syncVersionControlState),versionControlLedger,Rebuilt from git ls-files + git status on each projectStateDb run
afp-engine/src/main/java/solutions/pointzero/symphony/afp/engine/FakeEngineOutputGenerator.java,1,,1,131325,ec2506eb237f07feb226833a5991ebb30c2b7180ee109ca51b8452377c2dbd04,repo_file_state,projectStateDb (sync-project -> syncVersionControlState),versionControlLedger,Rebuilt from git ls-files + git status on each projectStateDb run
afp-engine/src/main/java/solutions/pointzero/symphony/afp/engine/Fingerprints.java,1,,1,5378,cfd84e1439a7235f9fed3f06ff63aed5cfc52910be06d792188b700a2b5e74df,repo_file_state,projectStateDb (sync-project -> syncVersionControlState),versionControlLedger,Rebuilt from git ls-files + git status on each projectStateDb run
afp-engine/src/main/java/solutions/pointzero/symphony/afp/engine/ImageResolutionService.java,1,,1,7604,65f56c86e464342b6076109ecf59782f3a2c9806d1be9d56d595ee374f0969f5,repo_file_state,projectStateDb (sync-project -> syncVersionControlState),versionControlLedger,Rebuilt from git ls-files + git status on each projectStateDb run
afp-engine/src/main/java/solutions/pointzero/symphony/afp/engine/InProcAfpEngineAdapter.java,1,,1,1744,a541dfc65ce03277009e2d94b636aa845c211cafb7fa8fb082667a564d61a117,repo_file_state,projectStateDb (sync-project -> syncVersionControlState),versionControlLedger,Rebuilt from git ls-files + git status on each projectStateDb run
afp-engine/src/main/java/solutions/pointzero/symphony/afp/engine/PdfBoxPdfWriter.java,1,,1,3951,6a446397c167b01bdfc5a8ea8ef5d4aa2bb91e777163060235b0a9a1e68e9078,repo_file_state,projectStateDb (sync-project -> syncVersionControlState),versionControlLedger,Rebuilt from git ls-files + git status on each projectStateDb run
afp-engine/src/main/java/solutions/pointzero/symphony/afp/engine/PdfWriter.java,1,,1,709,9ad62342375f8ca49295efc87246cc241d5875bf459dff0c5bfc8fb7b8170367,repo_file_state,projectStateDb (sync-project -> syncVersionControlState),versionControlLedger,Rebuilt from git ls-files + git status on each projectStateDb run
afp-engine/src/test/java/solutions/pointzero/symphony/afp/engine/AfpGroundTruthComparisonTest.java,1,,1,3209,e6847ec4eec36ac3a8f3a7e437b6ad72f22eee4c336c8cbade346d9b2535d994,repo_file_state,projectStateDb (sync-project -> syncVersionControlState),versionControlLedger,Rebuilt from git ls-files + git status on each projectStateDb run
afp-engine/src/test/java/solutions/pointzero/symphony/afp/engine/AfpInterpreterTest.java,1,,1,3912,49bbff0930c535005527f7617f18136d455816ddb16ea553e00c78b1d7fa040a,repo_file_state,projectStateDb (sync-project -> syncVersionControlState),versionControlLedger,Rebuilt from git ls-files + git status on each projectStateDb run
afp-engine/src/test/java/solutions/pointzero/symphony/afp/engine/AfpNativePdfRendererTest.java,1,,1,12999,0388f0496f153d853a2f70390ae259b84d456f8459ee556d6ef992c064dc2c42,repo_file_state,projectStateDb (sync-project -> syncVersionControlState),versionControlLedger,Rebuilt from git ls-files + git status on each projectStateDb run
afp-engine/src/test/java/solutions/pointzero/symphony/afp/engine/AfpPdfFidelityReportIT.java,1,,1,22737,a80c090060895492078c065c627c1811d692d594324f0eedd0bdf984936fe8ca,repo_file_state,projectStateDb (sync-project -> syncVersionControlState),versionControlLedger,Rebuilt from git ls-files + git status on each projectStateDb run
afp-engine/src/test/java/solutions/pointzero/symphony/afp/engine/AfpPrintCentricTraceEngineTest.java,1,,1,3973,95f55bc25cafdae8b7051fdad1afab53618eed73c7e1c4613de3df03dfd1cf36,repo_file_state,projectStateDb (sync-project -> syncVersionControlState),versionControlLedger,Rebuilt from git ls-files + git status on each projectStateDb run
afp-engine/src/test/java/solutions/pointzero/symphony/afp/engine/AfpStructuredFieldParserTest.java,1,,1,1556,21a8c4761dcb898f87d45a4bc7d5bd7919b6277091dface97fb86c5053072981,repo_file_state,projectStateDb (sync-project -> syncVersionControlState),versionControlLedger,Rebuilt from git ls-files + git status on each projectStateDb run
afp-engine/src/test/java/solutions/pointzero/symphony/afp/engine/AfpTextDecodersTest.java,1,,1,1171,a84d4f72f10092337d1e06ffc9875262699cfd0043cf94bbac1f170492e2f0ad,repo_file_state,projectStateDb (sync-project -> syncVersionControlState),versionControlLedger,Rebuilt from git ls-files + git status on each projectStateDb run
afp-engine/src/test/java/solutions/pointzero/symphony/afp/engine/DefaultAfpConverterTest.java,1,,1,7960,2aaee301d5dbfd5dfc99cf06736a2fde26d452660bf2a13c31b194288bfca6c7,repo_file_state,projectStateDb (sync-project -> syncVersionControlState),versionControlLedger,Rebuilt from git ls-files + git status on each projectStateDb run
afp-engine/src/test/java/solutions/pointzero/symphony/afp/engine/ImageResolutionServiceTest.java,1,,1,3169,02561754e30649238e01f306896426f1be2dddaf5a323fdab0eeb06cd3874f79,repo_file_state,projectStateDb (sync-project -> syncVersionControlState),versionControlLedger,Rebuilt from git ls-files + git status on each projectStateDb run
afp-engine/src/test/java/solutions/pointzero/symphony/afp/engine/InProcAfpEngineAdapterTest.java,1,,1,19723,008a40718fa056c12b0c691257a12f578d234ce6aa5151830778b0aaf64572df,repo_file_state,projectStateDb (sync-project -> syncVersionControlState),versionControlLedger,Rebuilt from git ls-files + git status on each projectStateDb run
afp-engine/src/test/java/solutions/pointzero/symphony/afp/engine/PdfBoxPdfWriterTest.java,1,,1,1051,4f9c8c2db39dba9829e4d5fc29b5d85c72fa7bb1dd7b715f52c0796d4c0a3941,repo_file_state,projectStateDb (sync-project -> syncVersionControlState),versionControlLedger,Rebuilt from git ls-files + git status on each projectStateDb run
boilerplate/update-packages/README.md,1,,1,1306,98e7a6c56650e49faeab5cb41ebd4fbd02887f28eb20b940b41299c1788dedc1,repo_file_state,projectStateDb (sync-project -> syncVersionControlState),versionControlLedger,Rebuilt from git ls-files + git status on each projectStateDb run
boilerplate/update-packages/pz-boilerplate-intelliJ/2026-02-18-boilerplate-sync-triage-workbook/README.md,1,,1,725,26b9d7445301219b65ac7a5c271e0dadf87861b4c9c7e2103f2e0bf4be1d0825,repo_file_state,projectStateDb (sync-project -> syncVersionControlState),versionControlLedger,Rebuilt from git ls-files + git status on each projectStateDb run
boilerplate/update-packages/pz-boilerplate-intelliJ/2026-02-18-boilerplate-sync-triage-workbook/apply-checklist.md,1,,1,974,1e0ce98edcc240eee05ca1f0861da1818fdc3e52a685b9700eecb767defccd41,repo_file_state,projectStateDb (sync-project -> syncVersionControlState),versionControlLedger,Rebuilt from git ls-files + git status on each projectStateDb run
boilerplate/update-packages/pz-boilerplate-intelliJ/2026-02-18-boilerplate-sync-triage-workbook/fresh-session-prompt.md,1,,1,348,567a6d9cbeaa1606aeaacbecfc4c82ffeaf22af89307db651f87119cd9cb6270,repo_file_state,projectStateDb (sync-project -> syncVersionControlState),versionControlLedger,Rebuilt from git ls-files + git status on each projectStateDb run
boilerplate/update-packages/pz-boilerplate-intelliJ/2026-02-18-boilerplate-sync-triage-workbook/package-manifest.json,1,,1,1393,188f72f5ac7feb5bcb9405c3cfb03ecbc11f7e1a90dbe0bf5b76b74f828af3f1,repo_file_state,projectStateDb (sync-project -> syncVersionControlState),versionControlLedger,Rebuilt from git ls-files + git status on each projectStateDb run
boilerplate/update-packages/pz-boilerplate-intelliJ/2026-02-18-boilerplate-sync-triage-workbook/patches/0001-boilerplate-sync-triage-framework.patch,1,,1,30117,8a193644f0b55ac5c26a8b21a4d63301d16d4b1b6d30be06483252af9789a964,repo_file_state,projectStateDb (sync-project -> syncVersionControlState),versionControlLedger,Rebuilt from git ls-files + git status on each projectStateDb run
boilerplate/update-packages/pz-boilerplate-intelliJ/2026-02-18-boilerplate-sync-triage-workbook/templates/BoilerplateSyncWorkbookUpdater.java,1,,1,13855,68981a5ff5695f4a688b977e82c636d57e08283a8730f6164b84065b25a8b444,repo_file_state,projectStateDb (sync-project -> syncVersionControlState),versionControlLedger,Rebuilt from git ls-files + git status on each projectStateDb run
boilerplate/update-packages/pz-boilerplate-intelliJ/2026-02-18-boilerplate-sync-triage-workbook/templates/build-gradle-snippets.md,1,,1,2675,b848a3bcf13bc1152c6a2c6513af777fad78b9a13241b25160d1f0a71ddaa0ea,repo_file_state,projectStateDb (sync-project -> syncVersionControlState),versionControlLedger,Rebuilt from git ls-files + git status on each projectStateDb run
boilerplate/update-packages/pz-boilerplate-intelliJ/2026-02-18-boilerplate-sync-triage-workbook/templates/policy-readme-snippets.md,1,,1,551,4b0b90c6a65cf5fe9928f7241993e85bf83003e4eeabbdb08b7431e32c96ad53,repo_file_state,projectStateDb (sync-project -> syncVersionControlState),versionControlLedger,Rebuilt from git ls-files + git status on each projectStateDb run
boilerplate/update-packages/pz-boilerplate-intelliJ/2026-02-18-consolidated-framework-sync/README.md,1,,1,947,1b139f93d20e267115fbc052eff0097dee08d900e7871ff7668c9f1ca4e50b03,repo_file_state,projectStateDb (sync-project -> syncVersionControlState),versionControlLedger,Rebuilt from git ls-files + git status on each projectStateDb run
boilerplate/update-packages/pz-boilerplate-intelliJ/2026-02-18-consolidated-framework-sync/apply-checklist.md,1,,1,1275,093083eeee79f860007469bcf8722f32490de88981bebb8d31059eb131193a6c,repo_file_state,projectStateDb (sync-project -> syncVersionControlState),versionControlLedger,Rebuilt from git ls-files + git status on each projectStateDb run
boilerplate/update-packages/pz-boilerplate-intelliJ/2026-02-18-consolidated-framework-sync/fresh-session-prompt.md,1,,1,505,d3cf6bdcb7c9fe56ff1f258382d8bcd156bb9f2c26937432aab46bb5eea19b3e,repo_file_state,projectStateDb (sync-project -> syncVersionControlState),versionControlLedger,Rebuilt from git ls-files + git status on each projectStateDb run
boilerplate/update-packages/pz-boilerplate-intelliJ/2026-02-18-consolidated-framework-sync/package-manifest.json,1,,1,1411,fc65af996e014626012d738d747bb134c411ade8aa0e19b907b2b7cd3a773420,repo_file_state,projectStateDb (sync-project -> syncVersionControlState),versionControlLedger,Rebuilt from git ls-files + git status on each projectStateDb run
boilerplate/update-packages/pz-boilerplate-intelliJ/2026-02-18-consolidated-framework-sync/patches/0001-consolidated-framework-sync.patch,1,,1,35359,bdb96f024329fce6966286aeea62aee0728d628eb6a1c04cf15c2c20cea80f67,repo_file_state,projectStateDb (sync-project -> syncVersionControlState),versionControlLedger,Rebuilt from git ls-files + git status on each projectStateDb run
boilerplate/update-packages/pz-boilerplate-intelliJ/2026-02-18-consolidated-framework-sync/templates/changelog-entry.md,1,,1,320,03cd0ab4670073728606694553fb8bfd448c74e3a7e1fa5d124e04e7f568ac99,repo_file_state,projectStateDb (sync-project -> syncVersionControlState),versionControlLedger,Rebuilt from git ls-files + git status on each projectStateDb run
boilerplate/update-packages/pz-boilerplate-intelliJ/2026-02-18-governance-alerts-trust-sot/README.md,1,,1,443,37f28bd38ba56bcaa7878520a83b02a1908509e0baf3de956ac0c6a15904976a,repo_file_state,projectStateDb (sync-project -> syncVersionControlState),versionControlLedger,Rebuilt from git ls-files + git status on each projectStateDb run
boilerplate/update-packages/pz-boilerplate-intelliJ/2026-02-18-governance-alerts-trust-sot/apply-checklist.md,1,,1,116,90e9b9c71fa2f7a93527bb7b8762329e58cc980fe86143fa1bc5e0b4b5340f4c,repo_file_state,projectStateDb (sync-project -> syncVersionControlState),versionControlLedger,Rebuilt from git ls-files + git status on each projectStateDb run
boilerplate/update-packages/pz-boilerplate-intelliJ/2026-02-18-governance-alerts-trust-sot/fresh-session-prompt.md,1,,1,70,ea7d6de41bfeef2fff5f60789d824a4c767d5532e5d4de43969913c3eefb3ad4,repo_file_state,projectStateDb (sync-project -> syncVersionControlState),versionControlLedger,Rebuilt from git ls-files + git status on each projectStateDb run
boilerplate/update-packages/pz-boilerplate-intelliJ/2026-02-18-governance-alerts-trust-sot/package-manifest.json,1,,1,828,794f36fe0fe2261a438007670102a8b1f4f55a5a8476fd127daae4912c14ac58,repo_file_state,projectStateDb (sync-project -> syncVersionControlState),versionControlLedger,Rebuilt from git ls-files + git status on each projectStateDb run
boilerplate/update-packages/pz-boilerplate-intelliJ/2026-02-18-governance-events-workbook/README.md,1,,1,454,0e44bd96549cdd73a0dd9ef4d285e9392e11e466893957c6348bffcffcb11d10,repo_file_state,projectStateDb (sync-project -> syncVersionControlState),versionControlLedger,Rebuilt from git ls-files + git status on each projectStateDb run
boilerplate/update-packages/pz-boilerplate-intelliJ/2026-02-18-governance-events-workbook/apply-checklist.md,1,,1,116,90e9b9c71fa2f7a93527bb7b8762329e58cc980fe86143fa1bc5e0b4b5340f4c,repo_file_state,projectStateDb (sync-project -> syncVersionControlState),versionControlLedger,Rebuilt from git ls-files + git status on each projectStateDb run
boilerplate/update-packages/pz-boilerplate-intelliJ/2026-02-18-governance-events-workbook/fresh-session-prompt.md,1,,1,70,ea7d6de41bfeef2fff5f60789d824a4c767d5532e5d4de43969913c3eefb3ad4,repo_file_state,projectStateDb (sync-project -> syncVersionControlState),versionControlLedger,Rebuilt from git ls-files + git status on each projectStateDb run
boilerplate/update-packages/pz-boilerplate-intelliJ/2026-02-18-governance-events-workbook/package-manifest.json,1,,1,893,dbec441bbbd4a2ada1662d8ea8499d45bdb06fda93527b1f50226e666d614fb6,repo_file_state,projectStateDb (sync-project -> syncVersionControlState),versionControlLedger,Rebuilt from git ls-files + git status on each projectStateDb run
boilerplate/update-packages/pz-boilerplate-intelliJ/2026-02-18-managed-tooling-registration-gate/README.md,1,,1,342,97b775c002364e62a5050f36de22989b27a17be741404eb6cc43c1924eec8330,repo_file_state,projectStateDb (sync-project -> syncVersionControlState),versionControlLedger,Rebuilt from git ls-files + git status on each projectStateDb run
boilerplate/update-packages/pz-boilerplate-intelliJ/2026-02-18-managed-tooling-registration-gate/apply-checklist.md,1,,1,116,90e9b9c71fa2f7a93527bb7b8762329e58cc980fe86143fa1bc5e0b4b5340f4c,repo_file_state,projectStateDb (sync-project -> syncVersionControlState),versionControlLedger,Rebuilt from git ls-files + git status on each projectStateDb run
boilerplate/update-packages/pz-boilerplate-intelliJ/2026-02-18-managed-tooling-registration-gate/fresh-session-prompt.md,1,,1,70,ea7d6de41bfeef2fff5f60789d824a4c767d5532e5d4de43969913c3eefb3ad4,repo_file_state,projectStateDb (sync-project -> syncVersionControlState),versionControlLedger,Rebuilt from git ls-files + git status on each projectStateDb run
boilerplate/update-packages/pz-boilerplate-intelliJ/2026-02-18-managed-tooling-registration-gate/package-manifest.json,1,,1,606,56d70baffd3671bdf85e78173c8c9eba84dbb195474e14ebe7870ee46deca58c,repo_file_state,projectStateDb (sync-project -> syncVersionControlState),versionControlLedger,Rebuilt from git ls-files + git status on each projectStateDb run
boilerplate/update-packages/pz-boilerplate-intelliJ/2026-02-18-pm-realm-console-sql-rules-rollup/README.md,1,,1,978,16fefb1a607c15255dd3f63920b82358ca066307d71ef21b66b4e14aea9c3120,repo_file_state,projectStateDb (sync-project -> syncVersionControlState),versionControlLedger,Rebuilt from git ls-files + git status on each projectStateDb run
boilerplate/update-packages/pz-boilerplate-intelliJ/2026-02-18-pm-realm-console-sql-rules-rollup/apply-checklist.md,1,,1,999,4a34acf13ab9a692f27fa9dc9b41fee8e8409c73b1c77a590efeaa697d5a4bd0,repo_file_state,projectStateDb (sync-project -> syncVersionControlState),versionControlLedger,Rebuilt from git ls-files + git status on each projectStateDb run
boilerplate/update-packages/pz-boilerplate-intelliJ/2026-02-18-pm-realm-console-sql-rules-rollup/fresh-session-prompt.md,1,,1,573,51f466f30a84d1d8ce13cc3363832b81acfe29446cc6b6ab70418bafbc760245,repo_file_state,projectStateDb (sync-project -> syncVersionControlState),versionControlLedger,Rebuilt from git ls-files + git status on each projectStateDb run
boilerplate/update-packages/pz-boilerplate-intelliJ/2026-02-18-pm-realm-console-sql-rules-rollup/package-manifest.json,1,,1,1622,c31ecb3177a63d43eb251285a9c3c11c94a4fa5c97efec25328af2a9a1c4f44f,repo_file_state,projectStateDb (sync-project -> syncVersionControlState),versionControlLedger,Rebuilt from git ls-files + git status on each projectStateDb run
boilerplate/update-packages/pz-boilerplate-intelliJ/2026-02-18-pm-realm-console-sql-rules-rollup/patches/0001-pm-realm-console-sql-rules-rollup.patch,1,,1,159406,2f1983a68c72507ec14ec2ca4a4626a52961d3475d800437005a6f4871d13243,repo_file_state,projectStateDb (sync-project -> syncVersionControlState),versionControlLedger,Rebuilt from git ls-files + git status on each projectStateDb run
boilerplate/update-packages/pz-boilerplate-intelliJ/2026-02-18-product-management-boundary-gate/README.md,1,,1,296,1226a752824034d73f72068985f689f70f89e06c6ab04a562a1f4cbb5f06c15d,repo_file_state,projectStateDb (sync-project -> syncVersionControlState),versionControlLedger,Rebuilt from git ls-files + git status on each projectStateDb run
boilerplate/update-packages/pz-boilerplate-intelliJ/2026-02-18-product-management-boundary-gate/apply-checklist.md,1,,1,116,90e9b9c71fa2f7a93527bb7b8762329e58cc980fe86143fa1bc5e0b4b5340f4c,repo_file_state,projectStateDb (sync-project -> syncVersionControlState),versionControlLedger,Rebuilt from git ls-files + git status on each projectStateDb run
boilerplate/update-packages/pz-boilerplate-intelliJ/2026-02-18-product-management-boundary-gate/fresh-session-prompt.md,1,,1,70,ea7d6de41bfeef2fff5f60789d824a4c767d5532e5d4de43969913c3eefb3ad4,repo_file_state,projectStateDb (sync-project -> syncVersionControlState),versionControlLedger,Rebuilt from git ls-files + git status on each projectStateDb run
boilerplate/update-packages/pz-boilerplate-intelliJ/2026-02-18-product-management-boundary-gate/package-manifest.json,1,,1,617,2e9e0ad56628977898966a24d8e129ca4b00cf03fdf16ae68ceeb1a6983e2f84,repo_file_state,projectStateDb (sync-project -> syncVersionControlState),versionControlLedger,Rebuilt from git ls-files + git status on each projectStateDb run
boilerplate/update-packages/pz-boilerplate-intelliJ/2026-02-18-project-level-rollback-governance-log-sync/README.md,1,,1,832,f509387141904b9c73fd7e4ac77b112ce790f8900ab3453e2b15c22969d1e05b,repo_file_state,projectStateDb (sync-project -> syncVersionControlState),versionControlLedger,Rebuilt from git ls-files + git status on each projectStateDb run
boilerplate/update-packages/pz-boilerplate-intelliJ/2026-02-18-project-level-rollback-governance-log-sync/apply-checklist.md,1,,1,866,ca20cb5d68edaca0713cfd2fac92ae49a810fba48a09308f8685bd4f7a270878,repo_file_state,projectStateDb (sync-project -> syncVersionControlState),versionControlLedger,Rebuilt from git ls-files + git status on each projectStateDb run
boilerplate/update-packages/pz-boilerplate-intelliJ/2026-02-18-project-level-rollback-governance-log-sync/fresh-session-prompt.md,1,,1,515,9bb5329616f56832464a918986c7596260d00e756acbf5f97a77d06822204185,repo_file_state,projectStateDb (sync-project -> syncVersionControlState),versionControlLedger,Rebuilt from git ls-files + git status on each projectStateDb run
boilerplate/update-packages/pz-boilerplate-intelliJ/2026-02-18-project-level-rollback-governance-log-sync/package-manifest.json,1,,1,1189,711cb0e761f3b5db212975d1ed5d629e659b7427cfa004f6149168c099b7de90,repo_file_state,projectStateDb (sync-project -> syncVersionControlState),versionControlLedger,Rebuilt from git ls-files + git status on each projectStateDb run
boilerplate/update-packages/pz-boilerplate-intelliJ/2026-02-18-project-level-rollback-governance-log-sync/patches/0001-log-sync-template.patch,1,,1,1120,85e51e0f271b6ece55fe7d9a1e729d24d242486b57e076f972fede89bc7e4ce8,repo_file_state,projectStateDb (sync-project -> syncVersionControlState),versionControlLedger,Rebuilt from git ls-files + git status on each projectStateDb run
boilerplate/update-packages/pz-boilerplate-intelliJ/2026-02-18-project-level-rollback-governance-log-sync/templates/process-evolution-entry.md,1,,1,347,0482dccc000409a4ceec06c2b7d906ddcaa187f6919acb0d06c984e22176ea15,repo_file_state,projectStateDb (sync-project -> syncVersionControlState),versionControlLedger,Rebuilt from git ls-files + git status on each projectStateDb run
boilerplate/update-packages/pz-boilerplate-intelliJ/2026-02-18-project-level-rollback-governance-log-sync/templates/session-changelog-entry.md,1,,1,400,d9abe6283afd29a9387b2e34e8059e6128f4bb824cbe998915d280ff61e12ab7,repo_file_state,projectStateDb (sync-project -> syncVersionControlState),versionControlLedger,Rebuilt from git ls-files + git status on each projectStateDb run
boilerplate/update-packages/pz-boilerplate-intelliJ/2026-02-18-project-level-rollback-governance/README.md,1,,1,960,873f815046bb80b32ca8ef159e01b08bc516cfcfbabee8f81c06427b54617dfc,repo_file_state,projectStateDb (sync-project -> syncVersionControlState),versionControlLedger,Rebuilt from git ls-files + git status on each projectStateDb run
boilerplate/update-packages/pz-boilerplate-intelliJ/2026-02-18-project-level-rollback-governance/apply-checklist.md,1,,1,1253,abd11a399b37cecc1dda33507f1bb0a04488ff022806f52163cf48286a467528,repo_file_state,projectStateDb (sync-project -> syncVersionControlState),versionControlLedger,Rebuilt from git ls-files + git status on each projectStateDb run
boilerplate/update-packages/pz-boilerplate-intelliJ/2026-02-18-project-level-rollback-governance/fresh-session-prompt.md,1,,1,642,03119f114b55dc11b0780f84469a8885074ce225e30aaa30733c301b27777538,repo_file_state,projectStateDb (sync-project -> syncVersionControlState),versionControlLedger,Rebuilt from git ls-files + git status on each projectStateDb run
boilerplate/update-packages/pz-boilerplate-intelliJ/2026-02-18-project-level-rollback-governance/package-manifest.json,1,,1,853,9a2ad0ccd868be8cc127305dd8726d4afbcdf12033a4f170ff88735cc9c75c4e,repo_file_state,projectStateDb (sync-project -> syncVersionControlState),versionControlLedger,Rebuilt from git ls-files + git status on each projectStateDb run
boilerplate/update-packages/pz-boilerplate-intelliJ/2026-02-18-project-level-rollback-governance/patches/0001-policy-and-readme-rollback-governance.patch,1,,1,5390,a71e0e5390e4f4ee93ecc275d85a0cfa584a00a89165680ebddb129808693418,repo_file_state,projectStateDb (sync-project -> syncVersionControlState),versionControlLedger,Rebuilt from git ls-files + git status on each projectStateDb run
boilerplate/update-packages/pz-boilerplate-intelliJ/2026-02-18-sqlite-state-tooling/README.md,1,,1,860,76cbc2f6c8ca4c9de676cd0ec632e08396cd94d841caef2ca2295447c9b26281,repo_file_state,projectStateDb (sync-project -> syncVersionControlState),versionControlLedger,Rebuilt from git ls-files + git status on each projectStateDb run
boilerplate/update-packages/pz-boilerplate-intelliJ/2026-02-18-sqlite-state-tooling/apply-checklist.md,1,,1,444,fef5d5e33f8d185596fb9d955170b1b5e04eee3d0b692a3be6d49a7f271a1e2a,repo_file_state,projectStateDb (sync-project -> syncVersionControlState),versionControlLedger,Rebuilt from git ls-files + git status on each projectStateDb run
boilerplate/update-packages/pz-boilerplate-intelliJ/2026-02-18-sqlite-state-tooling/fresh-session-prompt.md,1,,1,575,f8fdb28bc5f77bab09d7ecc9067f44d5f9cc66bc16387b696ace47e31e86197f,repo_file_state,projectStateDb (sync-project -> syncVersionControlState),versionControlLedger,Rebuilt from git ls-files + git status on each projectStateDb run
boilerplate/update-packages/pz-boilerplate-intelliJ/2026-02-18-sqlite-state-tooling/package-manifest.json,1,,1,829,891865d0eb02d6956ec62cc935f45403c8568832f2f2c62e1c0a823b83f1c0e8,repo_file_state,projectStateDb (sync-project -> syncVersionControlState),versionControlLedger,Rebuilt from git ls-files + git status on each projectStateDb run
boilerplate/update-packages/pz-boilerplate-intelliJ/2026-02-18-unified-framework-rollup/README.md,1,,1,544,7713457eb135da0fd08191ba5dec78f16816be59225cbce8d5be256ebcbdb611,repo_file_state,projectStateDb (sync-project -> syncVersionControlState),versionControlLedger,Rebuilt from git ls-files + git status on each projectStateDb run
boilerplate/update-packages/pz-boilerplate-intelliJ/2026-02-18-unified-framework-rollup/apply-checklist.md,1,,1,446,c329427bae1e5e78e04346986d637744594fa493aa47041a5e1c4fd22b633203,repo_file_state,projectStateDb (sync-project -> syncVersionControlState),versionControlLedger,Rebuilt from git ls-files + git status on each projectStateDb run
boilerplate/update-packages/pz-boilerplate-intelliJ/2026-02-18-unified-framework-rollup/fresh-session-prompt.md,1,,1,390,f5c83d77df57753d02665ebd6a4bc727d66c6e634158da42176cb3cb5dbab60e,repo_file_state,projectStateDb (sync-project -> syncVersionControlState),versionControlLedger,Rebuilt from git ls-files + git status on each projectStateDb run
boilerplate/update-packages/pz-boilerplate-intelliJ/2026-02-18-unified-framework-rollup/package-manifest.json,1,,1,1573,b8cc1aaf039d883463abab7ec78daf2b586e7cd9510a7cc86889ea54b5cfcfa9,repo_file_state,projectStateDb (sync-project -> syncVersionControlState),versionControlLedger,Rebuilt from git ls-files + git status on each projectStateDb run
boilerplate/update-packages/pz-boilerplate-intelliJ/2026-02-18-vcs-file-discipline-ledger/README.md,1,,1,411,90ad5668c2a6920526765d9ff031afff199dbf326f644eae6e7fa194f96f888d,repo_file_state,projectStateDb (sync-project -> syncVersionControlState),versionControlLedger,Rebuilt from git ls-files + git status on each projectStateDb run
boilerplate/update-packages/pz-boilerplate-intelliJ/2026-02-18-vcs-file-discipline-ledger/apply-checklist.md,1,,1,116,90e9b9c71fa2f7a93527bb7b8762329e58cc980fe86143fa1bc5e0b4b5340f4c,repo_file_state,projectStateDb (sync-project -> syncVersionControlState),versionControlLedger,Rebuilt from git ls-files + git status on each projectStateDb run
boilerplate/update-packages/pz-boilerplate-intelliJ/2026-02-18-vcs-file-discipline-ledger/fresh-session-prompt.md,1,,1,70,ea7d6de41bfeef2fff5f60789d824a4c767d5532e5d4de43969913c3eefb3ad4,repo_file_state,projectStateDb (sync-project -> syncVersionControlState),versionControlLedger,Rebuilt from git ls-files + git status on each projectStateDb run
boilerplate/update-packages/pz-boilerplate-intelliJ/2026-02-18-vcs-file-discipline-ledger/package-manifest.json,1,,1,797,06523f413c6728185113d1e03ac2c2c5a1e4058df25df0d2be2cf2c7365fda32,repo_file_state,projectStateDb (sync-project -> syncVersionControlState),versionControlLedger,Rebuilt from git ls-files + git status on each projectStateDb run
boilerplate/update-packages/pz-boilerplate-intelliJ/2026-02-18-workbook-change-driven-guard/README.md,1,,1,763,954309b284dc363469a56533c38a40032379fe07599e6a843fbfd189f393fb1c,repo_file_state,projectStateDb (sync-project -> syncVersionControlState),versionControlLedger,Rebuilt from git ls-files + git status on each projectStateDb run
boilerplate/update-packages/pz-boilerplate-intelliJ/2026-02-18-workbook-change-driven-guard/apply-checklist.md,1,,1,1138,3d389a818bc39e7217093091ff06c9d8097952ac5ac2d78cff756ea679456375,repo_file_state,projectStateDb (sync-project -> syncVersionControlState),versionControlLedger,Rebuilt from git ls-files + git status on each projectStateDb run
boilerplate/update-packages/pz-boilerplate-intelliJ/2026-02-18-workbook-change-driven-guard/fresh-session-prompt.md,1,,1,423,20908684c56dc0bb2a261cc12bfa0d819408b4719e382f61963f154e1d133a77,repo_file_state,projectStateDb (sync-project -> syncVersionControlState),versionControlLedger,Rebuilt from git ls-files + git status on each projectStateDb run
boilerplate/update-packages/pz-boilerplate-intelliJ/2026-02-18-workbook-change-driven-guard/package-manifest.json,1,,1,853,c6db0c3cf3c222d34bd198bc9550f8cfc13ccbe64ac5e3822747bb0b6e07d702,repo_file_state,projectStateDb (sync-project -> syncVersionControlState),versionControlLedger,Rebuilt from git ls-files + git status on each projectStateDb run
boilerplate/update-packages/pz-boilerplate-intelliJ/2026-02-18-workbook-change-driven-guard/patches/0001-workbook-change-driven-guard.patch,1,,1,4135,d8b847eba7dad7516b2c6c06aeb4987c1bd2ac3b3e204b123e8a2bfc5b627103,repo_file_state,projectStateDb (sync-project -> syncVersionControlState),versionControlLedger,Rebuilt from git ls-files + git status on each projectStateDb run
boilerplate/update-packages/pz-boilerplate-intelliJ/2026-02-19-fresh-instance-convergence-eval/README.md,1,,1,667,fe354e1d3c762631168621ff97b79eea09223a5504d2be9f796e350ce08b7e8a,repo_file_state,projectStateDb (sync-project -> syncVersionControlState),versionControlLedger,Rebuilt from git ls-files + git status on each projectStateDb run
boilerplate/update-packages/pz-boilerplate-intelliJ/2026-02-19-fresh-instance-convergence-eval/apply-checklist.md,1,,1,781,94e0ed3ffc8efc50584088efbce1ccf10146a75724e4877cfc471ba74a221321,repo_file_state,projectStateDb (sync-project -> syncVersionControlState),versionControlLedger,Rebuilt from git ls-files + git status on each projectStateDb run
boilerplate/update-packages/pz-boilerplate-intelliJ/2026-02-19-fresh-instance-convergence-eval/comparison-checklist.md,1,,1,1345,3b3f5c6b85b3fc3530fdb2ed384889ce34b6341ad2f685afb08d1134dcb844be,repo_file_state,projectStateDb (sync-project -> syncVersionControlState),versionControlLedger,Rebuilt from git ls-files + git status on each projectStateDb run
boilerplate/update-packages/pz-boilerplate-intelliJ/2026-02-19-fresh-instance-convergence-eval/fresh-session-prompt.md,1,,1,810,9c45d235e14b95ecc8d9d962f7e6fbe65485b346194c8b9cdfba9c2e7d3b1431,repo_file_state,projectStateDb (sync-project -> syncVersionControlState),versionControlLedger,Rebuilt from git ls-files + git status on each projectStateDb run
boilerplate/update-packages/pz-boilerplate-intelliJ/2026-02-19-fresh-instance-convergence-eval/package-manifest.json,1,,1,1680,7c681df03db1bb946e9eedfb9566e63cd42dfe7ad57cc1078b1f3ed3aecf26e9,repo_file_state,projectStateDb (sync-project -> syncVersionControlState),versionControlLedger,Rebuilt from git ls-files + git status on each projectStateDb run
boilerplate/update-packages/pz-boilerplate-intelliJ/2026-02-19-namespace-root-solutions-pointzero-symphony/README.md,1,,1,484,acd1695e00000853e2ae9c7e6225ba96a380d274956fe79a373d2832550162e1,repo_file_state,projectStateDb (sync-project -> syncVersionControlState),versionControlLedger,Rebuilt from git ls-files + git status on each projectStateDb run
boilerplate/update-packages/pz-boilerplate-intelliJ/2026-02-19-namespace-root-solutions-pointzero-symphony/apply-checklist.md,1,,1,524,29462e6baf64599284a25fed5420406624a9a2cd89f1f35345eed86267e84f06,repo_file_state,projectStateDb (sync-project -> syncVersionControlState),versionControlLedger,Rebuilt from git ls-files + git status on each projectStateDb run
boilerplate/update-packages/pz-boilerplate-intelliJ/2026-02-19-namespace-root-solutions-pointzero-symphony/fresh-session-prompt.md,1,,1,422,e530120ee749278b65ce31438d5a85729355bb3f27383a68b63e1710428c0c54,repo_file_state,projectStateDb (sync-project -> syncVersionControlState),versionControlLedger,Rebuilt from git ls-files + git status on each projectStateDb run
boilerplate/update-packages/pz-boilerplate-intelliJ/2026-02-19-namespace-root-solutions-pointzero-symphony/package-manifest.json,1,,1,775,7051d6d1ac165d0507865937d3e4fd5fcb58cf6e679f081ce96a0cf1819a2795,repo_file_state,projectStateDb (sync-project -> syncVersionControlState),versionControlLedger,Rebuilt from git ls-files + git status on each projectStateDb run
boilerplate/update-packages/pz-boilerplate-intelliJ/2026-02-19-pm-live-actions-governance-automation/README.md,1,,1,756,e14532074598abbd933afd0cc8eecbc919e6e60cd09931c8a8d8a7b00866d08f,repo_file_state,projectStateDb (sync-project -> syncVersionControlState),versionControlLedger,Rebuilt from git ls-files + git status on each projectStateDb run
boilerplate/update-packages/pz-boilerplate-intelliJ/2026-02-19-pm-live-actions-governance-automation/apply-checklist.md,1,,1,742,9f1a61a713fc64d7347e926375f37b9f87e2889e4f3654d454fa9f015500fd4a,repo_file_state,projectStateDb (sync-project -> syncVersionControlState),versionControlLedger,Rebuilt from git ls-files + git status on each projectStateDb run
boilerplate/update-packages/pz-boilerplate-intelliJ/2026-02-19-pm-live-actions-governance-automation/fresh-session-prompt.md,1,,1,214,102381dc26ddc35557a35eeb2f76626a1bab3d7a7541135446b6d737038f6690,repo_file_state,projectStateDb (sync-project -> syncVersionControlState),versionControlLedger,Rebuilt from git ls-files + git status on each projectStateDb run
boilerplate/update-packages/pz-boilerplate-intelliJ/2026-02-19-pm-live-actions-governance-automation/package-manifest.json,1,,1,1856,ead884b7c45ed5d6d7fcc773f85aa3c8aefca371047b5207c88310ac8e24ac20,repo_file_state,projectStateDb (sync-project -> syncVersionControlState),versionControlLedger,Rebuilt from git ls-files + git status on each projectStateDb run
boilerplate/update-packages/pz-boilerplate-intelliJ/2026-02-19-presentation-naming-governance-rollup/README.md,1,,1,861,ad71f7cf877a3cd89e032dfd544feada1ae9f3797ce0b42d2a15150a999b880a,repo_file_state,projectStateDb (sync-project -> syncVersionControlState),versionControlLedger,Rebuilt from git ls-files + git status on each projectStateDb run
boilerplate/update-packages/pz-boilerplate-intelliJ/2026-02-19-presentation-naming-governance-rollup/apply-checklist.md,1,,1,240,12d4ac7b5a9132b1a4fd0cb012b1911d30d8dcb093abe95a82ab660981e21689,repo_file_state,projectStateDb (sync-project -> syncVersionControlState),versionControlLedger,Rebuilt from git ls-files + git status on each projectStateDb run
boilerplate/update-packages/pz-boilerplate-intelliJ/2026-02-19-presentation-naming-governance-rollup/fresh-session-prompt.md,1,,1,270,d665cf1d9f30017f3b0ac428197ab3aecee17b9fa1a274ee68567438dc1b0d61,repo_file_state,projectStateDb (sync-project -> syncVersionControlState),versionControlLedger,Rebuilt from git ls-files + git status on each projectStateDb run
boilerplate/update-packages/pz-boilerplate-intelliJ/2026-02-19-presentation-naming-governance-rollup/package-manifest.json,1,,1,1159,52a6f69093c5facf938c73ac0e43299d9af22ae527bc5f9da14a6eb8af9aaa9b,repo_file_state,projectStateDb (sync-project -> syncVersionControlState),versionControlLedger,Rebuilt from git ls-files + git status on each projectStateDb run
boilerplate/update-packages/pz-boilerplate-intelliJ/2026-02-19-queue-normalization-knowledge-link-gate/README.md,1,,1,594,4a3b6ac7f1176c39ae17dcd6c54e6a49c8246e2428974280384e34c1fdaf9249,repo_file_state,projectStateDb (sync-project -> syncVersionControlState),versionControlLedger,Rebuilt from git ls-files + git status on each projectStateDb run
boilerplate/update-packages/pz-boilerplate-intelliJ/2026-02-19-queue-normalization-knowledge-link-gate/apply-checklist.md,1,,1,343,05fa5d074f0416bf31254d6f15fb075e5ce73a232656aa1edbbd46efdc2865ce,repo_file_state,projectStateDb (sync-project -> syncVersionControlState),versionControlLedger,Rebuilt from git ls-files + git status on each projectStateDb run
boilerplate/update-packages/pz-boilerplate-intelliJ/2026-02-19-queue-normalization-knowledge-link-gate/fresh-session-prompt.md,1,,1,190,f9b3b9391f569cc4b84a5df34f7e19202965f04e59220f4f5e6bd9d9d1bbbe16,repo_file_state,projectStateDb (sync-project -> syncVersionControlState),versionControlLedger,Rebuilt from git ls-files + git status on each projectStateDb run
boilerplate/update-packages/pz-boilerplate-intelliJ/2026-02-19-queue-normalization-knowledge-link-gate/package-manifest.json,1,,1,1682,7e831f232b2c23278c7b1f6652d048ea5cecb92cba36ba46bf5b8d432fe6cba4,repo_file_state,projectStateDb (sync-project -> syncVersionControlState),versionControlLedger,Rebuilt from git ls-files + git status on each projectStateDb run
boilerplate/update-packages/pz-boilerplate-intelliJ/2026-02-19-recovery-ci-sql-integrity.zip,1,,1,2717,01cbd790ae4394bddd9b05d5b0b467d187a4cea7e72b1ef0d0276cfa1ff13052,repo_file_state,projectStateDb (sync-project -> syncVersionControlState),versionControlLedger,Rebuilt from git ls-files + git status on each projectStateDb run
boilerplate/update-packages/pz-boilerplate-intelliJ/2026-02-19-recovery-ci-sql-integrity.zip.sha256,1,,1,107,aae3184695910adf104af44052f0e74ed3598dacc763d7b00c2b1f3a2a7277e3,repo_file_state,projectStateDb (sync-project -> syncVersionControlState),versionControlLedger,Rebuilt from git ls-files + git status on each projectStateDb run
boilerplate/update-packages/pz-boilerplate-intelliJ/2026-02-19-recovery-ci-sql-integrity/README.md,1,,1,586,8c2568db3db39df6cb5ce8bed6aa0be9e2ddfc6ddd0cabc8f8e4b247a91e927d,repo_file_state,projectStateDb (sync-project -> syncVersionControlState),versionControlLedger,Rebuilt from git ls-files + git status on each projectStateDb run
boilerplate/update-packages/pz-boilerplate-intelliJ/2026-02-19-recovery-ci-sql-integrity/apply-checklist.md,1,,1,547,d99bfe44550669350d86e0f5219351d1dbeeff97df9030e96693c4e79886afe6,repo_file_state,projectStateDb (sync-project -> syncVersionControlState),versionControlLedger,Rebuilt from git ls-files + git status on each projectStateDb run
boilerplate/update-packages/pz-boilerplate-intelliJ/2026-02-19-recovery-ci-sql-integrity/fresh-session-prompt.md,1,,1,557,979bf135dcbd27abdfe51f2161a88a846a45fa26d9a5d02547aa7dd1311956af,repo_file_state,projectStateDb (sync-project -> syncVersionControlState),versionControlLedger,Rebuilt from git ls-files + git status on each projectStateDb run
boilerplate/update-packages/pz-boilerplate-intelliJ/2026-02-19-recovery-ci-sql-integrity/package-manifest.json,1,,1,1348,d2077f9770043fa346cfd02d3f9fdfc86b36bf5c57abcce5d7041de3cf922614,repo_file_state,projectStateDb (sync-project -> syncVersionControlState),versionControlLedger,Rebuilt from git ls-files + git status on each projectStateDb run
build.gradle,1,,1,89700,83bf398f9062ff96f69824e0d4770eb891fc2a4f71d0f9f36d8afd1d5a851e0f,repo_file_state,projectStateDb (sync-project -> syncVersionControlState),versionControlLedger,Rebuilt from git ls-files + git status on each projectStateDb run
docs/API.md,1,,1,9387,b4e83f9377a9a39c38e919af8576e3d2c475a5e53fc4b3e1e6698fa0f3e252bd,repo_file_state,projectStateDb (sync-project -> syncVersionControlState),versionControlLedger,Rebuilt from git ls-files + git status on each projectStateDb run
docs/NEW_MACHINE_BOOTSTRAP.md,1,,1,1170,c8e555d4493a4c3bf8c99e944d9683721d01c3418602bd958ea31e51c4ffb02c,repo_file_state,projectStateDb (sync-project -> syncVersionControlState),versionControlLedger,Rebuilt from git ls-files + git status on each projectStateDb run
docs/PM_CONSOLE_EXCHANGE_FORMAT.md,1,,1,1493,4bfe0f4b65eb9ce41250223b56b9e2f726628a9e3a69879c3431ee800321df02,repo_file_state,projectStateDb (sync-project -> syncVersionControlState),versionControlLedger,Rebuilt from git ls-files + git status on each projectStateDb run
docs/PRESENTATION_ID_MIGRATION.md,1,,1,895,30ba16906901115d798d706cfe603c981e1de15e4b318597ea50079d6a0596d3,repo_file_state,projectStateDb (sync-project -> syncVersionControlState),versionControlLedger,Rebuilt from git ls-files + git status on each projectStateDb run
docs/SQL_FIRST_WORKFLOW.md,1,,1,11869,80ad77f330ec68cb5a8165e2033bc8569a6037c81d0ec9c87963e8bda4ab81fa,repo_file_state,projectStateDb (sync-project -> syncVersionControlState),versionControlLedger,Rebuilt from git ls-files + git status on each projectStateDb run
docs/boilerplate-sync-candidates.xlsx,1,,1,9423,45f7d480ea7b954b4eea15a2eee4f84781d45762e7ce0de0081645448d711dc0,repo_file_state,projectStateDb (sync-project -> syncVersionControlState),versionControlLedger,Rebuilt from git ls-files + git status on each projectStateDb run
docs/fidelity-corpus.txt,1,,1,153,e3750b6d368a66e26ac0885f120f4eaa9e3064393c2d396fbda6d942d80b8f32,repo_file_state,projectStateDb (sync-project -> syncVersionControlState),versionControlLedger,Rebuilt from git ls-files + git status on each projectStateDb run
docs/issues-log-template.csv,1,,1,275,344c8e1f896da05226f17ce1ccc16eedb36bd7924c13f7545a3c89f5b3c176ce,repo_file_state,projectStateDb (sync-project -> syncVersionControlState),versionControlLedger,Rebuilt from git ls-files + git status on each projectStateDb run
docs/issues-log.csv,1,M,1,7363,927a62dcc43080ebf7ca2251eab29ccb16d5741fef96fc72ebd2021cc8a5b8ab,repo_file_state,projectStateDb (sync-project -> syncVersionControlState),versionControlLedger,Rebuilt from git ls-files + git status on each projectStateDb run
docs/policy-governance-events.csv,1,,1,1713,2d467921ce88a08b270c72a87a0149aa0948e976e1aff13ea13f5858a9b68ea5,repo_file_state,projectStateDb (sync-project -> syncVersionControlState),versionControlLedger,Rebuilt from git ls-files + git status on each projectStateDb run
docs/policy-governance-events.xlsx,1,,1,4348,ba16b89a7e69eac6a63702a7bd3e741e41e9c8bd8c1b1c01cf5e9a706c0757e6,repo_file_state,projectStateDb (sync-project -> syncVersionControlState),versionControlLedger,Rebuilt from git ls-files + git status on each projectStateDb run
docs/project-plan-progress.csv,1,,1,8658,6c3aa6820d8391d8f93cb32304a8cf4244f6634553ac729a1197a77c0bdca07c,repo_file_state,projectStateDb (sync-project -> syncVersionControlState),versionControlLedger,Rebuilt from git ls-files + git status on each projectStateDb run
docs/project-plan-progress.xlsx,1,,1,13341,b50e4ddf0589a1dbae3359297a47505f24c9b4ea6d4bc5e635fa2f384d659b12,repo_file_state,projectStateDb (sync-project -> syncVersionControlState),versionControlLedger,Rebuilt from git ls-files + git status on each projectStateDb run
docs/project-plan.md,1,,1,8014,f083dbbd4de816cced5cad003f90769ceb1a7d2f984e1693735c73e7019039c7,repo_file_state,projectStateDb (sync-project -> syncVersionControlState),versionControlLedger,Rebuilt from git ls-files + git status on each projectStateDb run
docs/update-packages/README.md,1,,1,234,e09e6e4e07bdeac9b02180d60439f7b0a285b34c3485055dfd4531f8451cc313,repo_file_state,projectStateDb (sync-project -> syncVersionControlState),versionControlLedger,Rebuilt from git ls-files + git status on each projectStateDb run
gradle/wrapper/gradle-wrapper.jar,1,,1,60756,91a239400bb638f36a1795d8fdf7939d532cdc7d794d1119b7261aac158b1e60,repo_file_state,projectStateDb (sync-project -> syncVersionControlState),versionControlLedger,Rebuilt from git ls-files + git status on each projectStateDb run
gradle/wrapper/gradle-wrapper.properties,1,,1,232,9ba4f8c8258f3d6d74144493b9e3e80e470a7b05cf34ce392a60d0e4fb9fc504,repo_file_state,projectStateDb (sync-project -> syncVersionControlState),versionControlLedger,Rebuilt from git ls-files + git status on each projectStateDb run
gradlew,1,,1,8070,f96a757581fe5292465e3f3393380bd11fd8086d450b92e7c693da6513f583fe,repo_file_state,projectStateDb (sync-project -> syncVersionControlState),versionControlLedger,Rebuilt from git ls-files + git status on each projectStateDb run
gradlew.bat,1,,1,2763,af835f98787e9269af5a046edcb821a592fed372139df7b947b471a63cfc236b,repo_file_state,projectStateDb (sync-project -> syncVersionControlState),versionControlLedger,Rebuilt from git ls-files + git status on each projectStateDb run
pm-console/build.gradle,1,,1,454,57bf41851234afeb13a6747749524fb30a9350f5a7dc4afdf8a07767feb2052a,repo_file_state,projectStateDb (sync-project -> syncVersionControlState),versionControlLedger,Rebuilt from git ls-files + git status on each projectStateDb run
pm-console/src/main/java/solutions/pointzero/symphony/pm/console/PmConsoleMain.java,1,,1,72784,87142c3da250e243e7fb9d3cd99c761cb20333ecbcee320352b94c1afb11ec00,repo_file_state,projectStateDb (sync-project -> syncVersionControlState),versionControlLedger,Rebuilt from git ls-files + git status on each projectStateDb run
pm-console/src/test/java/solutions/pointzero/symphony/pm/console/PmConsoleMainTest.java,1,,1,3167,d952dda6f01bed643bca456e8eb5cd3e4eb54f4b8ebc83a8d855507697a031f7,repo_file_state,projectStateDb (sync-project -> syncVersionControlState),versionControlLedger,Rebuilt from git ls-files + git status on each projectStateDb run
pm-tools/build.gradle,1,,1,390,b45a96a1bb89b33ff3379fe301ef21bcf3af7cd97ab5d7048099660aee5137a9,repo_file_state,projectStateDb (sync-project -> syncVersionControlState),versionControlLedger,Rebuilt from git ls-files + git status on each projectStateDb run
pm-tools/src/main/java/solutions/pointzero/symphony/pm/tools/BoilerplateSyncWorkbookUpdater.java,1,,1,18283,20c3603fe10ea33dc3d48bb2e7b6a806c19df61bf19037c53ebe0ecbc68c7c3f,repo_file_state,projectStateDb (sync-project -> syncVersionControlState),versionControlLedger,Rebuilt from git ls-files + git status on each projectStateDb run
pm-tools/src/main/java/solutions/pointzero/symphony/pm/tools/PolicyGovernanceWorkbookUpdater.java,1,,1,5953,c42bff43bb409866e8ccc7745c45e745541e8296d080665f428830bbf8a8c53c,repo_file_state,projectStateDb (sync-project -> syncVersionControlState),versionControlLedger,Rebuilt from git ls-files + git status on each projectStateDb run
pm-tools/src/main/java/solutions/pointzero/symphony/pm/tools/ProjectPlanWorkbookUpdater.java,1,,1,19958,742c4d126692f7c6bbddb4eb6d7cc7f58efc9fc75eeeb7fdd9047c669fd81694,repo_file_state,projectStateDb (sync-project -> syncVersionControlState),versionControlLedger,Rebuilt from git ls-files + git status on each projectStateDb run
pm-tools/src/main/java/solutions/pointzero/symphony/pm/tools/StateDatabaseTool.java,1,,1,190823,535e6353c5b15d77762714ae57c2af5e15391411ea83d5ba2c58593d45e9d602,repo_file_state,projectStateDb (sync-project -> syncVersionControlState),versionControlLedger,Rebuilt from git ls-files + git status on each projectStateDb run
pm-tools/src/test/java/solutions/pointzero/symphony/pm/tools/StateDatabaseToolTest.java,1,,1,23928,2dcf359216242c61ffb9ee21a94338fb37f65af6a1a62314e8d95a292d687038,repo_file_state,projectStateDb (sync-project -> syncVersionControlState),versionControlLedger,Rebuilt from git ls-files + git status on each projectStateDb run
pm/checkpoints/20260218T180055Z-0.2.0-beta.1-initial-versioning-rollback/files/AI-POLICY.md,1,,1,7497,d84481aec27a60c4e8653a176deed8cd70f963779fa6c02de46bcd57dc599deb,repo_file_state,projectStateDb (sync-project -> syncVersionControlState),versionControlLedger,Rebuilt from git ls-files + git status on each projectStateDb run
pm/checkpoints/20260218T180055Z-0.2.0-beta.1-initial-versioning-rollback/files/README.md,1,,1,9572,834918b806714c9fbe13d25b80a5c8e69bcbf13ffd6f908536e9fb2a48f082d9,repo_file_state,projectStateDb (sync-project -> syncVersionControlState),versionControlLedger,Rebuilt from git ls-files + git status on each projectStateDb run
pm/checkpoints/20260218T180055Z-0.2.0-beta.1-initial-versioning-rollback/files/SESSION_CHANGELOG.md,1,,1,40996,d9d93d17d535e16f6b90e6695a14616f30193a93f0974bbffd08f82d4357aa6d,repo_file_state,projectStateDb (sync-project -> syncVersionControlState),versionControlLedger,Rebuilt from git ls-files + git status on each projectStateDb run
pm/checkpoints/20260218T180055Z-0.2.0-beta.1-initial-versioning-rollback/files/VERSION,1,,1,13,214374e4ab6ceb79d5fa5ff001fe9bbcbea31c3fd8c6bd42d48e7efaf6b2ce9f,repo_file_state,projectStateDb (sync-project -> syncVersionControlState),versionControlLedger,Rebuilt from git ls-files + git status on each projectStateDb run
pm/checkpoints/20260218T180055Z-0.2.0-beta.1-initial-versioning-rollback/files/build.gradle,1,,1,17717,ef073b2e8955cb9124763fc90dc1e92ae1aa5fca7f9c27248ab84254e429fdff,repo_file_state,projectStateDb (sync-project -> syncVersionControlState),versionControlLedger,Rebuilt from git ls-files + git status on each projectStateDb run
pm/checkpoints/20260218T180055Z-0.2.0-beta.1-initial-versioning-rollback/files/docs/API.md,1,,1,7604,8a8899762535f469313f1d9310f5a3ace7e1abd4de7da40b70dd6362df37ec71,repo_file_state,projectStateDb (sync-project -> syncVersionControlState),versionControlLedger,Rebuilt from git ls-files + git status on each projectStateDb run
pm/checkpoints/20260218T180055Z-0.2.0-beta.1-initial-versioning-rollback/files/docs/issues-log-template.csv,1,,1,275,344c8e1f896da05226f17ce1ccc16eedb36bd7924c13f7545a3c89f5b3c176ce,repo_file_state,projectStateDb (sync-project -> syncVersionControlState),versionControlLedger,Rebuilt from git ls-files + git status on each projectStateDb run
pm/checkpoints/20260218T180055Z-0.2.0-beta.1-initial-versioning-rollback/files/docs/issues-log.csv,1,,1,1390,0066f9e14b934cb42aa52a0ca60ba78e582db5293d2af46eaf4317629d36db4a,repo_file_state,projectStateDb (sync-project -> syncVersionControlState),versionControlLedger,Rebuilt from git ls-files + git status on each projectStateDb run
pm/checkpoints/20260218T180055Z-0.2.0-beta.1-initial-versioning-rollback/files/docs/project-plan-progress.csv,1,,1,4665,545c5c3d64c98450887409f99cfab6ad5449a3a36b1e8a59407f14d3aef2fb9e,repo_file_state,projectStateDb (sync-project -> syncVersionControlState),versionControlLedger,Rebuilt from git ls-files + git status on each projectStateDb run
pm/checkpoints/20260218T180055Z-0.2.0-beta.1-initial-versioning-rollback/files/docs/project-plan.md,1,,1,6800,532e84c9276f9c6a48517b797b13183650c5a800385b4db613f1199e9acd6634,repo_file_state,projectStateDb (sync-project -> syncVersionControlState),versionControlLedger,Rebuilt from git ls-files + git status on each projectStateDb run
pm/checkpoints/20260218T180055Z-0.2.0-beta.1-initial-versioning-rollback/files/preview/afp-diag.json,1,,1,14879,3646c33dad1546b12854c076ca1d358c9c7fc3d1edee2819f725d4ef5e77c4b1,repo_file_state,projectStateDb (sync-project -> syncVersionControlState),versionControlLedger,Rebuilt from git ls-files + git status on each projectStateDb run
pm/checkpoints/20260218T180055Z-0.2.0-beta.1-initial-versioning-rollback/files/preview/afp-meta.json,1,,1,58455,1fd6fd98bd19bfe7cca64d00056925cf08d949c9db012a6a6553768f21030d6e,repo_file_state,projectStateDb (sync-project -> syncVersionControlState),versionControlLedger,Rebuilt from git ls-files + git status on each projectStateDb run
pm/checkpoints/20260218T180055Z-0.2.0-beta.1-initial-versioning-rollback/files/preview/afp-output.html,1,,1,3461,f9028529313a32541fadf1c16ac3deb8f209a6970046bbe83a2805afa186ef9b,repo_file_state,projectStateDb (sync-project -> syncVersionControlState),versionControlLedger,Rebuilt from git ls-files + git status on each projectStateDb run
pm/checkpoints/20260218T180055Z-0.2.0-beta.1-initial-versioning-rollback/files/preview/fidelity-report.json,1,,1,2013,9cbf974dc9596d5db8a3a85ed1580aae384c09b007c03fa024bc12e11a49c06f,repo_file_state,projectStateDb (sync-project -> syncVersionControlState),versionControlLedger,Rebuilt from git ls-files + git status on each projectStateDb run
pm/checkpoints/20260218T180055Z-0.2.0-beta.1-initial-versioning-rollback/files/preview/issues-effectiveness.json,1,,1,1315,2d2fea35c60d34246adf601cb8d02001eec85c608b5280e18676b8526a0ec51b,repo_file_state,projectStateDb (sync-project -> syncVersionControlState),versionControlLedger,Rebuilt from git ls-files + git status on each projectStateDb run
pm/checkpoints/20260218T180055Z-0.2.0-beta.1-initial-versioning-rollback/files/preview/issues-log-tickle.json,1,,1,875,79d5eb972ad0b1f79f0efe7c203d716bb91455974ac14bcba54993095e31d059,repo_file_state,projectStateDb (sync-project -> syncVersionControlState),versionControlLedger,Rebuilt from git ls-files + git status on each projectStateDb run
pm/checkpoints/20260218T180055Z-0.2.0-beta.1-initial-versioning-rollback/files/preview/project-plan-next-step.json,1,,1,3787,f04da0af0dbcb13109df91d4fd4225636c74a5dd0b3c6ba721abade56bf2d7ff,repo_file_state,projectStateDb (sync-project -> syncVersionControlState),versionControlLedger,Rebuilt from git ls-files + git status on each projectStateDb run
pm/checkpoints/20260218T180055Z-0.2.0-beta.1-initial-versioning-rollback/files/preview/project-plan-progress-data.json,1,,1,8345,a3e4088bbc2978c6816059bed6ad812a62c664182fabde0009b6e04340922436,repo_file_state,projectStateDb (sync-project -> syncVersionControlState),versionControlLedger,Rebuilt from git ls-files + git status on each projectStateDb run
pm/checkpoints/20260218T180055Z-0.2.0-beta.1-initial-versioning-rollback/files/preview/version.json,1,,1,103,60cd96a07e2706cba05e1374bc90be7a271452094f574136715ae34a1ccabf55,repo_file_state,projectStateDb (sync-project -> syncVersionControlState),versionControlLedger,Rebuilt from git ls-files + git status on each projectStateDb run
pm/checkpoints/20260218T180055Z-0.2.0-beta.1-initial-versioning-rollback/files/settings.gradle,1,,1,79,b8be9525553bf2cfa0bbad17ba3d45f727bee714d0c9ae8757f3127a4de40003,repo_file_state,projectStateDb (sync-project -> syncVersionControlState),versionControlLedger,Rebuilt from git ls-files + git status on each projectStateDb run
pm/checkpoints/20260218T180055Z-0.2.0-beta.1-initial-versioning-rollback/manifest.json,1,,1,3806,e1ea32b9af0da9d9094d67a4a4d3c6f751d25fb63ef3b616c1e071a81d7b5e24,repo_file_state,projectStateDb (sync-project -> syncVersionControlState),versionControlLedger,Rebuilt from git ls-files + git status on each projectStateDb run
pm/checkpoints/20260218T214353Z-0.2.0-beta.1-policy-first-principles-governance-fix/files/AI-POLICY.md,1,,1,15505,009fe3e0c811dda0a3d3e053194271992bec27179c3a9a0bb1a1732dbc58967a,repo_file_state,projectStateDb (sync-project -> syncVersionControlState),versionControlLedger,Rebuilt from git ls-files + git status on each projectStateDb run
pm/checkpoints/20260218T214353Z-0.2.0-beta.1-policy-first-principles-governance-fix/files/README.md,1,,1,11869,0b9d1d10f131739b1aa0aef9f3bf890f04d1bc80c4ad720df931e4039be24bc4,repo_file_state,projectStateDb (sync-project -> syncVersionControlState),versionControlLedger,Rebuilt from git ls-files + git status on each projectStateDb run
pm/checkpoints/20260218T214353Z-0.2.0-beta.1-policy-first-principles-governance-fix/files/SESSION_CHANGELOG.md,1,,1,50702,f15b01105d7bcff103b8083ce6ad076731f9e0c71d62ca0883b2d0c5ba3dd599,repo_file_state,projectStateDb (sync-project -> syncVersionControlState),versionControlLedger,Rebuilt from git ls-files + git status on each projectStateDb run
pm/checkpoints/20260218T214353Z-0.2.0-beta.1-policy-first-principles-governance-fix/files/VERSION,1,,1,13,214374e4ab6ceb79d5fa5ff001fe9bbcbea31c3fd8c6bd42d48e7efaf6b2ce9f,repo_file_state,projectStateDb (sync-project -> syncVersionControlState),versionControlLedger,Rebuilt from git ls-files + git status on each projectStateDb run
pm/checkpoints/20260218T214353Z-0.2.0-beta.1-policy-first-principles-governance-fix/files/build.gradle,1,,1,24990,d590891a62f50d03829d08eebf14503b7e6fa1b59d44e54d69ca3c45f2fbbdc5,repo_file_state,projectStateDb (sync-project -> syncVersionControlState),versionControlLedger,Rebuilt from git ls-files + git status on each projectStateDb run
pm/checkpoints/20260218T214353Z-0.2.0-beta.1-policy-first-principles-governance-fix/files/docs/API.md,1,,1,7604,8a8899762535f469313f1d9310f5a3ace7e1abd4de7da40b70dd6362df37ec71,repo_file_state,projectStateDb (sync-project -> syncVersionControlState),versionControlLedger,Rebuilt from git ls-files + git status on each projectStateDb run
pm/checkpoints/20260218T214353Z-0.2.0-beta.1-policy-first-principles-governance-fix/files/docs/issues-log-template.csv,1,,1,275,344c8e1f896da05226f17ce1ccc16eedb36bd7924c13f7545a3c89f5b3c176ce,repo_file_state,projectStateDb (sync-project -> syncVersionControlState),versionControlLedger,Rebuilt from git ls-files + git status on each projectStateDb run
pm/checkpoints/20260218T214353Z-0.2.0-beta.1-policy-first-principles-governance-fix/files/docs/issues-log.csv,1,,1,5107,4eca7ff5807763a5169d7cc44eb7015462b10bf0fe2d7467ab987251487f9012,repo_file_state,projectStateDb (sync-project -> syncVersionControlState),versionControlLedger,Rebuilt from git ls-files + git status on each projectStateDb run
pm/checkpoints/20260218T214353Z-0.2.0-beta.1-policy-first-principles-governance-fix/files/docs/project-plan-progress.csv,1,,1,5322,9ac737fa4ab84708a3e533a26083c982a3951e7302ef57880ec193aaa2a47aad,repo_file_state,projectStateDb (sync-project -> syncVersionControlState),versionControlLedger,Rebuilt from git ls-files + git status on each projectStateDb run
pm/checkpoints/20260218T214353Z-0.2.0-beta.1-policy-first-principles-governance-fix/files/docs/project-plan.md,1,,1,6891,4e7f6e95637a345803f098d4f00ed37560ff4141830230ce2f998fd16e93061e,repo_file_state,projectStateDb (sync-project -> syncVersionControlState),versionControlLedger,Rebuilt from git ls-files + git status on each projectStateDb run
pm/checkpoints/20260218T214353Z-0.2.0-beta.1-policy-first-principles-governance-fix/files/docs/update-packages/README.md,1,,1,647,51fbae41fc90328204385b0332d3eb0ba87801a75f347d98fec8bfaa3ec1661c,repo_file_state,projectStateDb (sync-project -> syncVersionControlState),versionControlLedger,Rebuilt from git ls-files + git status on each projectStateDb run
pm/checkpoints/20260218T214353Z-0.2.0-beta.1-policy-first-principles-governance-fix/files/docs/update-packages/pz-boilerplate-intelliJ/2026-02-18-boilerplate-sync-triage-workbook/README.md,1,,1,715,3c883eb5a5ab2d5790bc4c1e5170afb67406b9b3beb1ae8c568f0b9f2c8d15a4,repo_file_state,projectStateDb (sync-project -> syncVersionControlState),versionControlLedger,Rebuilt from git ls-files + git status on each projectStateDb run
pm/checkpoints/20260218T214353Z-0.2.0-beta.1-policy-first-principles-governance-fix/files/docs/update-packages/pz-boilerplate-intelliJ/2026-02-18-boilerplate-sync-triage-workbook/apply-checklist.md,1,,1,964,80e4bc1b1d12505e04b8708f2e75b5c899e3aff8787c5f48be5f81a8a29b4e27,repo_file_state,projectStateDb (sync-project -> syncVersionControlState),versionControlLedger,Rebuilt from git ls-files + git status on each projectStateDb run
pm/checkpoints/20260218T214353Z-0.2.0-beta.1-policy-first-principles-governance-fix/files/docs/update-packages/pz-boilerplate-intelliJ/2026-02-18-boilerplate-sync-triage-workbook/fresh-session-prompt.md,1,,1,341,53c5e3a97385e418b0fcb631b4b72d926967e28c7209405004d80911960d47e4,repo_file_state,projectStateDb (sync-project -> syncVersionControlState),versionControlLedger,Rebuilt from git ls-files + git status on each projectStateDb run
pm/checkpoints/20260218T214353Z-0.2.0-beta.1-policy-first-principles-governance-fix/files/docs/update-packages/pz-boilerplate-intelliJ/2026-02-18-boilerplate-sync-triage-workbook/templates/build-gradle-snippets.md,1,,1,2644,0be55ecb63d9a9ab4c906f2fcc721090d9be29a7cf6fc748b73a80cdcc96f2c6,repo_file_state,projectStateDb (sync-project -> syncVersionControlState),versionControlLedger,Rebuilt from git ls-files + git status on each projectStateDb run
pm/checkpoints/20260218T214353Z-0.2.0-beta.1-policy-first-principles-governance-fix/files/docs/update-packages/pz-boilerplate-intelliJ/2026-02-18-boilerplate-sync-triage-workbook/templates/policy-readme-snippets.md,1,,1,544,ed2919736404428a8fec4d5f9d485a6fe3a04499b5ebd8c782c7de43ede8acf9,repo_file_state,projectStateDb (sync-project -> syncVersionControlState),versionControlLedger,Rebuilt from git ls-files + git status on each projectStateDb run
pm/checkpoints/20260218T214353Z-0.2.0-beta.1-policy-first-principles-governance-fix/files/docs/update-packages/pz-boilerplate-intelliJ/2026-02-18-consolidated-framework-sync/README.md,1,,1,947,1b139f93d20e267115fbc052eff0097dee08d900e7871ff7668c9f1ca4e50b03,repo_file_state,projectStateDb (sync-project -> syncVersionControlState),versionControlLedger,Rebuilt from git ls-files + git status on each projectStateDb run
pm/checkpoints/20260218T214353Z-0.2.0-beta.1-policy-first-principles-governance-fix/files/docs/update-packages/pz-boilerplate-intelliJ/2026-02-18-consolidated-framework-sync/apply-checklist.md,1,,1,1258,dbe8e14adfd686efce1a4ca0336c9c3e6b96976554f675cd8becbc56a0d73ee7,repo_file_state,projectStateDb (sync-project -> syncVersionControlState),versionControlLedger,Rebuilt from git ls-files + git status on each projectStateDb run
pm/checkpoints/20260218T214353Z-0.2.0-beta.1-policy-first-principles-governance-fix/files/docs/update-packages/pz-boilerplate-intelliJ/2026-02-18-consolidated-framework-sync/fresh-session-prompt.md,1,,1,498,8c97e855a5a617256d9c6fe637f6c69e6bf4a2077175621677caf5b7b9129f79,repo_file_state,projectStateDb (sync-project -> syncVersionControlState),versionControlLedger,Rebuilt from git ls-files + git status on each projectStateDb run
pm/checkpoints/20260218T214353Z-0.2.0-beta.1-policy-first-principles-governance-fix/files/docs/update-packages/pz-boilerplate-intelliJ/2026-02-18-consolidated-framework-sync/templates/changelog-entry.md,1,,1,320,03cd0ab4670073728606694553fb8bfd448c74e3a7e1fa5d124e04e7f568ac99,repo_file_state,projectStateDb (sync-project -> syncVersionControlState),versionControlLedger,Rebuilt from git ls-files + git status on each projectStateDb run
pm/checkpoints/20260218T214353Z-0.2.0-beta.1-policy-first-principles-governance-fix/files/docs/update-packages/pz-boilerplate-intelliJ/2026-02-18-project-level-rollback-governance-log-sync/README.md,1,,1,832,f509387141904b9c73fd7e4ac77b112ce790f8900ab3453e2b15c22969d1e05b,repo_file_state,projectStateDb (sync-project -> syncVersionControlState),versionControlLedger,Rebuilt from git ls-files + git status on each projectStateDb run
pm/checkpoints/20260218T214353Z-0.2.0-beta.1-policy-first-principles-governance-fix/files/docs/update-packages/pz-boilerplate-intelliJ/2026-02-18-project-level-rollback-governance-log-sync/apply-checklist.md,1,,1,866,ca20cb5d68edaca0713cfd2fac92ae49a810fba48a09308f8685bd4f7a270878,repo_file_state,projectStateDb (sync-project -> syncVersionControlState),versionControlLedger,Rebuilt from git ls-files + git status on each projectStateDb run
pm/checkpoints/20260218T214353Z-0.2.0-beta.1-policy-first-principles-governance-fix/files/docs/update-packages/pz-boilerplate-intelliJ/2026-02-18-project-level-rollback-governance-log-sync/fresh-session-prompt.md,1,,1,508,d6742ca82c20a431486fe11e87b62889896cd9b6ac53e193150ff1b7c9d098fc,repo_file_state,projectStateDb (sync-project -> syncVersionControlState),versionControlLedger,Rebuilt from git ls-files + git status on each projectStateDb run
pm/checkpoints/20260218T214353Z-0.2.0-beta.1-policy-first-principles-governance-fix/files/docs/update-packages/pz-boilerplate-intelliJ/2026-02-18-project-level-rollback-governance-log-sync/templates/process-evolution-entry.md,1,,1,347,0482dccc000409a4ceec06c2b7d906ddcaa187f6919acb0d06c984e22176ea15,repo_file_state,projectStateDb (sync-project -> syncVersionControlState),versionControlLedger,Rebuilt from git ls-files + git status on each projectStateDb run
pm/checkpoints/20260218T214353Z-0.2.0-beta.1-policy-first-principles-governance-fix/files/docs/update-packages/pz-boilerplate-intelliJ/2026-02-18-project-level-rollback-governance-log-sync/templates/session-changelog-entry.md,1,,1,400,d9abe6283afd29a9387b2e34e8059e6128f4bb824cbe998915d280ff61e12ab7,repo_file_state,projectStateDb (sync-project -> syncVersionControlState),versionControlLedger,Rebuilt from git ls-files + git status on each projectStateDb run
pm/checkpoints/20260218T214353Z-0.2.0-beta.1-policy-first-principles-governance-fix/files/docs/update-packages/pz-boilerplate-intelliJ/2026-02-18-project-level-rollback-governance/README.md,1,,1,960,873f815046bb80b32ca8ef159e01b08bc516cfcfbabee8f81c06427b54617dfc,repo_file_state,projectStateDb (sync-project -> syncVersionControlState),versionControlLedger,Rebuilt from git ls-files + git status on each projectStateDb run
pm/checkpoints/20260218T214353Z-0.2.0-beta.1-policy-first-principles-governance-fix/files/docs/update-packages/pz-boilerplate-intelliJ/2026-02-18-project-level-rollback-governance/apply-checklist.md,1,,1,1253,abd11a399b37cecc1dda33507f1bb0a04488ff022806f52163cf48286a467528,repo_file_state,projectStateDb (sync-project -> syncVersionControlState),versionControlLedger,Rebuilt from git ls-files + git status on each projectStateDb run
pm/checkpoints/20260218T214353Z-0.2.0-beta.1-policy-first-principles-governance-fix/files/docs/update-packages/pz-boilerplate-intelliJ/2026-02-18-project-level-rollback-governance/fresh-session-prompt.md,1,,1,635,67e5e1977c95857f3f491ebfd1769cfd4fb55798022d571f0ea056d705f92c5a,repo_file_state,projectStateDb (sync-project -> syncVersionControlState),versionControlLedger,Rebuilt from git ls-files + git status on each projectStateDb run
pm/checkpoints/20260218T214353Z-0.2.0-beta.1-policy-first-principles-governance-fix/files/docs/update-packages/pz-boilerplate-intelliJ/2026-02-18-sqlite-state-tooling/README.md,1,,1,860,76cbc2f6c8ca4c9de676cd0ec632e08396cd94d841caef2ca2295447c9b26281,repo_file_state,projectStateDb (sync-project -> syncVersionControlState),versionControlLedger,Rebuilt from git ls-files + git status on each projectStateDb run
pm/checkpoints/20260218T214353Z-0.2.0-beta.1-policy-first-principles-governance-fix/files/docs/update-packages/pz-boilerplate-intelliJ/2026-02-18-sqlite-state-tooling/apply-checklist.md,1,,1,444,fef5d5e33f8d185596fb9d955170b1b5e04eee3d0b692a3be6d49a7f271a1e2a,repo_file_state,projectStateDb (sync-project -> syncVersionControlState),versionControlLedger,Rebuilt from git ls-files + git status on each projectStateDb run
pm/checkpoints/20260218T214353Z-0.2.0-beta.1-policy-first-principles-governance-fix/files/docs/update-packages/pz-boilerplate-intelliJ/2026-02-18-sqlite-state-tooling/fresh-session-prompt.md,1,,1,575,f8fdb28bc5f77bab09d7ecc9067f44d5f9cc66bc16387b696ace47e31e86197f,repo_file_state,projectStateDb (sync-project -> syncVersionControlState),versionControlLedger,Rebuilt from git ls-files + git status on each projectStateDb run
pm/checkpoints/20260218T214353Z-0.2.0-beta.1-policy-first-principles-governance-fix/files/docs/update-packages/pz-boilerplate-intelliJ/2026-02-18-workbook-change-driven-guard/README.md,1,,1,763,954309b284dc363469a56533c38a40032379fe07599e6a843fbfd189f393fb1c,repo_file_state,projectStateDb (sync-project -> syncVersionControlState),versionControlLedger,Rebuilt from git ls-files + git status on each projectStateDb run
pm/checkpoints/20260218T214353Z-0.2.0-beta.1-policy-first-principles-governance-fix/files/docs/update-packages/pz-boilerplate-intelliJ/2026-02-18-workbook-change-driven-guard/apply-checklist.md,1,,1,1138,3d389a818bc39e7217093091ff06c9d8097952ac5ac2d78cff756ea679456375,repo_file_state,projectStateDb (sync-project -> syncVersionControlState),versionControlLedger,Rebuilt from git ls-files + git status on each projectStateDb run
pm/checkpoints/20260218T214353Z-0.2.0-beta.1-policy-first-principles-governance-fix/files/docs/update-packages/pz-boilerplate-intelliJ/2026-02-18-workbook-change-driven-guard/fresh-session-prompt.md,1,,1,416,bd46a4e240bfb04f640b3d0a446e36703ce0eca84e98205c67381c69f3237493,repo_file_state,projectStateDb (sync-project -> syncVersionControlState),versionControlLedger,Rebuilt from git ls-files + git status on each projectStateDb run
pm/checkpoints/20260218T214353Z-0.2.0-beta.1-policy-first-principles-governance-fix/files/preview/afp-diag.json,1,,1,15099,04209528b5afdc43fc8327bf632a433aa980391321e35118a820bfb9f22f2708,repo_file_state,projectStateDb (sync-project -> syncVersionControlState),versionControlLedger,Rebuilt from git ls-files + git status on each projectStateDb run
pm/checkpoints/20260218T214353Z-0.2.0-beta.1-policy-first-principles-governance-fix/files/preview/afp-meta.json,1,,1,58675,360c0e3657b4af2b676c5b6f2e2291a15b9672b0a8a613221366b690fd34b7db,repo_file_state,projectStateDb (sync-project -> syncVersionControlState),versionControlLedger,Rebuilt from git ls-files + git status on each projectStateDb run
pm/checkpoints/20260218T214353Z-0.2.0-beta.1-policy-first-principles-governance-fix/files/preview/afp-output.html,1,,1,3461,f9028529313a32541fadf1c16ac3deb8f209a6970046bbe83a2805afa186ef9b,repo_file_state,projectStateDb (sync-project -> syncVersionControlState),versionControlLedger,Rebuilt from git ls-files + git status on each projectStateDb run
pm/checkpoints/20260218T214353Z-0.2.0-beta.1-policy-first-principles-governance-fix/files/preview/fidelity-report.json,1,,1,2013,b51069baeaa915c7472f97405b1339c44a5aa12ba00c64f3483a294b2ebc6171,repo_file_state,projectStateDb (sync-project -> syncVersionControlState),versionControlLedger,Rebuilt from git ls-files + git status on each projectStateDb run
pm/checkpoints/20260218T214353Z-0.2.0-beta.1-policy-first-principles-governance-fix/files/preview/issues-effectiveness.json,1,,1,1976,6ad8962df4279e394a4cd2ccdf0411883000ebaee2d4c36f8be041a127bf60c2,repo_file_state,projectStateDb (sync-project -> syncVersionControlState),versionControlLedger,Rebuilt from git ls-files + git status on each projectStateDb run
pm/checkpoints/20260218T214353Z-0.2.0-beta.1-policy-first-principles-governance-fix/files/preview/issues-log-tickle.json,1,,1,960,dea49db67d9d7f2ea6fe3b3c88f6433ae87ea2dae6a8cd9aee24d4f821724cb8,repo_file_state,projectStateDb (sync-project -> syncVersionControlState),versionControlLedger,Rebuilt from git ls-files + git status on each projectStateDb run
pm/checkpoints/20260218T214353Z-0.2.0-beta.1-policy-first-principles-governance-fix/files/preview/project-plan-next-step.json,1,,1,3755,978b20219e997f7395df0a1b17653f9e6ec5af0959b643bf5d445e346c22c38f,repo_file_state,projectStateDb (sync-project -> syncVersionControlState),versionControlLedger,Rebuilt from git ls-files + git status on each projectStateDb run
pm/checkpoints/20260218T214353Z-0.2.0-beta.1-policy-first-principles-governance-fix/files/preview/project-plan-progress-data.json,1,,1,9132,3796464430222064ad8a262d1e7d2cd1f36f7ddc61e0a0af82e6aa18662456e6,repo_file_state,projectStateDb (sync-project -> syncVersionControlState),versionControlLedger,Rebuilt from git ls-files + git status on each projectStateDb run
pm/checkpoints/20260218T214353Z-0.2.0-beta.1-policy-first-principles-governance-fix/files/preview/version.json,1,,1,103,b1adf14d4db767f67818fbe93f38ef536cbef1ffac652ced213a6356a533feee,repo_file_state,projectStateDb (sync-project -> syncVersionControlState),versionControlLedger,Rebuilt from git ls-files + git status on each projectStateDb run
pm/checkpoints/20260218T214353Z-0.2.0-beta.1-policy-first-principles-governance-fix/files/preview/workbook-refresh-status.json,1,,1,96,da893a9d602c4b0508338ba3e4d68b59fdd719129a918860fea05098d8091968,repo_file_state,projectStateDb (sync-project -> syncVersionControlState),versionControlLedger,Rebuilt from git ls-files + git status on each projectStateDb run
pm/checkpoints/20260218T214353Z-0.2.0-beta.1-policy-first-principles-governance-fix/files/settings.gradle,1,,1,92,51df8722e091c0915963776389e7409938908ffa7944676c50d8846cde34865c,repo_file_state,projectStateDb (sync-project -> syncVersionControlState),versionControlLedger,Rebuilt from git ls-files + git status on each projectStateDb run
pm/checkpoints/20260218T214353Z-0.2.0-beta.1-policy-first-principles-governance-fix/manifest.json,1,,1,10418,9f811e3b71c0c6dbcfcfdd00f2d60c074d6da245cab5c860793705b43de3fab6,repo_file_state,projectStateDb (sync-project -> syncVersionControlState),versionControlLedger,Rebuilt from git ls-files + git status on each projectStateDb run
pm/checkpoints/20260218T214702Z-0.2.0-beta.1-governance-events-workbook/files/AI-POLICY.md,1,,1,15505,009fe3e0c811dda0a3d3e053194271992bec27179c3a9a0bb1a1732dbc58967a,repo_file_state,projectStateDb (sync-project -> syncVersionControlState),versionControlLedger,Rebuilt from git ls-files + git status on each projectStateDb run
pm/checkpoints/20260218T214702Z-0.2.0-beta.1-governance-events-workbook/files/README.md,1,,1,11869,0b9d1d10f131739b1aa0aef9f3bf890f04d1bc80c4ad720df931e4039be24bc4,repo_file_state,projectStateDb (sync-project -> syncVersionControlState),versionControlLedger,Rebuilt from git ls-files + git status on each projectStateDb run
pm/checkpoints/20260218T214702Z-0.2.0-beta.1-governance-events-workbook/files/SESSION_CHANGELOG.md,1,,1,50702,f15b01105d7bcff103b8083ce6ad076731f9e0c71d62ca0883b2d0c5ba3dd599,repo_file_state,projectStateDb (sync-project -> syncVersionControlState),versionControlLedger,Rebuilt from git ls-files + git status on each projectStateDb run
pm/checkpoints/20260218T214702Z-0.2.0-beta.1-governance-events-workbook/files/VERSION,1,,1,13,214374e4ab6ceb79d5fa5ff001fe9bbcbea31c3fd8c6bd42d48e7efaf6b2ce9f,repo_file_state,projectStateDb (sync-project -> syncVersionControlState),versionControlLedger,Rebuilt from git ls-files + git status on each projectStateDb run
pm/checkpoints/20260218T214702Z-0.2.0-beta.1-governance-events-workbook/files/build.gradle,1,,1,24990,d590891a62f50d03829d08eebf14503b7e6fa1b59d44e54d69ca3c45f2fbbdc5,repo_file_state,projectStateDb (sync-project -> syncVersionControlState),versionControlLedger,Rebuilt from git ls-files + git status on each projectStateDb run
pm/checkpoints/20260218T214702Z-0.2.0-beta.1-governance-events-workbook/files/docs/API.md,1,,1,7604,8a8899762535f469313f1d9310f5a3ace7e1abd4de7da40b70dd6362df37ec71,repo_file_state,projectStateDb (sync-project -> syncVersionControlState),versionControlLedger,Rebuilt from git ls-files + git status on each projectStateDb run
pm/checkpoints/20260218T214702Z-0.2.0-beta.1-governance-events-workbook/files/docs/issues-log-template.csv,1,,1,275,344c8e1f896da05226f17ce1ccc16eedb36bd7924c13f7545a3c89f5b3c176ce,repo_file_state,projectStateDb (sync-project -> syncVersionControlState),versionControlLedger,Rebuilt from git ls-files + git status on each projectStateDb run
pm/checkpoints/20260218T214702Z-0.2.0-beta.1-governance-events-workbook/files/docs/issues-log.csv,1,,1,5107,4eca7ff5807763a5169d7cc44eb7015462b10bf0fe2d7467ab987251487f9012,repo_file_state,projectStateDb (sync-project -> syncVersionControlState),versionControlLedger,Rebuilt from git ls-files + git status on each projectStateDb run
pm/checkpoints/20260218T214702Z-0.2.0-beta.1-governance-events-workbook/files/docs/project-plan-progress.csv,1,,1,5322,9ac737fa4ab84708a3e533a26083c982a3951e7302ef57880ec193aaa2a47aad,repo_file_state,projectStateDb (sync-project -> syncVersionControlState),versionControlLedger,Rebuilt from git ls-files + git status on each projectStateDb run
pm/checkpoints/20260218T214702Z-0.2.0-beta.1-governance-events-workbook/files/docs/project-plan.md,1,,1,6891,4e7f6e95637a345803f098d4f00ed37560ff4141830230ce2f998fd16e93061e,repo_file_state,projectStateDb (sync-project -> syncVersionControlState),versionControlLedger,Rebuilt from git ls-files + git status on each projectStateDb run
pm/checkpoints/20260218T214702Z-0.2.0-beta.1-governance-events-workbook/files/docs/update-packages/README.md,1,,1,647,51fbae41fc90328204385b0332d3eb0ba87801a75f347d98fec8bfaa3ec1661c,repo_file_state,projectStateDb (sync-project -> syncVersionControlState),versionControlLedger,Rebuilt from git ls-files + git status on each projectStateDb run
pm/checkpoints/20260218T214702Z-0.2.0-beta.1-governance-events-workbook/files/docs/update-packages/pz-boilerplate-intelliJ/2026-02-18-boilerplate-sync-triage-workbook/README.md,1,,1,715,3c883eb5a5ab2d5790bc4c1e5170afb67406b9b3beb1ae8c568f0b9f2c8d15a4,repo_file_state,projectStateDb (sync-project -> syncVersionControlState),versionControlLedger,Rebuilt from git ls-files + git status on each projectStateDb run
pm/checkpoints/20260218T214702Z-0.2.0-beta.1-governance-events-workbook/files/docs/update-packages/pz-boilerplate-intelliJ/2026-02-18-boilerplate-sync-triage-workbook/apply-checklist.md,1,,1,964,80e4bc1b1d12505e04b8708f2e75b5c899e3aff8787c5f48be5f81a8a29b4e27,repo_file_state,projectStateDb (sync-project -> syncVersionControlState),versionControlLedger,Rebuilt from git ls-files + git status on each projectStateDb run
pm/checkpoints/20260218T214702Z-0.2.0-beta.1-governance-events-workbook/files/docs/update-packages/pz-boilerplate-intelliJ/2026-02-18-boilerplate-sync-triage-workbook/fresh-session-prompt.md,1,,1,341,53c5e3a97385e418b0fcb631b4b72d926967e28c7209405004d80911960d47e4,repo_file_state,projectStateDb (sync-project -> syncVersionControlState),versionControlLedger,Rebuilt from git ls-files + git status on each projectStateDb run
pm/checkpoints/20260218T214702Z-0.2.0-beta.1-governance-events-workbook/files/docs/update-packages/pz-boilerplate-intelliJ/2026-02-18-boilerplate-sync-triage-workbook/templates/build-gradle-snippets.md,1,,1,2644,0be55ecb63d9a9ab4c906f2fcc721090d9be29a7cf6fc748b73a80cdcc96f2c6,repo_file_state,projectStateDb (sync-project -> syncVersionControlState),versionControlLedger,Rebuilt from git ls-files + git status on each projectStateDb run
pm/checkpoints/20260218T214702Z-0.2.0-beta.1-governance-events-workbook/files/docs/update-packages/pz-boilerplate-intelliJ/2026-02-18-boilerplate-sync-triage-workbook/templates/policy-readme-snippets.md,1,,1,544,ed2919736404428a8fec4d5f9d485a6fe3a04499b5ebd8c782c7de43ede8acf9,repo_file_state,projectStateDb (sync-project -> syncVersionControlState),versionControlLedger,Rebuilt from git ls-files + git status on each projectStateDb run
pm/checkpoints/20260218T214702Z-0.2.0-beta.1-governance-events-workbook/files/docs/update-packages/pz-boilerplate-intelliJ/2026-02-18-consolidated-framework-sync/README.md,1,,1,947,1b139f93d20e267115fbc052eff0097dee08d900e7871ff7668c9f1ca4e50b03,repo_file_state,projectStateDb (sync-project -> syncVersionControlState),versionControlLedger,Rebuilt from git ls-files + git status on each projectStateDb run
pm/checkpoints/20260218T214702Z-0.2.0-beta.1-governance-events-workbook/files/docs/update-packages/pz-boilerplate-intelliJ/2026-02-18-consolidated-framework-sync/apply-checklist.md,1,,1,1258,dbe8e14adfd686efce1a4ca0336c9c3e6b96976554f675cd8becbc56a0d73ee7,repo_file_state,projectStateDb (sync-project -> syncVersionControlState),versionControlLedger,Rebuilt from git ls-files + git status on each projectStateDb run
pm/checkpoints/20260218T214702Z-0.2.0-beta.1-governance-events-workbook/files/docs/update-packages/pz-boilerplate-intelliJ/2026-02-18-consolidated-framework-sync/fresh-session-prompt.md,1,,1,498,8c97e855a5a617256d9c6fe637f6c69e6bf4a2077175621677caf5b7b9129f79,repo_file_state,projectStateDb (sync-project -> syncVersionControlState),versionControlLedger,Rebuilt from git ls-files + git status on each projectStateDb run
pm/checkpoints/20260218T214702Z-0.2.0-beta.1-governance-events-workbook/files/docs/update-packages/pz-boilerplate-intelliJ/2026-02-18-consolidated-framework-sync/templates/changelog-entry.md,1,,1,320,03cd0ab4670073728606694553fb8bfd448c74e3a7e1fa5d124e04e7f568ac99,repo_file_state,projectStateDb (sync-project -> syncVersionControlState),versionControlLedger,Rebuilt from git ls-files + git status on each projectStateDb run
pm/checkpoints/20260218T214702Z-0.2.0-beta.1-governance-events-workbook/files/docs/update-packages/pz-boilerplate-intelliJ/2026-02-18-project-level-rollback-governance-log-sync/README.md,1,,1,832,f509387141904b9c73fd7e4ac77b112ce790f8900ab3453e2b15c22969d1e05b,repo_file_state,projectStateDb (sync-project -> syncVersionControlState),versionControlLedger,Rebuilt from git ls-files + git status on each projectStateDb run
pm/checkpoints/20260218T214702Z-0.2.0-beta.1-governance-events-workbook/files/docs/update-packages/pz-boilerplate-intelliJ/2026-02-18-project-level-rollback-governance-log-sync/apply-checklist.md,1,,1,866,ca20cb5d68edaca0713cfd2fac92ae49a810fba48a09308f8685bd4f7a270878,repo_file_state,projectStateDb (sync-project -> syncVersionControlState),versionControlLedger,Rebuilt from git ls-files + git status on each projectStateDb run
pm/checkpoints/20260218T214702Z-0.2.0-beta.1-governance-events-workbook/files/docs/update-packages/pz-boilerplate-intelliJ/2026-02-18-project-level-rollback-governance-log-sync/fresh-session-prompt.md,1,,1,508,d6742ca82c20a431486fe11e87b62889896cd9b6ac53e193150ff1b7c9d098fc,repo_file_state,projectStateDb (sync-project -> syncVersionControlState),versionControlLedger,Rebuilt from git ls-files + git status on each projectStateDb run
pm/checkpoints/20260218T214702Z-0.2.0-beta.1-governance-events-workbook/files/docs/update-packages/pz-boilerplate-intelliJ/2026-02-18-project-level-rollback-governance-log-sync/templates/process-evolution-entry.md,1,,1,347,0482dccc000409a4ceec06c2b7d906ddcaa187f6919acb0d06c984e22176ea15,repo_file_state,projectStateDb (sync-project -> syncVersionControlState),versionControlLedger,Rebuilt from git ls-files + git status on each projectStateDb run
pm/checkpoints/20260218T214702Z-0.2.0-beta.1-governance-events-workbook/files/docs/update-packages/pz-boilerplate-intelliJ/2026-02-18-project-level-rollback-governance-log-sync/templates/session-changelog-entry.md,1,,1,400,d9abe6283afd29a9387b2e34e8059e6128f4bb824cbe998915d280ff61e12ab7,repo_file_state,projectStateDb (sync-project -> syncVersionControlState),versionControlLedger,Rebuilt from git ls-files + git status on each projectStateDb run
pm/checkpoints/20260218T214702Z-0.2.0-beta.1-governance-events-workbook/files/docs/update-packages/pz-boilerplate-intelliJ/2026-02-18-project-level-rollback-governance/README.md,1,,1,960,873f815046bb80b32ca8ef159e01b08bc516cfcfbabee8f81c06427b54617dfc,repo_file_state,projectStateDb (sync-project -> syncVersionControlState),versionControlLedger,Rebuilt from git ls-files + git status on each projectStateDb run
pm/checkpoints/20260218T214702Z-0.2.0-beta.1-governance-events-workbook/files/docs/update-packages/pz-boilerplate-intelliJ/2026-02-18-project-level-rollback-governance/apply-checklist.md,1,,1,1253,abd11a399b37cecc1dda33507f1bb0a04488ff022806f52163cf48286a467528,repo_file_state,projectStateDb (sync-project -> syncVersionControlState),versionControlLedger,Rebuilt from git ls-files + git status on each projectStateDb run
pm/checkpoints/20260218T214702Z-0.2.0-beta.1-governance-events-workbook/files/docs/update-packages/pz-boilerplate-intelliJ/2026-02-18-project-level-rollback-governance/fresh-session-prompt.md,1,,1,635,67e5e1977c95857f3f491ebfd1769cfd4fb55798022d571f0ea056d705f92c5a,repo_file_state,projectStateDb (sync-project -> syncVersionControlState),versionControlLedger,Rebuilt from git ls-files + git status on each projectStateDb run
pm/checkpoints/20260218T214702Z-0.2.0-beta.1-governance-events-workbook/files/docs/update-packages/pz-boilerplate-intelliJ/2026-02-18-sqlite-state-tooling/README.md,1,,1,860,76cbc2f6c8ca4c9de676cd0ec632e08396cd94d841caef2ca2295447c9b26281,repo_file_state,projectStateDb (sync-project -> syncVersionControlState),versionControlLedger,Rebuilt from git ls-files + git status on each projectStateDb run
pm/checkpoints/20260218T214702Z-0.2.0-beta.1-governance-events-workbook/files/docs/update-packages/pz-boilerplate-intelliJ/2026-02-18-sqlite-state-tooling/apply-checklist.md,1,,1,444,fef5d5e33f8d185596fb9d955170b1b5e04eee3d0b692a3be6d49a7f271a1e2a,repo_file_state,projectStateDb (sync-project -> syncVersionControlState),versionControlLedger,Rebuilt from git ls-files + git status on each projectStateDb run
pm/checkpoints/20260218T214702Z-0.2.0-beta.1-governance-events-workbook/files/docs/update-packages/pz-boilerplate-intelliJ/2026-02-18-sqlite-state-tooling/fresh-session-prompt.md,1,,1,575,f8fdb28bc5f77bab09d7ecc9067f44d5f9cc66bc16387b696ace47e31e86197f,repo_file_state,projectStateDb (sync-project -> syncVersionControlState),versionControlLedger,Rebuilt from git ls-files + git status on each projectStateDb run
pm/checkpoints/20260218T214702Z-0.2.0-beta.1-governance-events-workbook/files/docs/update-packages/pz-boilerplate-intelliJ/2026-02-18-workbook-change-driven-guard/README.md,1,,1,763,954309b284dc363469a56533c38a40032379fe07599e6a843fbfd189f393fb1c,repo_file_state,projectStateDb (sync-project -> syncVersionControlState),versionControlLedger,Rebuilt from git ls-files + git status on each projectStateDb run
pm/checkpoints/20260218T214702Z-0.2.0-beta.1-governance-events-workbook/files/docs/update-packages/pz-boilerplate-intelliJ/2026-02-18-workbook-change-driven-guard/apply-checklist.md,1,,1,1138,3d389a818bc39e7217093091ff06c9d8097952ac5ac2d78cff756ea679456375,repo_file_state,projectStateDb (sync-project -> syncVersionControlState),versionControlLedger,Rebuilt from git ls-files + git status on each projectStateDb run
pm/checkpoints/20260218T214702Z-0.2.0-beta.1-governance-events-workbook/files/docs/update-packages/pz-boilerplate-intelliJ/2026-02-18-workbook-change-driven-guard/fresh-session-prompt.md,1,,1,416,bd46a4e240bfb04f640b3d0a446e36703ce0eca84e98205c67381c69f3237493,repo_file_state,projectStateDb (sync-project -> syncVersionControlState),versionControlLedger,Rebuilt from git ls-files + git status on each projectStateDb run
pm/checkpoints/20260218T214702Z-0.2.0-beta.1-governance-events-workbook/files/preview/afp-diag.json,1,,1,15099,04209528b5afdc43fc8327bf632a433aa980391321e35118a820bfb9f22f2708,repo_file_state,projectStateDb (sync-project -> syncVersionControlState),versionControlLedger,Rebuilt from git ls-files + git status on each projectStateDb run
pm/checkpoints/20260218T214702Z-0.2.0-beta.1-governance-events-workbook/files/preview/afp-meta.json,1,,1,58675,360c0e3657b4af2b676c5b6f2e2291a15b9672b0a8a613221366b690fd34b7db,repo_file_state,projectStateDb (sync-project -> syncVersionControlState),versionControlLedger,Rebuilt from git ls-files + git status on each projectStateDb run
pm/checkpoints/20260218T214702Z-0.2.0-beta.1-governance-events-workbook/files/preview/afp-output.html,1,,1,3461,f9028529313a32541fadf1c16ac3deb8f209a6970046bbe83a2805afa186ef9b,repo_file_state,projectStateDb (sync-project -> syncVersionControlState),versionControlLedger,Rebuilt from git ls-files + git status on each projectStateDb run
pm/checkpoints/20260218T214702Z-0.2.0-beta.1-governance-events-workbook/files/preview/fidelity-report.json,1,,1,2013,b51069baeaa915c7472f97405b1339c44a5aa12ba00c64f3483a294b2ebc6171,repo_file_state,projectStateDb (sync-project -> syncVersionControlState),versionControlLedger,Rebuilt from git ls-files + git status on each projectStateDb run
pm/checkpoints/20260218T214702Z-0.2.0-beta.1-governance-events-workbook/files/preview/issues-effectiveness.json,1,,1,2274,39b54f2c45083ba46d7bb5714fc7c79d1ac59acec0617af0c0fc893b91ac975c,repo_file_state,projectStateDb (sync-project -> syncVersionControlState),versionControlLedger,Rebuilt from git ls-files + git status on each projectStateDb run
pm/checkpoints/20260218T214702Z-0.2.0-beta.1-governance-events-workbook/files/preview/issues-log-tickle.json,1,,1,1258,60b98769cecce2acb8122d992b1645891dc71994601fa7450682b8f637167732,repo_file_state,projectStateDb (sync-project -> syncVersionControlState),versionControlLedger,Rebuilt from git ls-files + git status on each projectStateDb run
pm/checkpoints/20260218T214702Z-0.2.0-beta.1-governance-events-workbook/files/preview/project-plan-next-step.json,1,,1,3755,82651caa481068260667817b08e9a930a04f2abecc3e6fd1335d7a5cd799ae0e,repo_file_state,projectStateDb (sync-project -> syncVersionControlState),versionControlLedger,Rebuilt from git ls-files + git status on each projectStateDb run
pm/checkpoints/20260218T214702Z-0.2.0-beta.1-governance-events-workbook/files/preview/project-plan-progress-data.json,1,,1,9132,70a35b881cd87e33158107da01b67cb60823b6f2d4329517169da147d1935306,repo_file_state,projectStateDb (sync-project -> syncVersionControlState),versionControlLedger,Rebuilt from git ls-files + git status on each projectStateDb run
pm/checkpoints/20260218T214702Z-0.2.0-beta.1-governance-events-workbook/files/preview/version.json,1,,1,103,d76c283d8eecd847d35abe51f2b34b2407fd13590382d7f3efe5882800873a90,repo_file_state,projectStateDb (sync-project -> syncVersionControlState),versionControlLedger,Rebuilt from git ls-files + git status on each projectStateDb run
pm/checkpoints/20260218T214702Z-0.2.0-beta.1-governance-events-workbook/files/preview/workbook-refresh-status.json,1,,1,96,da893a9d602c4b0508338ba3e4d68b59fdd719129a918860fea05098d8091968,repo_file_state,projectStateDb (sync-project -> syncVersionControlState),versionControlLedger,Rebuilt from git ls-files + git status on each projectStateDb run
pm/checkpoints/20260218T214702Z-0.2.0-beta.1-governance-events-workbook/files/settings.gradle,1,,1,92,51df8722e091c0915963776389e7409938908ffa7944676c50d8846cde34865c,repo_file_state,projectStateDb (sync-project -> syncVersionControlState),versionControlLedger,Rebuilt from git ls-files + git status on each projectStateDb run
pm/checkpoints/20260218T214702Z-0.2.0-beta.1-governance-events-workbook/manifest.json,1,,1,10395,cc427b72384e39c66a36158e216cdca3b1735cb25ecde2d1cfe2c0adbc14c471,repo_file_state,projectStateDb (sync-project -> syncVersionControlState),versionControlLedger,Rebuilt from git ls-files + git status on each projectStateDb run
pm/checkpoints/20260218T215420Z-0.2.0-beta.1-governance-breach-and-trust-sot/files/AI-POLICY.md,1,,1,15823,becb9be44b31d210c476782eb8dee99a46e123ceed245f7e10fbfe9b8e0faa9b,repo_file_state,projectStateDb (sync-project -> syncVersionControlState),versionControlLedger,Rebuilt from git ls-files + git status on each projectStateDb run
pm/checkpoints/20260218T215420Z-0.2.0-beta.1-governance-breach-and-trust-sot/files/README.md,1,,1,12232,8e6cd2598ff619c3eb048cb680b7667d5ad1856a04efb8762ff72014ca12dabf,repo_file_state,projectStateDb (sync-project -> syncVersionControlState),versionControlLedger,Rebuilt from git ls-files + git status on each projectStateDb run
pm/checkpoints/20260218T215420Z-0.2.0-beta.1-governance-breach-and-trust-sot/files/SESSION_CHANGELOG.md,1,,1,51304,a9be005b411864dc5e44ccbc9221ca42d76a16148220240b45814bf70203134e,repo_file_state,projectStateDb (sync-project -> syncVersionControlState),versionControlLedger,Rebuilt from git ls-files + git status on each projectStateDb run
pm/checkpoints/20260218T215420Z-0.2.0-beta.1-governance-breach-and-trust-sot/files/VERSION,1,,1,13,214374e4ab6ceb79d5fa5ff001fe9bbcbea31c3fd8c6bd42d48e7efaf6b2ce9f,repo_file_state,projectStateDb (sync-project -> syncVersionControlState),versionControlLedger,Rebuilt from git ls-files + git status on each projectStateDb run
pm/checkpoints/20260218T215420Z-0.2.0-beta.1-governance-breach-and-trust-sot/files/build.gradle,1,,1,26922,7ba8c151a8c6e0d7baf499cde513b54a925e7c105d8c8b8885356a140bd93bb1,repo_file_state,projectStateDb (sync-project -> syncVersionControlState),versionControlLedger,Rebuilt from git ls-files + git status on each projectStateDb run
pm/checkpoints/20260218T215420Z-0.2.0-beta.1-governance-breach-and-trust-sot/files/docs/API.md,1,,1,7604,8a8899762535f469313f1d9310f5a3ace7e1abd4de7da40b70dd6362df37ec71,repo_file_state,projectStateDb (sync-project -> syncVersionControlState),versionControlLedger,Rebuilt from git ls-files + git status on each projectStateDb run
pm/checkpoints/20260218T215420Z-0.2.0-beta.1-governance-breach-and-trust-sot/files/docs/issues-log-template.csv,1,,1,275,344c8e1f896da05226f17ce1ccc16eedb36bd7924c13f7545a3c89f5b3c176ce,repo_file_state,projectStateDb (sync-project -> syncVersionControlState),versionControlLedger,Rebuilt from git ls-files + git status on each projectStateDb run
pm/checkpoints/20260218T215420Z-0.2.0-beta.1-governance-breach-and-trust-sot/files/docs/issues-log.csv,1,,1,5358,898552b05ad344375759f3aedb7d5258862be95d29a533d00f132e98434178b2,repo_file_state,projectStateDb (sync-project -> syncVersionControlState),versionControlLedger,Rebuilt from git ls-files + git status on each projectStateDb run
pm/checkpoints/20260218T215420Z-0.2.0-beta.1-governance-breach-and-trust-sot/files/docs/policy-governance-events.csv,1,,1,864,8eeb1eaaa3737c79f288135be9aeb059280015025503984de8992b47b082aa50,repo_file_state,projectStateDb (sync-project -> syncVersionControlState),versionControlLedger,Rebuilt from git ls-files + git status on each projectStateDb run
pm/checkpoints/20260218T215420Z-0.2.0-beta.1-governance-breach-and-trust-sot/files/docs/project-plan-progress.csv,1,,1,5322,9ac737fa4ab84708a3e533a26083c982a3951e7302ef57880ec193aaa2a47aad,repo_file_state,projectStateDb (sync-project -> syncVersionControlState),versionControlLedger,Rebuilt from git ls-files + git status on each projectStateDb run
pm/checkpoints/20260218T215420Z-0.2.0-beta.1-governance-breach-and-trust-sot/files/docs/project-plan.md,1,,1,6891,4e7f6e95637a345803f098d4f00ed37560ff4141830230ce2f998fd16e93061e,repo_file_state,projectStateDb (sync-project -> syncVersionControlState),versionControlLedger,Rebuilt from git ls-files + git status on each projectStateDb run
pm/checkpoints/20260218T215420Z-0.2.0-beta.1-governance-breach-and-trust-sot/files/docs/update-packages/README.md,1,,1,647,51fbae41fc90328204385b0332d3eb0ba87801a75f347d98fec8bfaa3ec1661c,repo_file_state,projectStateDb (sync-project -> syncVersionControlState),versionControlLedger,Rebuilt from git ls-files + git status on each projectStateDb run
pm/checkpoints/20260218T215420Z-0.2.0-beta.1-governance-breach-and-trust-sot/files/docs/update-packages/pz-boilerplate-intelliJ/2026-02-18-boilerplate-sync-triage-workbook/README.md,1,,1,715,3c883eb5a5ab2d5790bc4c1e5170afb67406b9b3beb1ae8c568f0b9f2c8d15a4,repo_file_state,projectStateDb (sync-project -> syncVersionControlState),versionControlLedger,Rebuilt from git ls-files + git status on each projectStateDb run
pm/checkpoints/20260218T215420Z-0.2.0-beta.1-governance-breach-and-trust-sot/files/docs/update-packages/pz-boilerplate-intelliJ/2026-02-18-boilerplate-sync-triage-workbook/apply-checklist.md,1,,1,964,80e4bc1b1d12505e04b8708f2e75b5c899e3aff8787c5f48be5f81a8a29b4e27,repo_file_state,projectStateDb (sync-project -> syncVersionControlState),versionControlLedger,Rebuilt from git ls-files + git status on each projectStateDb run
pm/checkpoints/20260218T215420Z-0.2.0-beta.1-governance-breach-and-trust-sot/files/docs/update-packages/pz-boilerplate-intelliJ/2026-02-18-boilerplate-sync-triage-workbook/fresh-session-prompt.md,1,,1,341,53c5e3a97385e418b0fcb631b4b72d926967e28c7209405004d80911960d47e4,repo_file_state,projectStateDb (sync-project -> syncVersionControlState),versionControlLedger,Rebuilt from git ls-files + git status on each projectStateDb run
pm/checkpoints/20260218T215420Z-0.2.0-beta.1-governance-breach-and-trust-sot/files/docs/update-packages/pz-boilerplate-intelliJ/2026-02-18-boilerplate-sync-triage-workbook/templates/build-gradle-snippets.md,1,,1,2644,0be55ecb63d9a9ab4c906f2fcc721090d9be29a7cf6fc748b73a80cdcc96f2c6,repo_file_state,projectStateDb (sync-project -> syncVersionControlState),versionControlLedger,Rebuilt from git ls-files + git status on each projectStateDb run
pm/checkpoints/20260218T215420Z-0.2.0-beta.1-governance-breach-and-trust-sot/files/docs/update-packages/pz-boilerplate-intelliJ/2026-02-18-boilerplate-sync-triage-workbook/templates/policy-readme-snippets.md,1,,1,544,ed2919736404428a8fec4d5f9d485a6fe3a04499b5ebd8c782c7de43ede8acf9,repo_file_state,projectStateDb (sync-project -> syncVersionControlState),versionControlLedger,Rebuilt from git ls-files + git status on each projectStateDb run
pm/checkpoints/20260218T215420Z-0.2.0-beta.1-governance-breach-and-trust-sot/files/docs/update-packages/pz-boilerplate-intelliJ/2026-02-18-consolidated-framework-sync/README.md,1,,1,947,1b139f93d20e267115fbc052eff0097dee08d900e7871ff7668c9f1ca4e50b03,repo_file_state,projectStateDb (sync-project -> syncVersionControlState),versionControlLedger,Rebuilt from git ls-files + git status on each projectStateDb run
pm/checkpoints/20260218T215420Z-0.2.0-beta.1-governance-breach-and-trust-sot/files/docs/update-packages/pz-boilerplate-intelliJ/2026-02-18-consolidated-framework-sync/apply-checklist.md,1,,1,1258,dbe8e14adfd686efce1a4ca0336c9c3e6b96976554f675cd8becbc56a0d73ee7,repo_file_state,projectStateDb (sync-project -> syncVersionControlState),versionControlLedger,Rebuilt from git ls-files + git status on each projectStateDb run
pm/checkpoints/20260218T215420Z-0.2.0-beta.1-governance-breach-and-trust-sot/files/docs/update-packages/pz-boilerplate-intelliJ/2026-02-18-consolidated-framework-sync/fresh-session-prompt.md,1,,1,498,8c97e855a5a617256d9c6fe637f6c69e6bf4a2077175621677caf5b7b9129f79,repo_file_state,projectStateDb (sync-project -> syncVersionControlState),versionControlLedger,Rebuilt from git ls-files + git status on each projectStateDb run
pm/checkpoints/20260218T215420Z-0.2.0-beta.1-governance-breach-and-trust-sot/files/docs/update-packages/pz-boilerplate-intelliJ/2026-02-18-consolidated-framework-sync/templates/changelog-entry.md,1,,1,320,03cd0ab4670073728606694553fb8bfd448c74e3a7e1fa5d124e04e7f568ac99,repo_file_state,projectStateDb (sync-project -> syncVersionControlState),versionControlLedger,Rebuilt from git ls-files + git status on each projectStateDb run
pm/checkpoints/20260218T215420Z-0.2.0-beta.1-governance-breach-and-trust-sot/files/docs/update-packages/pz-boilerplate-intelliJ/2026-02-18-governance-events-workbook/README.md,1,,1,454,0e44bd96549cdd73a0dd9ef4d285e9392e11e466893957c6348bffcffcb11d10,repo_file_state,projectStateDb (sync-project -> syncVersionControlState),versionControlLedger,Rebuilt from git ls-files + git status on each projectStateDb run
pm/checkpoints/20260218T215420Z-0.2.0-beta.1-governance-breach-and-trust-sot/files/docs/update-packages/pz-boilerplate-intelliJ/2026-02-18-governance-events-workbook/apply-checklist.md,1,,1,116,90e9b9c71fa2f7a93527bb7b8762329e58cc980fe86143fa1bc5e0b4b5340f4c,repo_file_state,projectStateDb (sync-project -> syncVersionControlState),versionControlLedger,Rebuilt from git ls-files + git status on each projectStateDb run
pm/checkpoints/20260218T215420Z-0.2.0-beta.1-governance-breach-and-trust-sot/files/docs/update-packages/pz-boilerplate-intelliJ/2026-02-18-governance-events-workbook/fresh-session-prompt.md,1,,1,70,ea7d6de41bfeef2fff5f60789d824a4c767d5532e5d4de43969913c3eefb3ad4,repo_file_state,projectStateDb (sync-project -> syncVersionControlState),versionControlLedger,Rebuilt from git ls-files + git status on each projectStateDb run
pm/checkpoints/20260218T215420Z-0.2.0-beta.1-governance-breach-and-trust-sot/files/docs/update-packages/pz-boilerplate-intelliJ/2026-02-18-project-level-rollback-governance-log-sync/README.md,1,,1,832,f509387141904b9c73fd7e4ac77b112ce790f8900ab3453e2b15c22969d1e05b,repo_file_state,projectStateDb (sync-project -> syncVersionControlState),versionControlLedger,Rebuilt from git ls-files + git status on each projectStateDb run
pm/checkpoints/20260218T215420Z-0.2.0-beta.1-governance-breach-and-trust-sot/files/docs/update-packages/pz-boilerplate-intelliJ/2026-02-18-project-level-rollback-governance-log-sync/apply-checklist.md,1,,1,866,ca20cb5d68edaca0713cfd2fac92ae49a810fba48a09308f8685bd4f7a270878,repo_file_state,projectStateDb (sync-project -> syncVersionControlState),versionControlLedger,Rebuilt from git ls-files + git status on each projectStateDb run
pm/checkpoints/20260218T215420Z-0.2.0-beta.1-governance-breach-and-trust-sot/files/docs/update-packages/pz-boilerplate-intelliJ/2026-02-18-project-level-rollback-governance-log-sync/fresh-session-prompt.md,1,,1,508,d6742ca82c20a431486fe11e87b62889896cd9b6ac53e193150ff1b7c9d098fc,repo_file_state,projectStateDb (sync-project -> syncVersionControlState),versionControlLedger,Rebuilt from git ls-files + git status on each projectStateDb run
pm/checkpoints/20260218T215420Z-0.2.0-beta.1-governance-breach-and-trust-sot/files/docs/update-packages/pz-boilerplate-intelliJ/2026-02-18-project-level-rollback-governance-log-sync/templates/process-evolution-entry.md,1,,1,347,0482dccc000409a4ceec06c2b7d906ddcaa187f6919acb0d06c984e22176ea15,repo_file_state,projectStateDb (sync-project -> syncVersionControlState),versionControlLedger,Rebuilt from git ls-files + git status on each projectStateDb run
pm/checkpoints/20260218T215420Z-0.2.0-beta.1-governance-breach-and-trust-sot/files/docs/update-packages/pz-boilerplate-intelliJ/2026-02-18-project-level-rollback-governance-log-sync/templates/session-changelog-entry.md,1,,1,400,d9abe6283afd29a9387b2e34e8059e6128f4bb824cbe998915d280ff61e12ab7,repo_file_state,projectStateDb (sync-project -> syncVersionControlState),versionControlLedger,Rebuilt from git ls-files + git status on each projectStateDb run
pm/checkpoints/20260218T215420Z-0.2.0-beta.1-governance-breach-and-trust-sot/files/docs/update-packages/pz-boilerplate-intelliJ/2026-02-18-project-level-rollback-governance/README.md,1,,1,960,873f815046bb80b32ca8ef159e01b08bc516cfcfbabee8f81c06427b54617dfc,repo_file_state,projectStateDb (sync-project -> syncVersionControlState),versionControlLedger,Rebuilt from git ls-files + git status on each projectStateDb run
pm/checkpoints/20260218T215420Z-0.2.0-beta.1-governance-breach-and-trust-sot/files/docs/update-packages/pz-boilerplate-intelliJ/2026-02-18-project-level-rollback-governance/apply-checklist.md,1,,1,1253,abd11a399b37cecc1dda33507f1bb0a04488ff022806f52163cf48286a467528,repo_file_state,projectStateDb (sync-project -> syncVersionControlState),versionControlLedger,Rebuilt from git ls-files + git status on each projectStateDb run
pm/checkpoints/20260218T215420Z-0.2.0-beta.1-governance-breach-and-trust-sot/files/docs/update-packages/pz-boilerplate-intelliJ/2026-02-18-project-level-rollback-governance/fresh-session-prompt.md,1,,1,635,67e5e1977c95857f3f491ebfd1769cfd4fb55798022d571f0ea056d705f92c5a,repo_file_state,projectStateDb (sync-project -> syncVersionControlState),versionControlLedger,Rebuilt from git ls-files + git status on each projectStateDb run
pm/checkpoints/20260218T215420Z-0.2.0-beta.1-governance-breach-and-trust-sot/files/docs/update-packages/pz-boilerplate-intelliJ/2026-02-18-sqlite-state-tooling/README.md,1,,1,860,76cbc2f6c8ca4c9de676cd0ec632e08396cd94d841caef2ca2295447c9b26281,repo_file_state,projectStateDb (sync-project -> syncVersionControlState),versionControlLedger,Rebuilt from git ls-files + git status on each projectStateDb run
pm/checkpoints/20260218T215420Z-0.2.0-beta.1-governance-breach-and-trust-sot/files/docs/update-packages/pz-boilerplate-intelliJ/2026-02-18-sqlite-state-tooling/apply-checklist.md,1,,1,444,fef5d5e33f8d185596fb9d955170b1b5e04eee3d0b692a3be6d49a7f271a1e2a,repo_file_state,projectStateDb (sync-project -> syncVersionControlState),versionControlLedger,Rebuilt from git ls-files + git status on each projectStateDb run
pm/checkpoints/20260218T215420Z-0.2.0-beta.1-governance-breach-and-trust-sot/files/docs/update-packages/pz-boilerplate-intelliJ/2026-02-18-sqlite-state-tooling/fresh-session-prompt.md,1,,1,575,f8fdb28bc5f77bab09d7ecc9067f44d5f9cc66bc16387b696ace47e31e86197f,repo_file_state,projectStateDb (sync-project -> syncVersionControlState),versionControlLedger,Rebuilt from git ls-files + git status on each projectStateDb run
pm/checkpoints/20260218T215420Z-0.2.0-beta.1-governance-breach-and-trust-sot/files/docs/update-packages/pz-boilerplate-intelliJ/2026-02-18-workbook-change-driven-guard/README.md,1,,1,763,954309b284dc363469a56533c38a40032379fe07599e6a843fbfd189f393fb1c,repo_file_state,projectStateDb (sync-project -> syncVersionControlState),versionControlLedger,Rebuilt from git ls-files + git status on each projectStateDb run
pm/checkpoints/20260218T215420Z-0.2.0-beta.1-governance-breach-and-trust-sot/files/docs/update-packages/pz-boilerplate-intelliJ/2026-02-18-workbook-change-driven-guard/apply-checklist.md,1,,1,1138,3d389a818bc39e7217093091ff06c9d8097952ac5ac2d78cff756ea679456375,repo_file_state,projectStateDb (sync-project -> syncVersionControlState),versionControlLedger,Rebuilt from git ls-files + git status on each projectStateDb run
pm/checkpoints/20260218T215420Z-0.2.0-beta.1-governance-breach-and-trust-sot/files/docs/update-packages/pz-boilerplate-intelliJ/2026-02-18-workbook-change-driven-guard/fresh-session-prompt.md,1,,1,416,bd46a4e240bfb04f640b3d0a446e36703ce0eca84e98205c67381c69f3237493,repo_file_state,projectStateDb (sync-project -> syncVersionControlState),versionControlLedger,Rebuilt from git ls-files + git status on each projectStateDb run
pm/checkpoints/20260218T215420Z-0.2.0-beta.1-governance-breach-and-trust-sot/files/preview/afp-diag.json,1,,1,15099,04209528b5afdc43fc8327bf632a433aa980391321e35118a820bfb9f22f2708,repo_file_state,projectStateDb (sync-project -> syncVersionControlState),versionControlLedger,Rebuilt from git ls-files + git status on each projectStateDb run
pm/checkpoints/20260218T215420Z-0.2.0-beta.1-governance-breach-and-trust-sot/files/preview/afp-meta.json,1,,1,58675,360c0e3657b4af2b676c5b6f2e2291a15b9672b0a8a613221366b690fd34b7db,repo_file_state,projectStateDb (sync-project -> syncVersionControlState),versionControlLedger,Rebuilt from git ls-files + git status on each projectStateDb run
pm/checkpoints/20260218T215420Z-0.2.0-beta.1-governance-breach-and-trust-sot/files/preview/afp-output.html,1,,1,3461,f9028529313a32541fadf1c16ac3deb8f209a6970046bbe83a2805afa186ef9b,repo_file_state,projectStateDb (sync-project -> syncVersionControlState),versionControlLedger,Rebuilt from git ls-files + git status on each projectStateDb run
pm/checkpoints/20260218T215420Z-0.2.0-beta.1-governance-breach-and-trust-sot/files/preview/fidelity-report.json,1,,1,2013,b51069baeaa915c7472f97405b1339c44a5aa12ba00c64f3483a294b2ebc6171,repo_file_state,projectStateDb (sync-project -> syncVersionControlState),versionControlLedger,Rebuilt from git ls-files + git status on each projectStateDb run
pm/checkpoints/20260218T215420Z-0.2.0-beta.1-governance-breach-and-trust-sot/files/preview/issues-effectiveness.json,1,,1,2882,884f22e03a4f42f37f71ae83bb0211806957be60459a4f70d5263b90f1c9e530,repo_file_state,projectStateDb (sync-project -> syncVersionControlState),versionControlLedger,Rebuilt from git ls-files + git status on each projectStateDb run
pm/checkpoints/20260218T215420Z-0.2.0-beta.1-governance-breach-and-trust-sot/files/preview/issues-log-tickle.json,1,,1,1866,f8420a92eb03dfc71de05e7d59c3d23538492c6ab6e1f7f9d4137cd047a6c50d,repo_file_state,projectStateDb (sync-project -> syncVersionControlState),versionControlLedger,Rebuilt from git ls-files + git status on each projectStateDb run
pm/checkpoints/20260218T215420Z-0.2.0-beta.1-governance-breach-and-trust-sot/files/preview/project-plan-next-step.json,1,,1,3755,014d79e7d05f949ef9399df09a12530a8ad9e054a45ab02a3f8d2c8374c6e26a,repo_file_state,projectStateDb (sync-project -> syncVersionControlState),versionControlLedger,Rebuilt from git ls-files + git status on each projectStateDb run
pm/checkpoints/20260218T215420Z-0.2.0-beta.1-governance-breach-and-trust-sot/files/preview/project-plan-progress-data.json,1,,1,9132,e8a9e110b530561bcee622f3e23b1a2601c2a7c0d73c797caa035868667f6ecf,repo_file_state,projectStateDb (sync-project -> syncVersionControlState),versionControlLedger,Rebuilt from git ls-files + git status on each projectStateDb run
pm/checkpoints/20260218T215420Z-0.2.0-beta.1-governance-breach-and-trust-sot/files/preview/version.json,1,,1,103,292f14e53c0e4dc54bc00fb7dc47b5a33009cc999eda975698c991242a72f5c6,repo_file_state,projectStateDb (sync-project -> syncVersionControlState),versionControlLedger,Rebuilt from git ls-files + git status on each projectStateDb run
pm/checkpoints/20260218T215420Z-0.2.0-beta.1-governance-breach-and-trust-sot/files/preview/workbook-refresh-status.json,1,,1,96,da893a9d602c4b0508338ba3e4d68b59fdd719129a918860fea05098d8091968,repo_file_state,projectStateDb (sync-project -> syncVersionControlState),versionControlLedger,Rebuilt from git ls-files + git status on each projectStateDb run
pm/checkpoints/20260218T215420Z-0.2.0-beta.1-governance-breach-and-trust-sot/files/settings.gradle,1,,1,92,51df8722e091c0915963776389e7409938908ffa7944676c50d8846cde34865c,repo_file_state,projectStateDb (sync-project -> syncVersionControlState),versionControlLedger,Rebuilt from git ls-files + git status on each projectStateDb run
pm/checkpoints/20260218T215420Z-0.2.0-beta.1-governance-breach-and-trust-sot/manifest.json,1,,1,11461,2c377eafeae5ee8a4ce8b9f296c237e887cf9cb77d961fc9595fa8f7fe9adbb1,repo_file_state,projectStateDb (sync-project -> syncVersionControlState),versionControlLedger,Rebuilt from git ls-files + git status on each projectStateDb run
pm/checkpoints/20260218T223616Z-0.2.0-beta.1-tooling-registration-first-principle/files/AI-POLICY.md,1,,1,17250,a33262f25309eb3f68d0c24d6f305141fb4ba6fa87e7853e3385c23fbe7c70d6,repo_file_state,projectStateDb (sync-project -> syncVersionControlState),versionControlLedger,Rebuilt from git ls-files + git status on each projectStateDb run
pm/checkpoints/20260218T223616Z-0.2.0-beta.1-tooling-registration-first-principle/files/README.md,1,,1,12918,ecc6c45caada5a2a22759f68920fa5e70ef64c9c79e647babc4f17faa2048e04,repo_file_state,projectStateDb (sync-project -> syncVersionControlState),versionControlLedger,Rebuilt from git ls-files + git status on each projectStateDb run
pm/checkpoints/20260218T223616Z-0.2.0-beta.1-tooling-registration-first-principle/files/SESSION_CHANGELOG.md,1,,1,54104,c64168ace963a892801b3bea3da8deafeace1a513c023873bf655ffabe2a2eb1,repo_file_state,projectStateDb (sync-project -> syncVersionControlState),versionControlLedger,Rebuilt from git ls-files + git status on each projectStateDb run
pm/checkpoints/20260218T223616Z-0.2.0-beta.1-tooling-registration-first-principle/files/VERSION,1,,1,13,214374e4ab6ceb79d5fa5ff001fe9bbcbea31c3fd8c6bd42d48e7efaf6b2ce9f,repo_file_state,projectStateDb (sync-project -> syncVersionControlState),versionControlLedger,Rebuilt from git ls-files + git status on each projectStateDb run
pm/checkpoints/20260218T223616Z-0.2.0-beta.1-tooling-registration-first-principle/files/build.gradle,1,,1,31507,305d20c0d0094be7acffbc03814eec97f95281809a351394df531483924a6e9c,repo_file_state,projectStateDb (sync-project -> syncVersionControlState),versionControlLedger,Rebuilt from git ls-files + git status on each projectStateDb run
pm/checkpoints/20260218T223616Z-0.2.0-beta.1-tooling-registration-first-principle/files/docs/API.md,1,,1,7604,8a8899762535f469313f1d9310f5a3ace7e1abd4de7da40b70dd6362df37ec71,repo_file_state,projectStateDb (sync-project -> syncVersionControlState),versionControlLedger,Rebuilt from git ls-files + git status on each projectStateDb run
pm/checkpoints/20260218T223616Z-0.2.0-beta.1-tooling-registration-first-principle/files/docs/issues-log-template.csv,1,,1,275,344c8e1f896da05226f17ce1ccc16eedb36bd7924c13f7545a3c89f5b3c176ce,repo_file_state,projectStateDb (sync-project -> syncVersionControlState),versionControlLedger,Rebuilt from git ls-files + git status on each projectStateDb run
pm/checkpoints/20260218T223616Z-0.2.0-beta.1-tooling-registration-first-principle/files/docs/issues-log.csv,1,,1,6035,216a611b516d7a1a017ff4fc698f0693ff14e97233be8c0afdc7cf16fab29625,repo_file_state,projectStateDb (sync-project -> syncVersionControlState),versionControlLedger,Rebuilt from git ls-files + git status on each projectStateDb run
pm/checkpoints/20260218T223616Z-0.2.0-beta.1-tooling-registration-first-principle/files/docs/policy-governance-events.csv,1,,1,1693,b1141c8aa31cc2eeb25c9639c4ce86c2f18702f86ea788be59091d558c45d67e,repo_file_state,projectStateDb (sync-project -> syncVersionControlState),versionControlLedger,Rebuilt from git ls-files + git status on each projectStateDb run
pm/checkpoints/20260218T223616Z-0.2.0-beta.1-tooling-registration-first-principle/files/docs/project-plan-progress.csv,1,,1,6451,29ce6dd3e18d827675aeaff1b19348c37ac9ba2f9a17a953ca50efe9709fe68d,repo_file_state,projectStateDb (sync-project -> syncVersionControlState),versionControlLedger,Rebuilt from git ls-files + git status on each projectStateDb run
pm/checkpoints/20260218T223616Z-0.2.0-beta.1-tooling-registration-first-principle/files/docs/project-plan.md,1,,1,6891,4e7f6e95637a345803f098d4f00ed37560ff4141830230ce2f998fd16e93061e,repo_file_state,projectStateDb (sync-project -> syncVersionControlState),versionControlLedger,Rebuilt from git ls-files + git status on each projectStateDb run
pm/checkpoints/20260218T223616Z-0.2.0-beta.1-tooling-registration-first-principle/files/docs/update-packages/README.md,1,,1,647,51fbae41fc90328204385b0332d3eb0ba87801a75f347d98fec8bfaa3ec1661c,repo_file_state,projectStateDb (sync-project -> syncVersionControlState),versionControlLedger,Rebuilt from git ls-files + git status on each projectStateDb run
pm/checkpoints/20260218T223616Z-0.2.0-beta.1-tooling-registration-first-principle/files/docs/update-packages/pz-boilerplate-intelliJ/2026-02-18-boilerplate-sync-triage-workbook/README.md,1,,1,715,3c883eb5a5ab2d5790bc4c1e5170afb67406b9b3beb1ae8c568f0b9f2c8d15a4,repo_file_state,projectStateDb (sync-project -> syncVersionControlState),versionControlLedger,Rebuilt from git ls-files + git status on each projectStateDb run
pm/checkpoints/20260218T223616Z-0.2.0-beta.1-tooling-registration-first-principle/files/docs/update-packages/pz-boilerplate-intelliJ/2026-02-18-boilerplate-sync-triage-workbook/apply-checklist.md,1,,1,964,80e4bc1b1d12505e04b8708f2e75b5c899e3aff8787c5f48be5f81a8a29b4e27,repo_file_state,projectStateDb (sync-project -> syncVersionControlState),versionControlLedger,Rebuilt from git ls-files + git status on each projectStateDb run
pm/checkpoints/20260218T223616Z-0.2.0-beta.1-tooling-registration-first-principle/files/docs/update-packages/pz-boilerplate-intelliJ/2026-02-18-boilerplate-sync-triage-workbook/fresh-session-prompt.md,1,,1,341,53c5e3a97385e418b0fcb631b4b72d926967e28c7209405004d80911960d47e4,repo_file_state,projectStateDb (sync-project -> syncVersionControlState),versionControlLedger,Rebuilt from git ls-files + git status on each projectStateDb run
pm/checkpoints/20260218T223616Z-0.2.0-beta.1-tooling-registration-first-principle/files/docs/update-packages/pz-boilerplate-intelliJ/2026-02-18-boilerplate-sync-triage-workbook/templates/build-gradle-snippets.md,1,,1,2644,0be55ecb63d9a9ab4c906f2fcc721090d9be29a7cf6fc748b73a80cdcc96f2c6,repo_file_state,projectStateDb (sync-project -> syncVersionControlState),versionControlLedger,Rebuilt from git ls-files + git status on each projectStateDb run
pm/checkpoints/20260218T223616Z-0.2.0-beta.1-tooling-registration-first-principle/files/docs/update-packages/pz-boilerplate-intelliJ/2026-02-18-boilerplate-sync-triage-workbook/templates/policy-readme-snippets.md,1,,1,544,ed2919736404428a8fec4d5f9d485a6fe3a04499b5ebd8c782c7de43ede8acf9,repo_file_state,projectStateDb (sync-project -> syncVersionControlState),versionControlLedger,Rebuilt from git ls-files + git status on each projectStateDb run
pm/checkpoints/20260218T223616Z-0.2.0-beta.1-tooling-registration-first-principle/files/docs/update-packages/pz-boilerplate-intelliJ/2026-02-18-consolidated-framework-sync/README.md,1,,1,947,1b139f93d20e267115fbc052eff0097dee08d900e7871ff7668c9f1ca4e50b03,repo_file_state,projectStateDb (sync-project -> syncVersionControlState),versionControlLedger,Rebuilt from git ls-files + git status on each projectStateDb run
pm/checkpoints/20260218T223616Z-0.2.0-beta.1-tooling-registration-first-principle/files/docs/update-packages/pz-boilerplate-intelliJ/2026-02-18-consolidated-framework-sync/apply-checklist.md,1,,1,1258,dbe8e14adfd686efce1a4ca0336c9c3e6b96976554f675cd8becbc56a0d73ee7,repo_file_state,projectStateDb (sync-project -> syncVersionControlState),versionControlLedger,Rebuilt from git ls-files + git status on each projectStateDb run
pm/checkpoints/20260218T223616Z-0.2.0-beta.1-tooling-registration-first-principle/files/docs/update-packages/pz-boilerplate-intelliJ/2026-02-18-consolidated-framework-sync/fresh-session-prompt.md,1,,1,498,8c97e855a5a617256d9c6fe637f6c69e6bf4a2077175621677caf5b7b9129f79,repo_file_state,projectStateDb (sync-project -> syncVersionControlState),versionControlLedger,Rebuilt from git ls-files + git status on each projectStateDb run
pm/checkpoints/20260218T223616Z-0.2.0-beta.1-tooling-registration-first-principle/files/docs/update-packages/pz-boilerplate-intelliJ/2026-02-18-consolidated-framework-sync/templates/changelog-entry.md,1,,1,320,03cd0ab4670073728606694553fb8bfd448c74e3a7e1fa5d124e04e7f568ac99,repo_file_state,projectStateDb (sync-project -> syncVersionControlState),versionControlLedger,Rebuilt from git ls-files + git status on each projectStateDb run
pm/checkpoints/20260218T223616Z-0.2.0-beta.1-tooling-registration-first-principle/files/docs/update-packages/pz-boilerplate-intelliJ/2026-02-18-governance-alerts-trust-sot/README.md,1,,1,443,37f28bd38ba56bcaa7878520a83b02a1908509e0baf3de956ac0c6a15904976a,repo_file_state,projectStateDb (sync-project -> syncVersionControlState),versionControlLedger,Rebuilt from git ls-files + git status on each projectStateDb run
pm/checkpoints/20260218T223616Z-0.2.0-beta.1-tooling-registration-first-principle/files/docs/update-packages/pz-boilerplate-intelliJ/2026-02-18-governance-alerts-trust-sot/apply-checklist.md,1,,1,116,90e9b9c71fa2f7a93527bb7b8762329e58cc980fe86143fa1bc5e0b4b5340f4c,repo_file_state,projectStateDb (sync-project -> syncVersionControlState),versionControlLedger,Rebuilt from git ls-files + git status on each projectStateDb run
pm/checkpoints/20260218T223616Z-0.2.0-beta.1-tooling-registration-first-principle/files/docs/update-packages/pz-boilerplate-intelliJ/2026-02-18-governance-alerts-trust-sot/fresh-session-prompt.md,1,,1,70,ea7d6de41bfeef2fff5f60789d824a4c767d5532e5d4de43969913c3eefb3ad4,repo_file_state,projectStateDb (sync-project -> syncVersionControlState),versionControlLedger,Rebuilt from git ls-files + git status on each projectStateDb run
pm/checkpoints/20260218T223616Z-0.2.0-beta.1-tooling-registration-first-principle/files/docs/update-packages/pz-boilerplate-intelliJ/2026-02-18-governance-events-workbook/README.md,1,,1,454,0e44bd96549cdd73a0dd9ef4d285e9392e11e466893957c6348bffcffcb11d10,repo_file_state,projectStateDb (sync-project -> syncVersionControlState),versionControlLedger,Rebuilt from git ls-files + git status on each projectStateDb run
pm/checkpoints/20260218T223616Z-0.2.0-beta.1-tooling-registration-first-principle/files/docs/update-packages/pz-boilerplate-intelliJ/2026-02-18-governance-events-workbook/apply-checklist.md,1,,1,116,90e9b9c71fa2f7a93527bb7b8762329e58cc980fe86143fa1bc5e0b4b5340f4c,repo_file_state,projectStateDb (sync-project -> syncVersionControlState),versionControlLedger,Rebuilt from git ls-files + git status on each projectStateDb run
pm/checkpoints/20260218T223616Z-0.2.0-beta.1-tooling-registration-first-principle/files/docs/update-packages/pz-boilerplate-intelliJ/2026-02-18-governance-events-workbook/fresh-session-prompt.md,1,,1,70,ea7d6de41bfeef2fff5f60789d824a4c767d5532e5d4de43969913c3eefb3ad4,repo_file_state,projectStateDb (sync-project -> syncVersionControlState),versionControlLedger,Rebuilt from git ls-files + git status on each projectStateDb run
pm/checkpoints/20260218T223616Z-0.2.0-beta.1-tooling-registration-first-principle/files/docs/update-packages/pz-boilerplate-intelliJ/2026-02-18-product-management-boundary-gate/README.md,1,,1,296,1226a752824034d73f72068985f689f70f89e06c6ab04a562a1f4cbb5f06c15d,repo_file_state,projectStateDb (sync-project -> syncVersionControlState),versionControlLedger,Rebuilt from git ls-files + git status on each projectStateDb run
pm/checkpoints/20260218T223616Z-0.2.0-beta.1-tooling-registration-first-principle/files/docs/update-packages/pz-boilerplate-intelliJ/2026-02-18-product-management-boundary-gate/apply-checklist.md,1,,1,116,90e9b9c71fa2f7a93527bb7b8762329e58cc980fe86143fa1bc5e0b4b5340f4c,repo_file_state,projectStateDb (sync-project -> syncVersionControlState),versionControlLedger,Rebuilt from git ls-files + git status on each projectStateDb run
pm/checkpoints/20260218T223616Z-0.2.0-beta.1-tooling-registration-first-principle/files/docs/update-packages/pz-boilerplate-intelliJ/2026-02-18-product-management-boundary-gate/fresh-session-prompt.md,1,,1,70,ea7d6de41bfeef2fff5f60789d824a4c767d5532e5d4de43969913c3eefb3ad4,repo_file_state,projectStateDb (sync-project -> syncVersionControlState),versionControlLedger,Rebuilt from git ls-files + git status on each projectStateDb run
pm/checkpoints/20260218T223616Z-0.2.0-beta.1-tooling-registration-first-principle/files/docs/update-packages/pz-boilerplate-intelliJ/2026-02-18-project-level-rollback-governance-log-sync/README.md,1,,1,832,f509387141904b9c73fd7e4ac77b112ce790f8900ab3453e2b15c22969d1e05b,repo_file_state,projectStateDb (sync-project -> syncVersionControlState),versionControlLedger,Rebuilt from git ls-files + git status on each projectStateDb run
pm/checkpoints/20260218T223616Z-0.2.0-beta.1-tooling-registration-first-principle/files/docs/update-packages/pz-boilerplate-intelliJ/2026-02-18-project-level-rollback-governance-log-sync/apply-checklist.md,1,,1,866,ca20cb5d68edaca0713cfd2fac92ae49a810fba48a09308f8685bd4f7a270878,repo_file_state,projectStateDb (sync-project -> syncVersionControlState),versionControlLedger,Rebuilt from git ls-files + git status on each projectStateDb run
pm/checkpoints/20260218T223616Z-0.2.0-beta.1-tooling-registration-first-principle/files/docs/update-packages/pz-boilerplate-intelliJ/2026-02-18-project-level-rollback-governance-log-sync/fresh-session-prompt.md,1,,1,508,d6742ca82c20a431486fe11e87b62889896cd9b6ac53e193150ff1b7c9d098fc,repo_file_state,projectStateDb (sync-project -> syncVersionControlState),versionControlLedger,Rebuilt from git ls-files + git status on each projectStateDb run
pm/checkpoints/20260218T223616Z-0.2.0-beta.1-tooling-registration-first-principle/files/docs/update-packages/pz-boilerplate-intelliJ/2026-02-18-project-level-rollback-governance-log-sync/templates/process-evolution-entry.md,1,,1,347,0482dccc000409a4ceec06c2b7d906ddcaa187f6919acb0d06c984e22176ea15,repo_file_state,projectStateDb (sync-project -> syncVersionControlState),versionControlLedger,Rebuilt from git ls-files + git status on each projectStateDb run
pm/checkpoints/20260218T223616Z-0.2.0-beta.1-tooling-registration-first-principle/files/docs/update-packages/pz-boilerplate-intelliJ/2026-02-18-project-level-rollback-governance-log-sync/templates/session-changelog-entry.md,1,,1,400,d9abe6283afd29a9387b2e34e8059e6128f4bb824cbe998915d280ff61e12ab7,repo_file_state,projectStateDb (sync-project -> syncVersionControlState),versionControlLedger,Rebuilt from git ls-files + git status on each projectStateDb run
pm/checkpoints/20260218T223616Z-0.2.0-beta.1-tooling-registration-first-principle/files/docs/update-packages/pz-boilerplate-intelliJ/2026-02-18-project-level-rollback-governance/README.md,1,,1,960,873f815046bb80b32ca8ef159e01b08bc516cfcfbabee8f81c06427b54617dfc,repo_file_state,projectStateDb (sync-project -> syncVersionControlState),versionControlLedger,Rebuilt from git ls-files + git status on each projectStateDb run
pm/checkpoints/20260218T223616Z-0.2.0-beta.1-tooling-registration-first-principle/files/docs/update-packages/pz-boilerplate-intelliJ/2026-02-18-project-level-rollback-governance/apply-checklist.md,1,,1,1253,abd11a399b37cecc1dda33507f1bb0a04488ff022806f52163cf48286a467528,repo_file_state,projectStateDb (sync-project -> syncVersionControlState),versionControlLedger,Rebuilt from git ls-files + git status on each projectStateDb run
pm/checkpoints/20260218T223616Z-0.2.0-beta.1-tooling-registration-first-principle/files/docs/update-packages/pz-boilerplate-intelliJ/2026-02-18-project-level-rollback-governance/fresh-session-prompt.md,1,,1,635,67e5e1977c95857f3f491ebfd1769cfd4fb55798022d571f0ea056d705f92c5a,repo_file_state,projectStateDb (sync-project -> syncVersionControlState),versionControlLedger,Rebuilt from git ls-files + git status on each projectStateDb run
pm/checkpoints/20260218T223616Z-0.2.0-beta.1-tooling-registration-first-principle/files/docs/update-packages/pz-boilerplate-intelliJ/2026-02-18-sqlite-state-tooling/README.md,1,,1,860,76cbc2f6c8ca4c9de676cd0ec632e08396cd94d841caef2ca2295447c9b26281,repo_file_state,projectStateDb (sync-project -> syncVersionControlState),versionControlLedger,Rebuilt from git ls-files + git status on each projectStateDb run
pm/checkpoints/20260218T223616Z-0.2.0-beta.1-tooling-registration-first-principle/files/docs/update-packages/pz-boilerplate-intelliJ/2026-02-18-sqlite-state-tooling/apply-checklist.md,1,,1,444,fef5d5e33f8d185596fb9d955170b1b5e04eee3d0b692a3be6d49a7f271a1e2a,repo_file_state,projectStateDb (sync-project -> syncVersionControlState),versionControlLedger,Rebuilt from git ls-files + git status on each projectStateDb run
pm/checkpoints/20260218T223616Z-0.2.0-beta.1-tooling-registration-first-principle/files/docs/update-packages/pz-boilerplate-intelliJ/2026-02-18-sqlite-state-tooling/fresh-session-prompt.md,1,,1,575,f8fdb28bc5f77bab09d7ecc9067f44d5f9cc66bc16387b696ace47e31e86197f,repo_file_state,projectStateDb (sync-project -> syncVersionControlState),versionControlLedger,Rebuilt from git ls-files + git status on each projectStateDb run
pm/checkpoints/20260218T223616Z-0.2.0-beta.1-tooling-registration-first-principle/files/docs/update-packages/pz-boilerplate-intelliJ/2026-02-18-unified-framework-rollup/README.md,1,,1,544,7713457eb135da0fd08191ba5dec78f16816be59225cbce8d5be256ebcbdb611,repo_file_state,projectStateDb (sync-project -> syncVersionControlState),versionControlLedger,Rebuilt from git ls-files + git status on each projectStateDb run
pm/checkpoints/20260218T223616Z-0.2.0-beta.1-tooling-registration-first-principle/files/docs/update-packages/pz-boilerplate-intelliJ/2026-02-18-unified-framework-rollup/apply-checklist.md,1,,1,446,c329427bae1e5e78e04346986d637744594fa493aa47041a5e1c4fd22b633203,repo_file_state,projectStateDb (sync-project -> syncVersionControlState),versionControlLedger,Rebuilt from git ls-files + git status on each projectStateDb run
pm/checkpoints/20260218T223616Z-0.2.0-beta.1-tooling-registration-first-principle/files/docs/update-packages/pz-boilerplate-intelliJ/2026-02-18-unified-framework-rollup/fresh-session-prompt.md,1,,1,390,f5c83d77df57753d02665ebd6a4bc727d66c6e634158da42176cb3cb5dbab60e,repo_file_state,projectStateDb (sync-project -> syncVersionControlState),versionControlLedger,Rebuilt from git ls-files + git status on each projectStateDb run
pm/checkpoints/20260218T223616Z-0.2.0-beta.1-tooling-registration-first-principle/files/docs/update-packages/pz-boilerplate-intelliJ/2026-02-18-vcs-file-discipline-ledger/README.md,1,,1,411,90ad5668c2a6920526765d9ff031afff199dbf326f644eae6e7fa194f96f888d,repo_file_state,projectStateDb (sync-project -> syncVersionControlState),versionControlLedger,Rebuilt from git ls-files + git status on each projectStateDb run
pm/checkpoints/20260218T223616Z-0.2.0-beta.1-tooling-registration-first-principle/files/docs/update-packages/pz-boilerplate-intelliJ/2026-02-18-vcs-file-discipline-ledger/apply-checklist.md,1,,1,116,90e9b9c71fa2f7a93527bb7b8762329e58cc980fe86143fa1bc5e0b4b5340f4c,repo_file_state,projectStateDb (sync-project -> syncVersionControlState),versionControlLedger,Rebuilt from git ls-files + git status on each projectStateDb run
pm/checkpoints/20260218T223616Z-0.2.0-beta.1-tooling-registration-first-principle/files/docs/update-packages/pz-boilerplate-intelliJ/2026-02-18-vcs-file-discipline-ledger/fresh-session-prompt.md,1,,1,70,ea7d6de41bfeef2fff5f60789d824a4c767d5532e5d4de43969913c3eefb3ad4,repo_file_state,projectStateDb (sync-project -> syncVersionControlState),versionControlLedger,Rebuilt from git ls-files + git status on each projectStateDb run
pm/checkpoints/20260218T223616Z-0.2.0-beta.1-tooling-registration-first-principle/files/docs/update-packages/pz-boilerplate-intelliJ/2026-02-18-workbook-change-driven-guard/README.md,1,,1,763,954309b284dc363469a56533c38a40032379fe07599e6a843fbfd189f393fb1c,repo_file_state,projectStateDb (sync-project -> syncVersionControlState),versionControlLedger,Rebuilt from git ls-files + git status on each projectStateDb run
pm/checkpoints/20260218T223616Z-0.2.0-beta.1-tooling-registration-first-principle/files/docs/update-packages/pz-boilerplate-intelliJ/2026-02-18-workbook-change-driven-guard/apply-checklist.md,1,,1,1138,3d389a818bc39e7217093091ff06c9d8097952ac5ac2d78cff756ea679456375,repo_file_state,projectStateDb (sync-project -> syncVersionControlState),versionControlLedger,Rebuilt from git ls-files + git status on each projectStateDb run
pm/checkpoints/20260218T223616Z-0.2.0-beta.1-tooling-registration-first-principle/files/docs/update-packages/pz-boilerplate-intelliJ/2026-02-18-workbook-change-driven-guard/fresh-session-prompt.md,1,,1,416,bd46a4e240bfb04f640b3d0a446e36703ce0eca84e98205c67381c69f3237493,repo_file_state,projectStateDb (sync-project -> syncVersionControlState),versionControlLedger,Rebuilt from git ls-files + git status on each projectStateDb run
pm/checkpoints/20260218T223616Z-0.2.0-beta.1-tooling-registration-first-principle/files/preview/afp-diag.json,1,,1,15501,54a44c85007f3a546c58caf7cb3093b2b620dc64600f9a17c268b391030aef1e,repo_file_state,projectStateDb (sync-project -> syncVersionControlState),versionControlLedger,Rebuilt from git ls-files + git status on each projectStateDb run
pm/checkpoints/20260218T223616Z-0.2.0-beta.1-tooling-registration-first-principle/files/preview/afp-meta.json,1,,1,59077,c385e4b36f9bfe6f2f709ce365c209a1bf77def6b79013d825aa8b463482d8aa,repo_file_state,projectStateDb (sync-project -> syncVersionControlState),versionControlLedger,Rebuilt from git ls-files + git status on each projectStateDb run
pm/checkpoints/20260218T223616Z-0.2.0-beta.1-tooling-registration-first-principle/files/preview/afp-output.html,1,,1,3461,f9028529313a32541fadf1c16ac3deb8f209a6970046bbe83a2805afa186ef9b,repo_file_state,projectStateDb (sync-project -> syncVersionControlState),versionControlLedger,Rebuilt from git ls-files + git status on each projectStateDb run
pm/checkpoints/20260218T223616Z-0.2.0-beta.1-tooling-registration-first-principle/files/preview/fidelity-report.json,1,,1,2013,76850c407f00a718151af483f3df978b686a706c0f4e2fa059c1515027533554,repo_file_state,projectStateDb (sync-project -> syncVersionControlState),versionControlLedger,Rebuilt from git ls-files + git status on each projectStateDb run
pm/checkpoints/20260218T223616Z-0.2.0-beta.1-tooling-registration-first-principle/files/preview/governance-alerts.json,1,,1,1506,adbbdbb7692288a4a9537ebb56ee6e2bd18122f6f2e75987a21894b003d31cb2,repo_file_state,projectStateDb (sync-project -> syncVersionControlState),versionControlLedger,Rebuilt from git ls-files + git status on each projectStateDb run
pm/checkpoints/20260218T223616Z-0.2.0-beta.1-tooling-registration-first-principle/files/preview/issues-effectiveness.json,1,,1,3069,fce6f5ae9523c52bece9cd3527dbbb5d0e636af79edcb7419105732b1c37d200,repo_file_state,projectStateDb (sync-project -> syncVersionControlState),versionControlLedger,Rebuilt from git ls-files + git status on each projectStateDb run
pm/checkpoints/20260218T223616Z-0.2.0-beta.1-tooling-registration-first-principle/files/preview/issues-log-tickle.json,1,,1,2053,88f0f172acef712efa5ab5ece902686e22200770161591c83d27ccfac3aee99e,repo_file_state,projectStateDb (sync-project -> syncVersionControlState),versionControlLedger,Rebuilt from git ls-files + git status on each projectStateDb run
pm/checkpoints/20260218T223616Z-0.2.0-beta.1-tooling-registration-first-principle/files/preview/project-plan-next-step.json,1,,1,3755,e72a67de01f23046605140f3d864e63f3c1cc9b74b0c9157c5464ce4745ac284,repo_file_state,projectStateDb (sync-project -> syncVersionControlState),versionControlLedger,Rebuilt from git ls-files + git status on each projectStateDb run
pm/checkpoints/20260218T223616Z-0.2.0-beta.1-tooling-registration-first-principle/files/preview/project-plan-progress-data.json,1,,1,10747,245cf57cace9c7861007a6ac7e5de507b02990b4a5a41037be2e158a03ee98cc,repo_file_state,projectStateDb (sync-project -> syncVersionControlState),versionControlLedger,Rebuilt from git ls-files + git status on each projectStateDb run
pm/checkpoints/20260218T223616Z-0.2.0-beta.1-tooling-registration-first-principle/files/preview/version-control-ledger.json,1,,1,125980,6b379640bc032be0760e103c583209e8733bf72df87ba0bff495fd02da6b75cd,repo_file_state,projectStateDb (sync-project -> syncVersionControlState),versionControlLedger,Rebuilt from git ls-files + git status on each projectStateDb run
pm/checkpoints/20260218T223616Z-0.2.0-beta.1-tooling-registration-first-principle/files/preview/version.json,1,,1,103,cff92038e063ef7d657ae883a8168cdfa010027e3d9ed66b4c5c58db1b8073e5,repo_file_state,projectStateDb (sync-project -> syncVersionControlState),versionControlLedger,Rebuilt from git ls-files + git status on each projectStateDb run
pm/checkpoints/20260218T223616Z-0.2.0-beta.1-tooling-registration-first-principle/files/preview/workbook-refresh-status.json,1,,1,96,da893a9d602c4b0508338ba3e4d68b59fdd719129a918860fea05098d8091968,repo_file_state,projectStateDb (sync-project -> syncVersionControlState),versionControlLedger,Rebuilt from git ls-files + git status on each projectStateDb run
pm/checkpoints/20260218T223616Z-0.2.0-beta.1-tooling-registration-first-principle/files/settings.gradle,1,,1,92,51df8722e091c0915963776389e7409938908ffa7944676c50d8846cde34865c,repo_file_state,projectStateDb (sync-project -> syncVersionControlState),versionControlLedger,Rebuilt from git ls-files + git status on each projectStateDb run
pm/checkpoints/20260218T223616Z-0.2.0-beta.1-tooling-registration-first-principle/manifest.json,1,,1,14683,c74deec2d596839e5f1a1f5f835552238a5f322159d97f98347fe6c9e020a551,repo_file_state,projectStateDb (sync-project -> syncVersionControlState),versionControlLedger,Rebuilt from git ls-files + git status on each projectStateDb run
pm/checkpoints/20260219T192515Z-0.2.0-beta.1-checkpoint/files/AI-POLICY.md,1,,1,20439,c0371c8da8f7400053e61bba568b06f13210b7c6c43c226841bdb233167df7b4,repo_file_state,projectStateDb (sync-project -> syncVersionControlState),versionControlLedger,Rebuilt from git ls-files + git status on each projectStateDb run
pm/checkpoints/20260219T192515Z-0.2.0-beta.1-checkpoint/files/README.md,1,,1,16216,cef99c665bb1ed2fc1464d4ea52361966589550070ac70f6b9364f690d42283a,repo_file_state,projectStateDb (sync-project -> syncVersionControlState),versionControlLedger,Rebuilt from git ls-files + git status on each projectStateDb run
pm/checkpoints/20260219T192515Z-0.2.0-beta.1-checkpoint/files/SESSION_CHANGELOG.md,1,,1,61382,7c87b7b004fadc531ada582cd1d6bcdbf9e7f3afee847128ec393675d6b0a7b9,repo_file_state,projectStateDb (sync-project -> syncVersionControlState),versionControlLedger,Rebuilt from git ls-files + git status on each projectStateDb run
pm/checkpoints/20260219T192515Z-0.2.0-beta.1-checkpoint/files/VERSION,1,,1,13,214374e4ab6ceb79d5fa5ff001fe9bbcbea31c3fd8c6bd42d48e7efaf6b2ce9f,repo_file_state,projectStateDb (sync-project -> syncVersionControlState),versionControlLedger,Rebuilt from git ls-files + git status on each projectStateDb run
pm/checkpoints/20260219T192515Z-0.2.0-beta.1-checkpoint/files/build.gradle,1,,1,88923,54cdb8b89f380fd2a9f02b4a5f22f017e510e7623b52d6344107db75e9a89cd5,repo_file_state,projectStateDb (sync-project -> syncVersionControlState),versionControlLedger,Rebuilt from git ls-files + git status on each projectStateDb run
pm/checkpoints/20260219T192515Z-0.2.0-beta.1-checkpoint/files/docs/API.md,1,,1,9387,b4e83f9377a9a39c38e919af8576e3d2c475a5e53fc4b3e1e6698fa0f3e252bd,repo_file_state,projectStateDb (sync-project -> syncVersionControlState),versionControlLedger,Rebuilt from git ls-files + git status on each projectStateDb run
pm/checkpoints/20260219T192515Z-0.2.0-beta.1-checkpoint/files/docs/NEW_MACHINE_BOOTSTRAP.md,1,,1,1170,c8e555d4493a4c3bf8c99e944d9683721d01c3418602bd958ea31e51c4ffb02c,repo_file_state,projectStateDb (sync-project -> syncVersionControlState),versionControlLedger,Rebuilt from git ls-files + git status on each projectStateDb run
pm/checkpoints/20260219T192515Z-0.2.0-beta.1-checkpoint/files/docs/PM_CONSOLE_EXCHANGE_FORMAT.md,1,,1,1493,4bfe0f4b65eb9ce41250223b56b9e2f726628a9e3a69879c3431ee800321df02,repo_file_state,projectStateDb (sync-project -> syncVersionControlState),versionControlLedger,Rebuilt from git ls-files + git status on each projectStateDb run
pm/checkpoints/20260219T192515Z-0.2.0-beta.1-checkpoint/files/docs/PRESENTATION_ID_MIGRATION.md,1,,1,895,30ba16906901115d798d706cfe603c981e1de15e4b318597ea50079d6a0596d3,repo_file_state,projectStateDb (sync-project -> syncVersionControlState),versionControlLedger,Rebuilt from git ls-files + git status on each projectStateDb run
pm/checkpoints/20260219T192515Z-0.2.0-beta.1-checkpoint/files/docs/SQL_FIRST_WORKFLOW.md,1,,1,11829,dc47b2f350ace13a0d3f733b58aabbae0412b40932523e0516ac3bf0cf36ae5a,repo_file_state,projectStateDb (sync-project -> syncVersionControlState),versionControlLedger,Rebuilt from git ls-files + git status on each projectStateDb run
pm/checkpoints/20260219T192515Z-0.2.0-beta.1-checkpoint/files/docs/boilerplate-sync-candidates.xlsx,1,,1,9411,08bd595bf125625526adf75ba6f51a98651f552eb8be84891030906a9fcf867a,repo_file_state,projectStateDb (sync-project -> syncVersionControlState),versionControlLedger,Rebuilt from git ls-files + git status on each projectStateDb run
pm/checkpoints/20260219T192515Z-0.2.0-beta.1-checkpoint/files/docs/issues-log-template.csv,1,,1,275,344c8e1f896da05226f17ce1ccc16eedb36bd7924c13f7545a3c89f5b3c176ce,repo_file_state,projectStateDb (sync-project -> syncVersionControlState),versionControlLedger,Rebuilt from git ls-files + git status on each projectStateDb run
pm/checkpoints/20260219T192515Z-0.2.0-beta.1-checkpoint/files/docs/issues-log.csv,1,,1,7151,6387c00fe66d2534c9dbc0f41f88dfac5007e21c5111fcdfe46463f700a19b83,repo_file_state,projectStateDb (sync-project -> syncVersionControlState),versionControlLedger,Rebuilt from git ls-files + git status on each projectStateDb run
pm/checkpoints/20260219T192515Z-0.2.0-beta.1-checkpoint/files/docs/policy-governance-events.csv,1,,1,1713,2d467921ce88a08b270c72a87a0149aa0948e976e1aff13ea13f5858a9b68ea5,repo_file_state,projectStateDb (sync-project -> syncVersionControlState),versionControlLedger,Rebuilt from git ls-files + git status on each projectStateDb run
pm/checkpoints/20260219T192515Z-0.2.0-beta.1-checkpoint/files/docs/policy-governance-events.xlsx,1,,1,4348,ba16b89a7e69eac6a63702a7bd3e741e41e9c8bd8c1b1c01cf5e9a706c0757e6,repo_file_state,projectStateDb (sync-project -> syncVersionControlState),versionControlLedger,Rebuilt from git ls-files + git status on each projectStateDb run
pm/checkpoints/20260219T192515Z-0.2.0-beta.1-checkpoint/files/docs/project-plan-progress.csv,1,,1,8658,6c3aa6820d8391d8f93cb32304a8cf4244f6634553ac729a1197a77c0bdca07c,repo_file_state,projectStateDb (sync-project -> syncVersionControlState),versionControlLedger,Rebuilt from git ls-files + git status on each projectStateDb run
pm/checkpoints/20260219T192515Z-0.2.0-beta.1-checkpoint/files/docs/project-plan-progress.xlsx,1,,1,13341,b50e4ddf0589a1dbae3359297a47505f24c9b4ea6d4bc5e635fa2f384d659b12,repo_file_state,projectStateDb (sync-project -> syncVersionControlState),versionControlLedger,Rebuilt from git ls-files + git status on each projectStateDb run
pm/checkpoints/20260219T192515Z-0.2.0-beta.1-checkpoint/files/docs/project-plan.md,1,,1,8014,f083dbbd4de816cced5cad003f90769ceb1a7d2f984e1693735c73e7019039c7,repo_file_state,projectStateDb (sync-project -> syncVersionControlState),versionControlLedger,Rebuilt from git ls-files + git status on each projectStateDb run
pm/checkpoints/20260219T192515Z-0.2.0-beta.1-checkpoint/files/docs/update-packages/README.md,1,,1,234,e09e6e4e07bdeac9b02180d60439f7b0a285b34c3485055dfd4531f8451cc313,repo_file_state,projectStateDb (sync-project -> syncVersionControlState),versionControlLedger,Rebuilt from git ls-files + git status on each projectStateDb run
pm/checkpoints/20260219T192515Z-0.2.0-beta.1-checkpoint/files/pm/policy/policy-rule-tables.sql,1,,1,19503,31191b231ddaf1497313c7ae3069989f7e529a46df9e686b4d1442374f50e149,repo_file_state,projectStateDb (sync-project -> syncVersionControlState),versionControlLedger,Rebuilt from git ls-files + git status on each projectStateDb run
pm/checkpoints/20260219T192515Z-0.2.0-beta.1-checkpoint/files/pm/reports/action-decision-suggestions.json,1,,1,2944,f4cfa0252dd995da369e21322c20190d41e774c6d474e6279c29e6aee3b3a732,repo_file_state,projectStateDb (sync-project -> syncVersionControlState),versionControlLedger,Rebuilt from git ls-files + git status on each projectStateDb run
pm/checkpoints/20260219T192515Z-0.2.0-beta.1-checkpoint/files/pm/reports/action-ingest-strict.json,1,,1,254,da1b17b3014922d27753aece1193073b662fb729c26a4643f978827578999384,repo_file_state,projectStateDb (sync-project -> syncVersionControlState),versionControlLedger,Rebuilt from git ls-files + git status on each projectStateDb run
pm/checkpoints/20260219T192515Z-0.2.0-beta.1-checkpoint/files/pm/reports/action-items.json,1,,1,1968,99de802b074bdc8db2ba03b88f4c9c91188d95dfc6d694a8ecb939b4fc967b3b,repo_file_state,projectStateDb (sync-project -> syncVersionControlState),versionControlLedger,Rebuilt from git ls-files + git status on each projectStateDb run
pm/checkpoints/20260219T192515Z-0.2.0-beta.1-checkpoint/files/pm/reports/action-owner-summary.json,1,,1,282,522012c0abd33f6f692a9b77323a1d4985058532bbdbd1a06808c9a0406c9b00,repo_file_state,projectStateDb (sync-project -> syncVersionControlState),versionControlLedger,Rebuilt from git ls-files + git status on each projectStateDb run
pm/checkpoints/20260219T192515Z-0.2.0-beta.1-checkpoint/files/pm/reports/action-sla-trend.json,1,,1,476,1b22bb8af4489f481eb283646346b943f154a62ecddcf73db6ae9c379805f788,repo_file_state,projectStateDb (sync-project -> syncVersionControlState),versionControlLedger,Rebuilt from git ls-files + git status on each projectStateDb run
pm/checkpoints/20260219T192515Z-0.2.0-beta.1-checkpoint/files/pm/reports/application-realm-policy.json,1,,1,16852,599f7cb252ee22380fe2ff218e70bc3db331cda1fd88399c92a57dff2d304964,repo_file_state,projectStateDb (sync-project -> syncVersionControlState),versionControlLedger,Rebuilt from git ls-files + git status on each projectStateDb run
pm/checkpoints/20260219T192515Z-0.2.0-beta.1-checkpoint/files/pm/reports/boilerplate-package-files-with-context.csv,1,,1,30687,aac31b965fe86e8444dccd746c6e565729eede7de87e783b907ee2f8e8641f18,repo_file_state,projectStateDb (sync-project -> syncVersionControlState),versionControlLedger,Rebuilt from git ls-files + git status on each projectStateDb run
pm/checkpoints/20260219T192515Z-0.2.0-beta.1-checkpoint/files/pm/reports/boilerplate-promotion-status.json,1,,1,11771,0f0c69e40fbb0f4deeb167b916cb1b7ac079ddadcd16ac32589db670aae5655d,repo_file_state,projectStateDb (sync-project -> syncVersionControlState),versionControlLedger,Rebuilt from git ls-files + git status on each projectStateDb run
pm/checkpoints/20260219T192515Z-0.2.0-beta.1-checkpoint/files/pm/reports/boilerplate-realm-policy.json,1,,1,17817,29b35b9352bc2ba850d11312ebf88905379bfc91da98a4e3c57b848d15af6335,repo_file_state,projectStateDb (sync-project -> syncVersionControlState),versionControlLedger,Rebuilt from git ls-files + git status on each projectStateDb run
pm/checkpoints/20260219T192515Z-0.2.0-beta.1-checkpoint/files/pm/reports/cross-realm-action-token-search.json,1,,1,122,df7caaa1cd6f72c06d63d9e440dd95a61bee58bcee1e0a889a01fe46fd5cd675,repo_file_state,projectStateDb (sync-project -> syncVersionControlState),versionControlLedger,Rebuilt from git ls-files + git status on each projectStateDb run
pm/checkpoints/20260219T192515Z-0.2.0-beta.1-checkpoint/files/pm/reports/cross-realm-token-search.json,1,,1,44445,0339c6b292a3c84e2cfc1f2610be9e6a0630936884c117aca8edaffd833c3bd7,repo_file_state,projectStateDb (sync-project -> syncVersionControlState),versionControlLedger,Rebuilt from git ls-files + git status on each projectStateDb run
pm/checkpoints/20260219T192515Z-0.2.0-beta.1-checkpoint/files/pm/reports/data-dictionary-lint.json,1,,1,795,a75e6502230057bd561b6c6cd619be27dfc6ff8539a835c08c1bcba380ba0c00,repo_file_state,projectStateDb (sync-project -> syncVersionControlState),versionControlLedger,Rebuilt from git ls-files + git status on each projectStateDb run
pm/checkpoints/20260219T192515Z-0.2.0-beta.1-checkpoint/files/pm/reports/data-dictionary.json,1,,1,12531,a5d5617f3aa357e3847ac25f10aea8a3bb61ffc0f5ead59f6272bc1329b6ef38,repo_file_state,projectStateDb (sync-project -> syncVersionControlState),versionControlLedger,Rebuilt from git ls-files + git status on each projectStateDb run
pm/checkpoints/20260219T192515Z-0.2.0-beta.1-checkpoint/files/pm/reports/decision-priority-queue.json,1,,1,3751,4bc0489c5901f89063b04b85d238bce6e902685a47b19b52787f35db2f4b4561,repo_file_state,projectStateDb (sync-project -> syncVersionControlState),versionControlLedger,Rebuilt from git ls-files + git status on each projectStateDb run
pm/checkpoints/20260219T192515Z-0.2.0-beta.1-checkpoint/files/pm/reports/governance-alerts.json,1,,1,3514,2d92d3dfbd49aac8573ddabc4962666620c1caf9c771f01ed9aa523794931922,repo_file_state,projectStateDb (sync-project -> syncVersionControlState),versionControlLedger,Rebuilt from git ls-files + git status on each projectStateDb run
pm/checkpoints/20260219T192515Z-0.2.0-beta.1-checkpoint/files/pm/reports/issues-effectiveness.json,1,,1,3142,650b3fb4b626ebfa996401eb429ca66aa33403b2074bd6606594502fefaa1a32,repo_file_state,projectStateDb (sync-project -> syncVersionControlState),versionControlLedger,Rebuilt from git ls-files + git status on each projectStateDb run
pm/checkpoints/20260219T192515Z-0.2.0-beta.1-checkpoint/files/pm/reports/issues-log-tickle.json,1,,1,2081,f837ba83ff41336514689b1e35f058296d22c8c22be3728e8e9996e3524bc356,repo_file_state,projectStateDb (sync-project -> syncVersionControlState),versionControlLedger,Rebuilt from git ls-files + git status on each projectStateDb run
pm/checkpoints/20260219T192515Z-0.2.0-beta.1-checkpoint/files/pm/reports/knowledge-base.json,1,,1,7137,14fffd85144bf86341fa84f71f7fc8e7f9142e921e5b64e73fda8e73fa209d7b,repo_file_state,projectStateDb (sync-project -> syncVersionControlState),versionControlLedger,Rebuilt from git ls-files + git status on each projectStateDb run
pm/checkpoints/20260219T192515Z-0.2.0-beta.1-checkpoint/files/pm/reports/pm-realm-policy.json,1,,1,16113,ec16d1c5ef8f41c816d81086b6b5d1a67ad8d74582d69eb403f96da4cf8eef36,repo_file_state,projectStateDb (sync-project -> syncVersionControlState),versionControlLedger,Rebuilt from git ls-files + git status on each projectStateDb run
pm/checkpoints/20260219T192515Z-0.2.0-beta.1-checkpoint/files/pm/reports/policy-rules-lint.json,1,,1,453,689df5b78750b6020de881fa5759c34057a065e97b6037604aafa8c6a4436b3c,repo_file_state,projectStateDb (sync-project -> syncVersionControlState),versionControlLedger,Rebuilt from git ls-files + git status on each projectStateDb run
pm/checkpoints/20260219T192515Z-0.2.0-beta.1-checkpoint/files/pm/reports/policy-rules.json,1,,1,20454,4e9c873ce6d3628dea567afb46ebc0784740059e11dde1c42f977d5b0acee0ea,repo_file_state,projectStateDb (sync-project -> syncVersionControlState),versionControlLedger,Rebuilt from git ls-files + git status on each projectStateDb run
pm/checkpoints/20260219T192515Z-0.2.0-beta.1-checkpoint/files/pm/reports/presentation-ref-lint.json,1,,1,398,b0609ca3ce3dc1f83f721dca74c003d7840f233deaa201c7275a8296d094d0de,repo_file_state,projectStateDb (sync-project -> syncVersionControlState),versionControlLedger,Rebuilt from git ls-files + git status on each projectStateDb run
pm/checkpoints/20260219T192515Z-0.2.0-beta.1-checkpoint/files/pm/reports/project-plan-next-step.json,1,,1,4603,a84fac02899738f2a9ee698a6970a3e63ad60c2f9cfe191d1ea82a1268ecf410,repo_file_state,projectStateDb (sync-project -> syncVersionControlState),versionControlLedger,Rebuilt from git ls-files + git status on each projectStateDb run
pm/checkpoints/20260219T192515Z-0.2.0-beta.1-checkpoint/files/pm/reports/project-plan-progress-data.json,1,,1,14412,099274ee01c3461a93f956993986d316211893fa5aa66de1120de53bb902d961,repo_file_state,projectStateDb (sync-project -> syncVersionControlState),versionControlLedger,Rebuilt from git ls-files + git status on each projectStateDb run
pm/checkpoints/20260219T192515Z-0.2.0-beta.1-checkpoint/files/pm/reports/realm-knowledge-link-gate.json,1,,1,837,408f144a8dfeb7c10ef973543cb20bc0e36e586c3ddbe81a75231a05f20eba68,repo_file_state,projectStateDb (sync-project -> syncVersionControlState),versionControlLedger,Rebuilt from git ls-files + git status on each projectStateDb run
pm/checkpoints/20260219T192515Z-0.2.0-beta.1-checkpoint/files/pm/reports/realm-knowledge-sync.json,1,,1,1077,be8959e12550329851d7ec0d5d69fff61295086739942b38d7e19c6621f32f6f,repo_file_state,projectStateDb (sync-project -> syncVersionControlState),versionControlLedger,Rebuilt from git ls-files + git status on each projectStateDb run
pm/checkpoints/20260219T192515Z-0.2.0-beta.1-checkpoint/files/pm/reports/realm-policy-diff.json,1,,1,660,4c0039aec5cff5d8861d449a66ca5c0f16eec6a5b6839594b4cddce50e42ac44,repo_file_state,projectStateDb (sync-project -> syncVersionControlState),versionControlLedger,Rebuilt from git ls-files + git status on each projectStateDb run
pm/checkpoints/20260219T192515Z-0.2.0-beta.1-checkpoint/files/pm/reports/realm-policy-sync.json,1,,1,456,b8d33866ee15eb6f4e2c6cb362c4d34de0c3c952e8fde226ee778ba11254bcca,repo_file_state,projectStateDb (sync-project -> syncVersionControlState),versionControlLedger,Rebuilt from git ls-files + git status on each projectStateDb run
pm/checkpoints/20260219T192515Z-0.2.0-beta.1-checkpoint/files/pm/reports/reasoning-drive.json,1,,1,2813,3b36d9dd4c56aea38693f8317834895844d349e04da5a0c10bd98031676be9a5,repo_file_state,projectStateDb (sync-project -> syncVersionControlState),versionControlLedger,Rebuilt from git ls-files + git status on each projectStateDb run
pm/checkpoints/20260219T192515Z-0.2.0-beta.1-checkpoint/files/pm/reports/repo-file-inventory-with-context.csv,1,,1,204524,a3fef688baac466b45f43aaee69b6975eedd2e8db317b9bda8f6d3ea858ed0ce,repo_file_state,projectStateDb (sync-project -> syncVersionControlState),versionControlLedger,Rebuilt from git ls-files + git status on each projectStateDb run
pm/checkpoints/20260219T192515Z-0.2.0-beta.1-checkpoint/files/pm/reports/sql-authority-application.json,1,,1,227,9139fe2479889ec5c0087e35eb881c41f4d6470f8ba0b64b9829c85c45b2233e,repo_file_state,projectStateDb (sync-project -> syncVersionControlState),versionControlLedger,Rebuilt from git ls-files + git status on each projectStateDb run
pm/checkpoints/20260219T192515Z-0.2.0-beta.1-checkpoint/files/pm/reports/sql-authority-boilerplate.json,1,,1,227,cc07e1d9b65ea6824de245c8fa365050fcbfaf2824f4967c2b932d50db66e41d,repo_file_state,projectStateDb (sync-project -> syncVersionControlState),versionControlLedger,Rebuilt from git ls-files + git status on each projectStateDb run
pm/checkpoints/20260219T192515Z-0.2.0-beta.1-checkpoint/files/pm/reports/sql-authority-pm.json,1,,1,218,c7bfa975fe3ec40117037e577f28b1fe3dfc970eb16d16fed0c46bbb97587837,repo_file_state,projectStateDb (sync-project -> syncVersionControlState),versionControlLedger,Rebuilt from git ls-files + git status on each projectStateDb run
pm/checkpoints/20260219T192515Z-0.2.0-beta.1-checkpoint/files/pm/reports/sql-coverage-application.json,1,,1,330,abebfe17a250f56e69b04898280069050e4379f011b370901e2253c29223c311,repo_file_state,projectStateDb (sync-project -> syncVersionControlState),versionControlLedger,Rebuilt from git ls-files + git status on each projectStateDb run
pm/checkpoints/20260219T192515Z-0.2.0-beta.1-checkpoint/files/pm/reports/sql-coverage-boilerplate.json,1,,1,330,24a88ffbeebcc40ec8ff1a104b40d177d2a68746fd9dc367e2d6973c3260f6d1,repo_file_state,projectStateDb (sync-project -> syncVersionControlState),versionControlLedger,Rebuilt from git ls-files + git status on each projectStateDb run
pm/checkpoints/20260219T192515Z-0.2.0-beta.1-checkpoint/files/pm/reports/sql-coverage-pm.json,1,,1,321,911ece021f179ce2da856999430224118286e439a0ef3790b1807c8416daba93,repo_file_state,projectStateDb (sync-project -> syncVersionControlState),versionControlLedger,Rebuilt from git ls-files + git status on each projectStateDb run
pm/checkpoints/20260219T192515Z-0.2.0-beta.1-checkpoint/files/pm/reports/sql-reconstruction-application.json,1,,1,227,4bc7164c512bfdf3189bf85ee5f8fd045db15ee30952ce159c3e2bd5c89390d6,repo_file_state,projectStateDb (sync-project -> syncVersionControlState),versionControlLedger,Rebuilt from git ls-files + git status on each projectStateDb run
pm/checkpoints/20260219T192515Z-0.2.0-beta.1-checkpoint/files/pm/reports/sql-reconstruction-boilerplate.json,1,,1,227,1b6f42fae698d3110c01bed00ae825828878245b0b6bfccfc344b754f89a4209,repo_file_state,projectStateDb (sync-project -> syncVersionControlState),versionControlLedger,Rebuilt from git ls-files + git status on each projectStateDb run
pm/checkpoints/20260219T192515Z-0.2.0-beta.1-checkpoint/files/pm/reports/sql-reconstruction-pm.json,1,,1,218,f420ae5bb8af792daf60d390da051620e6125e56181c8133918f277ea5f78b52,repo_file_state,projectStateDb (sync-project -> syncVersionControlState),versionControlLedger,Rebuilt from git ls-files + git status on each projectStateDb run
pm/checkpoints/20260219T192515Z-0.2.0-beta.1-checkpoint/files/pm/reports/version-control-ledger.json,1,,1,191342,285a0142cff97de900743dcf06f46fcdfe387689d4e1ea0cf0377de4c230c6e0,repo_file_state,projectStateDb (sync-project -> syncVersionControlState),versionControlLedger,Rebuilt from git ls-files + git status on each projectStateDb run
pm/checkpoints/20260219T192515Z-0.2.0-beta.1-checkpoint/files/pm/reports/version.json,1,,1,208,4dd3fd06348b396b1bf4e7d35bf8765e6524d064e90901bebe0d26dfb1123ec4,repo_file_state,projectStateDb (sync-project -> syncVersionControlState),versionControlLedger,Rebuilt from git ls-files + git status on each projectStateDb run
pm/checkpoints/20260219T192515Z-0.2.0-beta.1-checkpoint/files/pm/reports/workbook-refresh-status.json,1,,1,96,da893a9d602c4b0508338ba3e4d68b59fdd719129a918860fea05098d8091968,repo_file_state,projectStateDb (sync-project -> syncVersionControlState),versionControlLedger,Rebuilt from git ls-files + git status on each projectStateDb run
pm/checkpoints/20260219T192515Z-0.2.0-beta.1-checkpoint/files/pm/state/action-sla-history.json,1,,1,297,b9bea184d79700231d769fc1a04a695b2d4663d0859b2d34ce99a1b296c5a7ed,repo_file_state,projectStateDb (sync-project -> syncVersionControlState),versionControlLedger,Rebuilt from git ls-files + git status on each projectStateDb run
pm/checkpoints/20260219T192515Z-0.2.0-beta.1-checkpoint/files/pm/state/application-realm.sqlite,1,,1,4452352,bed1748415218ead65b94c048080750acd9e60dc537047f852c54ad669272bc5,repo_file_state,projectStateDb (sync-project -> syncVersionControlState),versionControlLedger,Rebuilt from git ls-files + git status on each projectStateDb run
pm/checkpoints/20260219T192515Z-0.2.0-beta.1-checkpoint/files/pm/state/boilerplate-realm.sqlite,1,,1,2482176,26caede592ae4e0a234b4ed506ee709a9ad115a0517fa83a4090ebffa472abee,repo_file_state,projectStateDb (sync-project -> syncVersionControlState),versionControlLedger,Rebuilt from git ls-files + git status on each projectStateDb run
pm/checkpoints/20260219T192515Z-0.2.0-beta.1-checkpoint/files/pm/state/boilerplate-state.sqlite,1,,1,57344,7c9f176d67e543425e41190f26ee903c5b457a71e2f5d5eb761643065f55d246,repo_file_state,projectStateDb (sync-project -> syncVersionControlState),versionControlLedger,Rebuilt from git ls-files + git status on each projectStateDb run
pm/checkpoints/20260219T192515Z-0.2.0-beta.1-checkpoint/files/pm/state/pm-realm.sqlite,1,,1,24350720,a819796073e82594c45bc02765bc2b825e55319189617eab90f8213675a3ee9b,repo_file_state,projectStateDb (sync-project -> syncVersionControlState),versionControlLedger,Rebuilt from git ls-files + git status on each projectStateDb run
pm/checkpoints/20260219T192515Z-0.2.0-beta.1-checkpoint/files/pm/state/project-state.sqlite,1,,1,413696,73935dbfb637ca9179a3d02354818e7b8e4b8352e1f9c00c43e20e743cf165f5,repo_file_state,projectStateDb (sync-project -> syncVersionControlState),versionControlLedger,Rebuilt from git ls-files + git status on each projectStateDb run
pm/checkpoints/20260219T192515Z-0.2.0-beta.1-checkpoint/files/pm/state/realm-policy-snapshot.json,1,,1,56175,0cef9fba5b5211170451bb7d09f0a1b8e5008e370565575a42f2c2312f385d2c,repo_file_state,projectStateDb (sync-project -> syncVersionControlState),versionControlLedger,Rebuilt from git ls-files + git status on each projectStateDb run
pm/checkpoints/20260219T192515Z-0.2.0-beta.1-checkpoint/files/pm/state/reasoning-derived.sqlite,1,,1,24576,4d5b8efc02cc8a3145e70b02b0d5e8a988f859bba6a562993855d30b25adab45,repo_file_state,projectStateDb (sync-project -> syncVersionControlState),versionControlLedger,Rebuilt from git ls-files + git status on each projectStateDb run
pm/checkpoints/20260219T192515Z-0.2.0-beta.1-checkpoint/files/pm/state/reasoning-experience.sqlite,1,,1,28672,af96492758ef9bcd77f3cfdc18be2a29ac034ed3addd130dbad3f91f3e709a4a,repo_file_state,projectStateDb (sync-project -> syncVersionControlState),versionControlLedger,Rebuilt from git ls-files + git status on each projectStateDb run
pm/checkpoints/20260219T192515Z-0.2.0-beta.1-checkpoint/files/preview/afp-diag.json,1,,1,15959,a86944092b6ef9e0761e99481e32841052928cbbcf130ad08e75f813ad2f2a56,repo_file_state,projectStateDb (sync-project -> syncVersionControlState),versionControlLedger,Rebuilt from git ls-files + git status on each projectStateDb run
pm/checkpoints/20260219T192515Z-0.2.0-beta.1-checkpoint/files/preview/afp-meta.json,1,,1,59533,d2d8d379db1f5f0cc38b7c59ec32648aa8029aea109b860cb2c3722ced44c2c1,repo_file_state,projectStateDb (sync-project -> syncVersionControlState),versionControlLedger,Rebuilt from git ls-files + git status on each projectStateDb run
pm/checkpoints/20260219T192515Z-0.2.0-beta.1-checkpoint/files/preview/afp-output.html,1,,1,3461,f9028529313a32541fadf1c16ac3deb8f209a6970046bbe83a2805afa186ef9b,repo_file_state,projectStateDb (sync-project -> syncVersionControlState),versionControlLedger,Rebuilt from git ls-files + git status on each projectStateDb run
pm/checkpoints/20260219T192515Z-0.2.0-beta.1-checkpoint/files/preview/afp-output.pdf,1,,1,1957,718379405ebe33b7c3efe5f1972378a59fe0771e290cfd194f021dfc80fd9583,repo_file_state,projectStateDb (sync-project -> syncVersionControlState),versionControlLedger,Rebuilt from git ls-files + git status on each projectStateDb run
pm/checkpoints/20260219T192515Z-0.2.0-beta.1-checkpoint/files/preview/fidelity-report.json,1,,1,2384,814e3f5ed0f58f5f5b0130e4f915656b877aaa38e31f27e41d13d535ad48820e,repo_file_state,projectStateDb (sync-project -> syncVersionControlState),versionControlLedger,Rebuilt from git ls-files + git status on each projectStateDb run
pm/checkpoints/20260219T192515Z-0.2.0-beta.1-checkpoint/files/settings.gradle,1,,1,105,7680f2286961e469446946f22e8c47abcd9f0eb14458ae52a223f1bd4c8b633e,repo_file_state,projectStateDb (sync-project -> syncVersionControlState),versionControlLedger,Rebuilt from git ls-files + git status on each projectStateDb run
pm/checkpoints/20260219T192515Z-0.2.0-beta.1-checkpoint/manifest.json,1,,1,13438,d46d428a71c2bd175a7d1544b6db7c3c54c1bb8c762b6bf988bd65bd69345695,repo_file_state,projectStateDb (sync-project -> syncVersionControlState),versionControlLedger,Rebuilt from git ls-files + git status on each projectStateDb run
pm/checkpoints/index.json,1,,1,2364,fd3d68f35616307ef7e4cfc24215ea89984ebb043fc1c30e22ef8ca374137a1b,repo_file_state,projectStateDb (sync-project -> syncVersionControlState),versionControlLedger,Rebuilt from git ls-files + git status on each projectStateDb run
pm/policy/policy-rule-tables.sql,1,,1,20485,4353b8998f7ead1535ed89e793b23b72c02a72b60ef413d9ed9959ae9d713bcc,repo_file_state,projectStateDb (sync-project -> syncVersionControlState),versionControlLedger,Rebuilt from git ls-files + git status on each projectStateDb run
pm/reports/action-decision-suggestions.json,1,,1,2944,0480528f9969516eade8effc103f48c4120eaf113d72f18b29bef15c01bd449e,repo_file_state,projectStateDb (sync-project -> syncVersionControlState),versionControlLedger,Rebuilt from git ls-files + git status on each projectStateDb run
pm/reports/action-ingest-strict.json,1,,1,254,da1b17b3014922d27753aece1193073b662fb729c26a4643f978827578999384,repo_file_state,projectStateDb (sync-project -> syncVersionControlState),versionControlLedger,Rebuilt from git ls-files + git status on each projectStateDb run
pm/reports/action-items.json,1,,1,1968,62c688e57e3af794144cf09941b52716cb7e369924bc0595d1c60de8cd71341d,repo_file_state,projectStateDb (sync-project -> syncVersionControlState),versionControlLedger,Rebuilt from git ls-files + git status on each projectStateDb run
pm/reports/action-owner-summary.json,1,,1,282,e3743fc7f9c716c32145cfaaadbe80c5ba9e32bdc7f2f292e33f691e6092f09b,repo_file_state,projectStateDb (sync-project -> syncVersionControlState),versionControlLedger,Rebuilt from git ls-files + git status on each projectStateDb run
pm/reports/action-sla-trend.json,1,,1,476,d95a561e4265dca9b82fd461524991a739ce6f78afe5465f9cc0b45a9e46b5ee,repo_file_state,projectStateDb (sync-project -> syncVersionControlState),versionControlLedger,Rebuilt from git ls-files + git status on each projectStateDb run
pm/reports/application-realm-policy.json,1,,1,17683,4d4342565054aa6a1151def3fee31bd96051705faa683acc6b9ad7029c7e02d7,repo_file_state,projectStateDb (sync-project -> syncVersionControlState),versionControlLedger,Rebuilt from git ls-files + git status on each projectStateDb run
pm/reports/application-realm-token-search.json,1,,1,27133,7de5b9f34573d532d3e661b7b98ade07c1dfcb09c122fb7e718506a580e43d2f,repo_file_state,projectStateDb (sync-project -> syncVersionControlState),versionControlLedger,Rebuilt from git ls-files + git status on each projectStateDb run
pm/reports/boilerplate-package-files-with-context.csv,1,,1,30687,b758de1caf226737048feef7baa5cf0584c07b369b42af55d3a72453c8f6ba37,repo_file_state,projectStateDb (sync-project -> syncVersionControlState),versionControlLedger,Rebuilt from git ls-files + git status on each projectStateDb run
pm/reports/boilerplate-promotion-status.json,1,,1,11771,752ce5e06b9602eabf693b6fd83a28b369a5639db84b4a7c89244d1e48cf662a,repo_file_state,projectStateDb (sync-project -> syncVersionControlState),versionControlLedger,Rebuilt from git ls-files + git status on each projectStateDb run
pm/reports/boilerplate-realm-policy.json,1,,1,18648,73b97029bf107f66c0fe5974e129224d5cd96225e3f1f1b4a4804321b5ac35f3,repo_file_state,projectStateDb (sync-project -> syncVersionControlState),versionControlLedger,Rebuilt from git ls-files + git status on each projectStateDb run
pm/reports/cross-realm-action-token-search.json,1,M,1,122,bf2a577410d42012afa2175efc1e8b69ad5b72417d99c650d80dca40f6ce2d31,repo_file_state,projectStateDb (sync-project -> syncVersionControlState),versionControlLedger,Rebuilt from git ls-files + git status on each projectStateDb run
pm/reports/cross-realm-token-search.json,1,M,1,44445,3cba10f479fccc6faca89d1e80f5a52f4edd6eb9e36fa825a238b2763317756d,repo_file_state,projectStateDb (sync-project -> syncVersionControlState),versionControlLedger,Rebuilt from git ls-files + git status on each projectStateDb run
pm/reports/data-dictionary-lint.json,1,M,1,822,00f4777972a240db5a88a062a68c1e9ed9dfc31b9e86fba6942b8f6b40b0ca30,repo_file_state,projectStateDb (sync-project -> syncVersionControlState),versionControlLedger,Rebuilt from git ls-files + git status on each projectStateDb run
pm/reports/data-dictionary.json,1,M,1,13292,31597437e03a6853f779dc529f4bd8fc0492445804561500f87ca73abe703633,repo_file_state,projectStateDb (sync-project -> syncVersionControlState),versionControlLedger,Rebuilt from git ls-files + git status on each projectStateDb run
pm/reports/decision-priority-queue.json,1,,1,3751,a10778bbab173590b9d09b5497317bc7326e2f13f94073ed2c6c79e26c63559c,repo_file_state,projectStateDb (sync-project -> syncVersionControlState),versionControlLedger,Rebuilt from git ls-files + git status on each projectStateDb run
pm/reports/documentation-manifest.json,1,,1,16189,98e7da30670a06eddfa3c2fc2a06820417b7e0c1b58ea719233130fe3f08991e,repo_file_state,projectStateDb (sync-project -> syncVersionControlState),versionControlLedger,Rebuilt from git ls-files + git status on each projectStateDb run
pm/reports/governance-alerts.json,1,M,1,3514,c7d9c6dd63bf22ab5dfa16c767284fdce752ab96ed112b86d485c0928221b61a,repo_file_state,projectStateDb (sync-project -> syncVersionControlState),versionControlLedger,Rebuilt from git ls-files + git status on each projectStateDb run
pm/reports/identifier-registry.json,1,M,1,38916,acefb1623689b8944262b1fd0eea6c77c1977055d711d5beb705f89e1942cfd5,repo_file_state,projectStateDb (sync-project -> syncVersionControlState),versionControlLedger,Rebuilt from git ls-files + git status on each projectStateDb run
pm/reports/issues-effectiveness.json,1,,1,2845,ef2b2369c6c2c674bb301c3212f01cd3ae97f753ac9f2f861d4bc8b357cec81a,repo_file_state,projectStateDb (sync-project -> syncVersionControlState),versionControlLedger,Rebuilt from git ls-files + git status on each projectStateDb run
pm/reports/issues-log-tickle.json,1,M,1,990,f52e277f0ebb6127d58726729324e063a48f8bae91fab0a3779fbd985f1cce51,repo_file_state,projectStateDb (sync-project -> syncVersionControlState),versionControlLedger,Rebuilt from git ls-files + git status on each projectStateDb run
pm/reports/knowledge-base.json,1,,1,7137,630a63c84644e58920e03524d2f05950a08b36e3564d8d37842a6ca6416ed834,repo_file_state,projectStateDb (sync-project -> syncVersionControlState),versionControlLedger,Rebuilt from git ls-files + git status on each projectStateDb run
pm/reports/pm-realm-policy.json,1,,1,16944,36e262abbe6faeb50d6252ea19dc8998bd86ab57f07fef185b193e5249868d25,repo_file_state,projectStateDb (sync-project -> syncVersionControlState),versionControlLedger,Rebuilt from git ls-files + git status on each projectStateDb run
pm/reports/pm-realm-token-search.json,1,,1,24303,b2063b509ec9e9cb7e4e890f631962148f0eeba73c8b5a3436b8af9413ec8acd,repo_file_state,projectStateDb (sync-project -> syncVersionControlState),versionControlLedger,Rebuilt from git ls-files + git status on each projectStateDb run
pm/reports/policy-rules-lint.json,1,,1,487,82f6d1888b7dc34ea5038e2967258a8b7a32003a6a0e8684581f4e52d8d241ae,repo_file_state,projectStateDb (sync-project -> syncVersionControlState),versionControlLedger,Rebuilt from git ls-files + git status on each projectStateDb run
pm/reports/policy-rules.json,1,,1,21420,d3ab73e5fb23ec39f2ef47f8c699001fe3badb8f9ee735b4e5133837d86b846a,repo_file_state,projectStateDb (sync-project -> syncVersionControlState),versionControlLedger,Rebuilt from git ls-files + git status on each projectStateDb run
pm/reports/presentation-ref-lint.json,1,,1,398,2ef2069551aa467287dd19ab8166b8670e7459ea5cd4b0c8bf12acba1931caa3,repo_file_state,projectStateDb (sync-project -> syncVersionControlState),versionControlLedger,Rebuilt from git ls-files + git status on each projectStateDb run
pm/reports/project-plan-next-step.json,1,,1,4603,395bee08a9d0914f4aa0941967b7107209e8289adad459e9551565f45793d48a,repo_file_state,projectStateDb (sync-project -> syncVersionControlState),versionControlLedger,Rebuilt from git ls-files + git status on each projectStateDb run
pm/reports/project-plan-progress-data.json,1,,1,14412,5cee548e70e82094c125767307b6606e723fd5af5fbefa3297d42def0ec49fda,repo_file_state,projectStateDb (sync-project -> syncVersionControlState),versionControlLedger,Rebuilt from git ls-files + git status on each projectStateDb run
pm/reports/realm-knowledge-link-gate.json,1,,1,837,4bb5ab9c7b6b7cfcca8c077d9a71905d3481909268addfec42d2551ff5a8208e,repo_file_state,projectStateDb (sync-project -> syncVersionControlState),versionControlLedger,Rebuilt from git ls-files + git status on each projectStateDb run
pm/reports/realm-knowledge-sync.json,1,,1,1077,934b48054f1279199d6f9c5a5797e91c66a901443a26619fdfccbf3a4b8bfaf9,repo_file_state,projectStateDb (sync-project -> syncVersionControlState),versionControlLedger,Rebuilt from git ls-files + git status on each projectStateDb run
pm/reports/realm-policy-diff.json,1,,1,804,d4132a95a5d0daa7904c6854839733fe1aad72a62cb135cee5174b96973b943b,repo_file_state,projectStateDb (sync-project -> syncVersionControlState),versionControlLedger,Rebuilt from git ls-files + git status on each projectStateDb run
pm/reports/realm-policy-sync.json,1,,1,456,12f4fee2b67b416a8e492cb2463ae447d6a384788585698f93a80cb414e64cb4,repo_file_state,projectStateDb (sync-project -> syncVersionControlState),versionControlLedger,Rebuilt from git ls-files + git status on each projectStateDb run
pm/reports/reasoning-drive.json,1,,1,2813,94fcaa462016af256b9c80452a924da18d57a056730d937fa42ec564b52fce67,repo_file_state,projectStateDb (sync-project -> syncVersionControlState),versionControlLedger,Rebuilt from git ls-files + git status on each projectStateDb run
pm/reports/recovery-status.json,1,,1,1973,6e6102fcf36e1cf7289f7d7e33ab02bab6fa18bdb7f3c4f32ec40647821aed05,repo_file_state,projectStateDb (sync-project -> syncVersionControlState),versionControlLedger,Rebuilt from git ls-files + git status on each projectStateDb run
pm/reports/repo-file-inventory-with-context.csv,1,,1,230426,2f9ff42650323b53e6adf90079c693f0f4e5e2dd591a203fd78ffb3e0ec9df5f,repo_file_state,projectStateDb (sync-project -> syncVersionControlState),versionControlLedger,Rebuilt from git ls-files + git status on each projectStateDb run
pm/reports/sql-authority-application.json,1,M,1,227,1875d8993f6d7ed19a421a9ecdcf8ad0969b0f79ba79371415cb2c3ea1d91e03,repo_file_state,projectStateDb (sync-project -> syncVersionControlState),versionControlLedger,Rebuilt from git ls-files + git status on each projectStateDb run
pm/reports/sql-authority-boilerplate.json,1,M,1,227,4b42b24c52eeaaaa1f0c1c14b1c31b7164581db993dae19fd64af806f970482f,repo_file_state,projectStateDb (sync-project -> syncVersionControlState),versionControlLedger,Rebuilt from git ls-files + git status on each projectStateDb run
pm/reports/sql-authority-pm.json,1,M,1,218,944969ccf2a1f5da5f0f54c620a503d77ecd4288e12246f30ad19c03d4e2723c,repo_file_state,projectStateDb (sync-project -> syncVersionControlState),versionControlLedger,Rebuilt from git ls-files + git status on each projectStateDb run
pm/reports/sql-coverage-application.json,1,,1,330,36d1a45542e83d7f0b2fab5c4ec80a93b99d3bcce7bbc07288ce38326f343583,repo_file_state,projectStateDb (sync-project -> syncVersionControlState),versionControlLedger,Rebuilt from git ls-files + git status on each projectStateDb run
pm/reports/sql-coverage-boilerplate.json,1,,1,330,977e6f078fbbedb7d07ef0f216207aead8a98ede58503ac3b36606a75b1e42fc,repo_file_state,projectStateDb (sync-project -> syncVersionControlState),versionControlLedger,Rebuilt from git ls-files + git status on each projectStateDb run
pm/reports/sql-coverage-pm.json,1,,1,321,f2f0a16ef26d124f74276daa0fd8575a913d85c562c9d083bed96f38a383622c,repo_file_state,projectStateDb (sync-project -> syncVersionControlState),versionControlLedger,Rebuilt from git ls-files + git status on each projectStateDb run
pm/reports/sql-drift-summary.json,1,,1,768,dd9b6eba736dd8acb0eebe338714653c4c9e9befd43f7fa004af7e8547d8fa94,repo_file_state,projectStateDb (sync-project -> syncVersionControlState),versionControlLedger,Rebuilt from git ls-files + git status on each projectStateDb run
pm/reports/sql-reconstruction-application.json,1,,1,227,9f9c1457e78f6869db179393befabcf7db21bcdc793143d5bed16d08dece9969,repo_file_state,projectStateDb (sync-project -> syncVersionControlState),versionControlLedger,Rebuilt from git ls-files + git status on each projectStateDb run
pm/reports/sql-reconstruction-boilerplate.json,1,,1,227,1ab6beef4aa1181c3c4aca12c8705b736590f7b479badce5c35e62ec527cc3ec,repo_file_state,projectStateDb (sync-project -> syncVersionControlState),versionControlLedger,Rebuilt from git ls-files + git status on each projectStateDb run
pm/reports/sql-reconstruction-pm.json,1,,1,218,73b8a3794990588e843af5cffb77dfad74d15c45c2d11927aeaf779a86cf70de,repo_file_state,projectStateDb (sync-project -> syncVersionControlState),versionControlLedger,Rebuilt from git ls-files + git status on each projectStateDb run
pm/reports/version-control-ledger.json,1,,1,215506,631705bcffe38d558f6e3a96e14bbd0a84d84f077d37fcc16cf68ade6ae834ff,repo_file_state,projectStateDb (sync-project -> syncVersionControlState),versionControlLedger,Rebuilt from git ls-files + git status on each projectStateDb run
pm/reports/version.json,1,,1,208,96e32eda6f603d56d250179ee39cc827b81bf70f413ac91c0573e1022797ff23,repo_file_state,projectStateDb (sync-project -> syncVersionControlState),versionControlLedger,Rebuilt from git ls-files + git status on each projectStateDb run
pm/reports/workbook-refresh-status.json,1,,1,96,da893a9d602c4b0508338ba3e4d68b59fdd719129a918860fea05098d8091968,repo_file_state,projectStateDb (sync-project -> syncVersionControlState),versionControlLedger,Rebuilt from git ls-files + git status on each projectStateDb run
pm/security/authorized-databases.json,1,,1,1546,abeba60225e5904f72280e0ba9bf8291642d1b5c3e572d9a7255d174c025e28d,repo_file_state,projectStateDb (sync-project -> syncVersionControlState),versionControlLedger,Rebuilt from git ls-files + git status on each projectStateDb run
pm/state/action-sla-history.json,1,,1,297,60ff6e0b64b72fc73f5405111c60133fee7d122b9ed86f74f7170db36434844a,repo_file_state,projectStateDb (sync-project -> syncVersionControlState),versionControlLedger,Rebuilt from git ls-files + git status on each projectStateDb run
pm/state/application-realm.sqlite,1,M,1,4464640,1c1efd95aae95519905e0c91a8b0ca11be070d11832473e51fe1cbc46fc490d6,repo_file_state,projectStateDb (sync-project -> syncVersionControlState),versionControlLedger,Rebuilt from git ls-files + git status on each projectStateDb run
pm/state/boilerplate-realm.sqlite,1,M,1,2498560,fbdc22671210fb407f37bb2172bf7b9fcfed8d86f3b2739b171c2bb038ceeb44,repo_file_state,projectStateDb (sync-project -> syncVersionControlState),versionControlLedger,Rebuilt from git ls-files + git status on each projectStateDb run
pm/state/boilerplate-state.sqlite,1,M,1,81920,90a144432a84bb4f586ee26b57c4130f231f34ded46f39bd2805f625571b2c79,repo_file_state,projectStateDb (sync-project -> syncVersionControlState),versionControlLedger,Rebuilt from git ls-files + git status on each projectStateDb run
pm/state/critical-db-sha256.txt,1,,1,690,7a12d78a2f8c4dd4b1bb7581bed90a32be4069f2598706a6488c4deab73a2ceb,repo_file_state,projectStateDb (sync-project -> syncVersionControlState),versionControlLedger,Rebuilt from git ls-files + git status on each projectStateDb run
pm/state/pm-realm.sqlite,1,M,1,24350720,25252afa0b462fecfb4f4625b7bf14d04733c4e2d82f0c50c64d2f3e1a27e40c,repo_file_state,projectStateDb (sync-project -> syncVersionControlState),versionControlLedger,Rebuilt from git ls-files + git status on each projectStateDb run
pm/state/project-state.sqlite,1,M,1,479232,aa9944b1eca7a897c12741dc7573f7a0df8fc777bb98221a369cf605a0388652,repo_file_state,projectStateDb (sync-project -> syncVersionControlState),versionControlLedger,Rebuilt from git ls-files + git status on each projectStateDb run
pm/state/realm-policy-snapshot.json,1,,1,58908,e7b8216d0ad3b026381cddac6cfde53f6ffc3d786a89bebf80c0991a89e89ffc,repo_file_state,projectStateDb (sync-project -> syncVersionControlState),versionControlLedger,Rebuilt from git ls-files + git status on each projectStateDb run
pm/state/reasoning-derived.sqlite,1,,1,24576,460fd0ac063ecb9cdea3392e325476be6d4bad1e320efb0a59a5af0c77272e14,repo_file_state,projectStateDb (sync-project -> syncVersionControlState),versionControlLedger,Rebuilt from git ls-files + git status on each projectStateDb run
pm/state/reasoning-experience.sqlite,1,,1,28672,a4e0f3454a15cb57ee35177cbcaff668bbef1a492d73f93084d063dc28ea92a9,repo_file_state,projectStateDb (sync-project -> syncVersionControlState),versionControlLedger,Rebuilt from git ls-files + git status on each projectStateDb run
pm/workflow/binary-artifact-policy.txt,1,,1,1090,2bce1e3d8e7d4b7f0d90e2bea0e60ce6cf14735d1ad1e43bc1d62372f7ab49f0,repo_file_state,projectStateDb (sync-project -> syncVersionControlState),versionControlLedger,Rebuilt from git ls-files + git status on each projectStateDb run
pm/workflow/minimal-snapshot-keep.txt,1,,1,987,db33a9951f43c49e65b534e68c863437e89302abb7ee619616fc4c0d96ce2dff,repo_file_state,projectStateDb (sync-project -> syncVersionControlState),versionControlLedger,Rebuilt from git ls-files + git status on each projectStateDb run
pm/workflow/realm-managed-manifest.json,1,,1,1945,483e9a739e78b935aebf7e7047f505ab66caaeb0df06f7a02cbb300374e3073d,repo_file_state,projectStateDb (sync-project -> syncVersionControlState),versionControlLedger,Rebuilt from git ls-files + git status on each projectStateDb run
pm/workflow/workflow-manifest.json,1,,1,2498,524ce946337388101c09209456e8182fdb97d14ba07343e139173609bc1ba5b2,repo_file_state,projectStateDb (sync-project -> syncVersionControlState),versionControlLedger,Rebuilt from git ls-files + git status on each projectStateDb run
preview/afp-diag.json,1,,1,15959,a86944092b6ef9e0761e99481e32841052928cbbcf130ad08e75f813ad2f2a56,repo_file_state,projectStateDb (sync-project -> syncVersionControlState),versionControlLedger,Rebuilt from git ls-files + git status on each projectStateDb run
preview/afp-meta.json,1,,1,59533,d2d8d379db1f5f0cc38b7c59ec32648aa8029aea109b860cb2c3722ced44c2c1,repo_file_state,projectStateDb (sync-project -> syncVersionControlState),versionControlLedger,Rebuilt from git ls-files + git status on each projectStateDb run
preview/afp-output.html,1,,1,3461,f9028529313a32541fadf1c16ac3deb8f209a6970046bbe83a2805afa186ef9b,repo_file_state,projectStateDb (sync-project -> syncVersionControlState),versionControlLedger,Rebuilt from git ls-files + git status on each projectStateDb run
preview/afp-output.pdf,1,,1,1957,dacbc0b7922fa399943e897c3bbcbd2040b6918e9fb5920537448d806a2b1b73,repo_file_state,projectStateDb (sync-project -> syncVersionControlState),versionControlLedger,Rebuilt from git ls-files + git status on each projectStateDb run
preview/ci-artifacts/latest/AI-POLICY.md,1,,1,20439,c0371c8da8f7400053e61bba568b06f13210b7c6c43c226841bdb233167df7b4,repo_file_state,projectStateDb (sync-project -> syncVersionControlState),versionControlLedger,Rebuilt from git ls-files + git status on each projectStateDb run
preview/ci-artifacts/latest/NATIVE_RENDERER_PLAN.md,1,,1,6528,c48ff48d8f9b0e36a4afbd14e02ac60e2c335b2439c64055a8bbb7b357645391,repo_file_state,projectStateDb (sync-project -> syncVersionControlState),versionControlLedger,Rebuilt from git ls-files + git status on each projectStateDb run
preview/ci-artifacts/latest/PRESENTATION_ID_MIGRATION.md,1,,1,895,30ba16906901115d798d706cfe603c981e1de15e4b318597ea50079d6a0596d3,repo_file_state,projectStateDb (sync-project -> syncVersionControlState),versionControlLedger,Rebuilt from git ls-files + git status on each projectStateDb run
preview/ci-artifacts/latest/SESSION_CHANGELOG.md,1,,1,61382,7c87b7b004fadc531ada582cd1d6bcdbf9e7f3afee847128ec393675d6b0a7b9,repo_file_state,projectStateDb (sync-project -> syncVersionControlState),versionControlLedger,Rebuilt from git ls-files + git status on each projectStateDb run
preview/ci-artifacts/latest/VERSION,1,,1,13,214374e4ab6ceb79d5fa5ff001fe9bbcbea31c3fd8c6bd42d48e7efaf6b2ce9f,repo_file_state,projectStateDb (sync-project -> syncVersionControlState),versionControlLedger,Rebuilt from git ls-files + git status on each projectStateDb run
preview/ci-artifacts/latest/action-decision-suggestions.json,1,,1,2944,0480528f9969516eade8effc103f48c4120eaf113d72f18b29bef15c01bd449e,repo_file_state,projectStateDb (sync-project -> syncVersionControlState),versionControlLedger,Rebuilt from git ls-files + git status on each projectStateDb run
preview/ci-artifacts/latest/action-ingest-strict.json,1,,1,254,da1b17b3014922d27753aece1193073b662fb729c26a4643f978827578999384,repo_file_state,projectStateDb (sync-project -> syncVersionControlState),versionControlLedger,Rebuilt from git ls-files + git status on each projectStateDb run
preview/ci-artifacts/latest/action-items.json,1,,1,1968,62c688e57e3af794144cf09941b52716cb7e369924bc0595d1c60de8cd71341d,repo_file_state,projectStateDb (sync-project -> syncVersionControlState),versionControlLedger,Rebuilt from git ls-files + git status on each projectStateDb run
preview/ci-artifacts/latest/action-owner-summary.json,1,,1,282,e3743fc7f9c716c32145cfaaadbe80c5ba9e32bdc7f2f292e33f691e6092f09b,repo_file_state,projectStateDb (sync-project -> syncVersionControlState),versionControlLedger,Rebuilt from git ls-files + git status on each projectStateDb run
preview/ci-artifacts/latest/action-sla-history.json,1,,1,297,60ff6e0b64b72fc73f5405111c60133fee7d122b9ed86f74f7170db36434844a,repo_file_state,projectStateDb (sync-project -> syncVersionControlState),versionControlLedger,Rebuilt from git ls-files + git status on each projectStateDb run
preview/ci-artifacts/latest/action-sla-trend.json,1,,1,476,d95a561e4265dca9b82fd461524991a739ce6f78afe5465f9cc0b45a9e46b5ee,repo_file_state,projectStateDb (sync-project -> syncVersionControlState),versionControlLedger,Rebuilt from git ls-files + git status on each projectStateDb run
preview/ci-artifacts/latest/afp-diag.json,1,,1,15959,a86944092b6ef9e0761e99481e32841052928cbbcf130ad08e75f813ad2f2a56,repo_file_state,projectStateDb (sync-project -> syncVersionControlState),versionControlLedger,Rebuilt from git ls-files + git status on each projectStateDb run
preview/ci-artifacts/latest/afp-meta.json,1,,1,59533,d2d8d379db1f5f0cc38b7c59ec32648aa8029aea109b860cb2c3722ced44c2c1,repo_file_state,projectStateDb (sync-project -> syncVersionControlState),versionControlLedger,Rebuilt from git ls-files + git status on each projectStateDb run
preview/ci-artifacts/latest/afp-output.html,1,,1,3461,f9028529313a32541fadf1c16ac3deb8f209a6970046bbe83a2805afa186ef9b,repo_file_state,projectStateDb (sync-project -> syncVersionControlState),versionControlLedger,Rebuilt from git ls-files + git status on each projectStateDb run
preview/ci-artifacts/latest/afp-output.pdf,1,,1,1957,dacbc0b7922fa399943e897c3bbcbd2040b6918e9fb5920537448d806a2b1b73,repo_file_state,projectStateDb (sync-project -> syncVersionControlState),versionControlLedger,Rebuilt from git ls-files + git status on each projectStateDb run
preview/ci-artifacts/latest/application-realm-policy.json,1,,1,17683,4d4342565054aa6a1151def3fee31bd96051705faa683acc6b9ad7029c7e02d7,repo_file_state,projectStateDb (sync-project -> syncVersionControlState),versionControlLedger,Rebuilt from git ls-files + git status on each projectStateDb run
preview/ci-artifacts/latest/application-realm.sqlite,1,,1,4464640,8344729502c6283f88753805fb6d53944a2ade93e758068150b5b8ab7f660773,repo_file_state,projectStateDb (sync-project -> syncVersionControlState),versionControlLedger,Rebuilt from git ls-files + git status on each projectStateDb run
preview/ci-artifacts/latest/boilerplate-package-files-with-context.csv,1,,1,30687,b758de1caf226737048feef7baa5cf0584c07b369b42af55d3a72453c8f6ba37,repo_file_state,projectStateDb (sync-project -> syncVersionControlState),versionControlLedger,Rebuilt from git ls-files + git status on each projectStateDb run
preview/ci-artifacts/latest/boilerplate-promotion-status.json,1,,1,11771,752ce5e06b9602eabf693b6fd83a28b369a5639db84b4a7c89244d1e48cf662a,repo_file_state,projectStateDb (sync-project -> syncVersionControlState),versionControlLedger,Rebuilt from git ls-files + git status on each projectStateDb run
preview/ci-artifacts/latest/boilerplate-realm-policy.json,1,,1,18648,73b97029bf107f66c0fe5974e129224d5cd96225e3f1f1b4a4804321b5ac35f3,repo_file_state,projectStateDb (sync-project -> syncVersionControlState),versionControlLedger,Rebuilt from git ls-files + git status on each projectStateDb run
preview/ci-artifacts/latest/boilerplate-realm.sqlite,1,,1,2498560,3f101108ff4fb33091a5091a62e44f1287b6a8625628eff46f1a64605987aa9b,repo_file_state,projectStateDb (sync-project -> syncVersionControlState),versionControlLedger,Rebuilt from git ls-files + git status on each projectStateDb run
preview/ci-artifacts/latest/boilerplate-state.sqlite,1,,1,81920,962739fec931db51331d143bf85fae0d134051e119cb7054499397811c230e0e,repo_file_state,projectStateDb (sync-project -> syncVersionControlState),versionControlLedger,Rebuilt from git ls-files + git status on each projectStateDb run
preview/ci-artifacts/latest/boilerplate-sync-candidates.xlsx,1,,1,9423,45f7d480ea7b954b4eea15a2eee4f84781d45762e7ce0de0081645448d711dc0,repo_file_state,projectStateDb (sync-project -> syncVersionControlState),versionControlLedger,Rebuilt from git ls-files + git status on each projectStateDb run
preview/ci-artifacts/latest/cross-realm-action-token-search.json,1,,1,122,3d5d884a9e6407990160a2a39907fee56ae656725070a0aba53df7a710dbec4e,repo_file_state,projectStateDb (sync-project -> syncVersionControlState),versionControlLedger,Rebuilt from git ls-files + git status on each projectStateDb run
preview/ci-artifacts/latest/cross-realm-token-search.json,1,,1,44445,2be4f82489e338816b9f26afdfccea26f82a6c5bea2cc10a9a5e1b2fb492b298,repo_file_state,projectStateDb (sync-project -> syncVersionControlState),versionControlLedger,Rebuilt from git ls-files + git status on each projectStateDb run
preview/ci-artifacts/latest/data-dictionary-lint.json,1,,1,822,0c884624890ac8a09de2d48cdc87a97a8e840b128b751e6b567447db153deb09,repo_file_state,projectStateDb (sync-project -> syncVersionControlState),versionControlLedger,Rebuilt from git ls-files + git status on each projectStateDb run
preview/ci-artifacts/latest/data-dictionary.json,1,,1,13292,5e15c4b438eaed3253c9fb4ef46cdda6d12e792176149dc2baeb2998405fc7c3,repo_file_state,projectStateDb (sync-project -> syncVersionControlState),versionControlLedger,Rebuilt from git ls-files + git status on each projectStateDb run
preview/ci-artifacts/latest/decision-priority-queue.json,1,,1,3751,a10778bbab173590b9d09b5497317bc7326e2f13f94073ed2c6c79e26c63559c,repo_file_state,projectStateDb (sync-project -> syncVersionControlState),versionControlLedger,Rebuilt from git ls-files + git status on each projectStateDb run
preview/ci-artifacts/latest/documentation-manifest.json,1,,1,16189,98e7da30670a06eddfa3c2fc2a06820417b7e0c1b58ea719233130fe3f08991e,repo_file_state,projectStateDb (sync-project -> syncVersionControlState),versionControlLedger,Rebuilt from git ls-files + git status on each projectStateDb run
preview/ci-artifacts/latest/fidelity-corpus.txt,1,,1,153,e3750b6d368a66e26ac0885f120f4eaa9e3064393c2d396fbda6d942d80b8f32,repo_file_state,projectStateDb (sync-project -> syncVersionControlState),versionControlLedger,Rebuilt from git ls-files + git status on each projectStateDb run
preview/ci-artifacts/latest/fidelity-report.json,1,,1,2384,814e3f5ed0f58f5f5b0130e4f915656b877aaa38e31f27e41d13d535ad48820e,repo_file_state,projectStateDb (sync-project -> syncVersionControlState),versionControlLedger,Rebuilt from git ls-files + git status on each projectStateDb run
preview/ci-artifacts/latest/governance-alerts.json,1,,1,3514,8a82ebd57715e0166812904168f77316134cc24f51156ecc6d4bb5945e5d7496,repo_file_state,projectStateDb (sync-project -> syncVersionControlState),versionControlLedger,Rebuilt from git ls-files + git status on each projectStateDb run
preview/ci-artifacts/latest/identifier-registry.json,1,,1,38502,cb379d8addfb5fb60cda660541bffd832950e8d57e7e2c93efcaf5cff7632a49,repo_file_state,projectStateDb (sync-project -> syncVersionControlState),versionControlLedger,Rebuilt from git ls-files + git status on each projectStateDb run
preview/ci-artifacts/latest/index.json,1,,1,15433,79c0115f582c02fc3bd3199da8d55c0b6cb165f2787c442029aa51ebc8ca1019,repo_file_state,projectStateDb (sync-project -> syncVersionControlState),versionControlLedger,Rebuilt from git ls-files + git status on each projectStateDb run
preview/ci-artifacts/latest/issues-effectiveness.json,1,,1,2845,ef2b2369c6c2c674bb301c3212f01cd3ae97f753ac9f2f861d4bc8b357cec81a,repo_file_state,projectStateDb (sync-project -> syncVersionControlState),versionControlLedger,Rebuilt from git ls-files + git status on each projectStateDb run
preview/ci-artifacts/latest/issues-log-tickle.json,1,,1,1783,ea4d5ea40dbd0ade1fe5b66deea0e7b1ca7290fd1656b277e22ef41da312ddf0,repo_file_state,projectStateDb (sync-project -> syncVersionControlState),versionControlLedger,Rebuilt from git ls-files + git status on each projectStateDb run
preview/ci-artifacts/latest/knowledge-base.json,1,,1,7137,630a63c84644e58920e03524d2f05950a08b36e3564d8d37842a6ca6416ed834,repo_file_state,projectStateDb (sync-project -> syncVersionControlState),versionControlLedger,Rebuilt from git ls-files + git status on each projectStateDb run
preview/ci-artifacts/latest/pm-realm-policy.json,1,,1,16944,36e262abbe6faeb50d6252ea19dc8998bd86ab57f07fef185b193e5249868d25,repo_file_state,projectStateDb (sync-project -> syncVersionControlState),versionControlLedger,Rebuilt from git ls-files + git status on each projectStateDb run
preview/ci-artifacts/latest/pm-realm.sqlite,1,,1,24350720,d715f19628c8455b61c6e15ea16c1c6f0f28c8ebabb22c162d6e51c32c519793,repo_file_state,projectStateDb (sync-project -> syncVersionControlState),versionControlLedger,Rebuilt from git ls-files + git status on each projectStateDb run
preview/ci-artifacts/latest/policy-governance-events.csv,1,,1,1713,2d467921ce88a08b270c72a87a0149aa0948e976e1aff13ea13f5858a9b68ea5,repo_file_state,projectStateDb (sync-project -> syncVersionControlState),versionControlLedger,Rebuilt from git ls-files + git status on each projectStateDb run
preview/ci-artifacts/latest/policy-governance-events.xlsx,1,,1,4348,ba16b89a7e69eac6a63702a7bd3e741e41e9c8bd8c1b1c01cf5e9a706c0757e6,repo_file_state,projectStateDb (sync-project -> syncVersionControlState),versionControlLedger,Rebuilt from git ls-files + git status on each projectStateDb run
preview/ci-artifacts/latest/policy-rule-tables.sql,1,,1,20485,4353b8998f7ead1535ed89e793b23b72c02a72b60ef413d9ed9959ae9d713bcc,repo_file_state,projectStateDb (sync-project -> syncVersionControlState),versionControlLedger,Rebuilt from git ls-files + git status on each projectStateDb run
preview/ci-artifacts/latest/policy-rules-lint.json,1,,1,487,82f6d1888b7dc34ea5038e2967258a8b7a32003a6a0e8684581f4e52d8d241ae,repo_file_state,projectStateDb (sync-project -> syncVersionControlState),versionControlLedger,Rebuilt from git ls-files + git status on each projectStateDb run
preview/ci-artifacts/latest/policy-rules.json,1,,1,21420,d3ab73e5fb23ec39f2ef47f8c699001fe3badb8f9ee735b4e5133837d86b846a,repo_file_state,projectStateDb (sync-project -> syncVersionControlState),versionControlLedger,Rebuilt from git ls-files + git status on each projectStateDb run
preview/ci-artifacts/latest/presentation-ref-lint.json,1,,1,398,2ef2069551aa467287dd19ab8166b8670e7459ea5cd4b0c8bf12acba1931caa3,repo_file_state,projectStateDb (sync-project -> syncVersionControlState),versionControlLedger,Rebuilt from git ls-files + git status on each projectStateDb run
preview/ci-artifacts/latest/project-plan-next-step.json,1,,1,4603,395bee08a9d0914f4aa0941967b7107209e8289adad459e9551565f45793d48a,repo_file_state,projectStateDb (sync-project -> syncVersionControlState),versionControlLedger,Rebuilt from git ls-files + git status on each projectStateDb run
preview/ci-artifacts/latest/project-plan-progress-data.json,1,,1,14412,5cee548e70e82094c125767307b6606e723fd5af5fbefa3297d42def0ec49fda,repo_file_state,projectStateDb (sync-project -> syncVersionControlState),versionControlLedger,Rebuilt from git ls-files + git status on each projectStateDb run
preview/ci-artifacts/latest/project-plan-progress.csv,1,,1,8658,6c3aa6820d8391d8f93cb32304a8cf4244f6634553ac729a1197a77c0bdca07c,repo_file_state,projectStateDb (sync-project -> syncVersionControlState),versionControlLedger,Rebuilt from git ls-files + git status on each projectStateDb run
preview/ci-artifacts/latest/project-plan-progress.xlsx,1,,1,13341,b50e4ddf0589a1dbae3359297a47505f24c9b4ea6d4bc5e635fa2f384d659b12,repo_file_state,projectStateDb (sync-project -> syncVersionControlState),versionControlLedger,Rebuilt from git ls-files + git status on each projectStateDb run
preview/ci-artifacts/latest/project-plan.md,1,,1,8014,f083dbbd4de816cced5cad003f90769ceb1a7d2f984e1693735c73e7019039c7,repo_file_state,projectStateDb (sync-project -> syncVersionControlState),versionControlLedger,Rebuilt from git ls-files + git status on each projectStateDb run
preview/ci-artifacts/latest/project-state.sqlite,1,,1,479232,2dfbb213d863ce6b8cf3648164b51fc5116a238253af4722f15135d1a0e79d79,repo_file_state,projectStateDb (sync-project -> syncVersionControlState),versionControlLedger,Rebuilt from git ls-files + git status on each projectStateDb run
preview/ci-artifacts/latest/realm-knowledge-link-gate.json,1,,1,838,9fe62dc695e7491ef1d35f268226a28a0e0a3e4010da28f4933a854ad1b93731,repo_file_state,projectStateDb (sync-project -> syncVersionControlState),versionControlLedger,Rebuilt from git ls-files + git status on each projectStateDb run
preview/ci-artifacts/latest/realm-knowledge-sync.json,1,,1,1077,934b48054f1279199d6f9c5a5797e91c66a901443a26619fdfccbf3a4b8bfaf9,repo_file_state,projectStateDb (sync-project -> syncVersionControlState),versionControlLedger,Rebuilt from git ls-files + git status on each projectStateDb run
preview/ci-artifacts/latest/realm-policy-diff.json,1,,1,804,d4132a95a5d0daa7904c6854839733fe1aad72a62cb135cee5174b96973b943b,repo_file_state,projectStateDb (sync-project -> syncVersionControlState),versionControlLedger,Rebuilt from git ls-files + git status on each projectStateDb run
preview/ci-artifacts/latest/realm-policy-snapshot.json,1,,1,58908,e7b8216d0ad3b026381cddac6cfde53f6ffc3d786a89bebf80c0991a89e89ffc,repo_file_state,projectStateDb (sync-project -> syncVersionControlState),versionControlLedger,Rebuilt from git ls-files + git status on each projectStateDb run
preview/ci-artifacts/latest/realm-policy-sync.json,1,,1,456,12f4fee2b67b416a8e492cb2463ae447d6a384788585698f93a80cb414e64cb4,repo_file_state,projectStateDb (sync-project -> syncVersionControlState),versionControlLedger,Rebuilt from git ls-files + git status on each projectStateDb run
preview/ci-artifacts/latest/reasoning-derived.sqlite,1,,1,24576,460fd0ac063ecb9cdea3392e325476be6d4bad1e320efb0a59a5af0c77272e14,repo_file_state,projectStateDb (sync-project -> syncVersionControlState),versionControlLedger,Rebuilt from git ls-files + git status on each projectStateDb run
preview/ci-artifacts/latest/reasoning-drive.json,1,,1,2813,94fcaa462016af256b9c80452a924da18d57a056730d937fa42ec564b52fce67,repo_file_state,projectStateDb (sync-project -> syncVersionControlState),versionControlLedger,Rebuilt from git ls-files + git status on each projectStateDb run
preview/ci-artifacts/latest/reasoning-experience.sqlite,1,,1,28672,a4e0f3454a15cb57ee35177cbcaff668bbef1a492d73f93084d063dc28ea92a9,repo_file_state,projectStateDb (sync-project -> syncVersionControlState),versionControlLedger,Rebuilt from git ls-files + git status on each projectStateDb run
preview/ci-artifacts/latest/repo-file-inventory-with-context.csv,1,,1,230426,2f9ff42650323b53e6adf90079c693f0f4e5e2dd591a203fd78ffb3e0ec9df5f,repo_file_state,projectStateDb (sync-project -> syncVersionControlState),versionControlLedger,Rebuilt from git ls-files + git status on each projectStateDb run
preview/ci-artifacts/latest/sql-authority-application.json,1,,1,227,b68ed57131b342f57c6197a0fe68a40755e4df4a378703217d25114d1c6fe05d,repo_file_state,projectStateDb (sync-project -> syncVersionControlState),versionControlLedger,Rebuilt from git ls-files + git status on each projectStateDb run
preview/ci-artifacts/latest/sql-authority-boilerplate.json,1,,1,227,9061d6dfac076bfd7dcbf384ad5a9140932fa75861fdf78317bca6e155917152,repo_file_state,projectStateDb (sync-project -> syncVersionControlState),versionControlLedger,Rebuilt from git ls-files + git status on each projectStateDb run
preview/ci-artifacts/latest/sql-authority-pm.json,1,,1,218,a56462becad49e458379a8f3371a08f8d0b2b8528d4daf6a3bd05ce3faa121a9,repo_file_state,projectStateDb (sync-project -> syncVersionControlState),versionControlLedger,Rebuilt from git ls-files + git status on each projectStateDb run
preview/ci-artifacts/latest/sql-coverage-application.json,1,,1,330,36d1a45542e83d7f0b2fab5c4ec80a93b99d3bcce7bbc07288ce38326f343583,repo_file_state,projectStateDb (sync-project -> syncVersionControlState),versionControlLedger,Rebuilt from git ls-files + git status on each projectStateDb run
preview/ci-artifacts/latest/sql-coverage-boilerplate.json,1,,1,330,977e6f078fbbedb7d07ef0f216207aead8a98ede58503ac3b36606a75b1e42fc,repo_file_state,projectStateDb (sync-project -> syncVersionControlState),versionControlLedger,Rebuilt from git ls-files + git status on each projectStateDb run
preview/ci-artifacts/latest/sql-coverage-pm.json,1,,1,321,f2f0a16ef26d124f74276daa0fd8575a913d85c562c9d083bed96f38a383622c,repo_file_state,projectStateDb (sync-project -> syncVersionControlState),versionControlLedger,Rebuilt from git ls-files + git status on each projectStateDb run
preview/ci-artifacts/latest/sql-reconstruction-application.json,1,,1,227,4bc7164c512bfdf3189bf85ee5f8fd045db15ee30952ce159c3e2bd5c89390d6,repo_file_state,projectStateDb (sync-project -> syncVersionControlState),versionControlLedger,Rebuilt from git ls-files + git status on each projectStateDb run
preview/ci-artifacts/latest/sql-reconstruction-boilerplate.json,1,,1,227,1b6f42fae698d3110c01bed00ae825828878245b0b6bfccfc344b754f89a4209,repo_file_state,projectStateDb (sync-project -> syncVersionControlState),versionControlLedger,Rebuilt from git ls-files + git status on each projectStateDb run
preview/ci-artifacts/latest/sql-reconstruction-pm.json,1,,1,218,f420ae5bb8af792daf60d390da051620e6125e56181c8133918f277ea5f78b52,repo_file_state,projectStateDb (sync-project -> syncVersionControlState),versionControlLedger,Rebuilt from git ls-files + git status on each projectStateDb run
preview/ci-artifacts/latest/version-control-ledger.json,1,,1,215506,631705bcffe38d558f6e3a96e14bbd0a84d84f077d37fcc16cf68ade6ae834ff,repo_file_state,projectStateDb (sync-project -> syncVersionControlState),versionControlLedger,Rebuilt from git ls-files + git status on each projectStateDb run
preview/ci-artifacts/latest/version.json,1,,1,208,96e32eda6f603d56d250179ee39cc827b81bf70f413ac91c0573e1022797ff23,repo_file_state,projectStateDb (sync-project -> syncVersionControlState),versionControlLedger,Rebuilt from git ls-files + git status on each projectStateDb run
preview/ci-artifacts/latest/workbook-refresh-status.json,1,,1,96,da893a9d602c4b0508338ba3e4d68b59fdd719129a918860fea05098d8091968,repo_file_state,projectStateDb (sync-project -> syncVersionControlState),versionControlLedger,Rebuilt from git ls-files + git status on each projectStateDb run
preview/fidelity-report.json,1,,1,2384,814e3f5ed0f58f5f5b0130e4f915656b877aaa38e31f27e41d13d535ad48820e,repo_file_state,projectStateDb (sync-project -> syncVersionControlState),versionControlLedger,Rebuilt from git ls-files + git status on each projectStateDb run
preview/ibm-output.html,1,,1,4820,95dd15248ddb72e4f994073ddccd1c6991219cb28f9c05957f8a28610d9aefdd,repo_file_state,projectStateDb (sync-project -> syncVersionControlState),versionControlLedger,Rebuilt from git ls-files + git status on each projectStateDb run
preview/ibm-output.pdf,1,,1,30009,51b8b17a229a690fff1ac252a5756e0b0f05958210920cfca1d4dd4431d2e7ed,repo_file_state,projectStateDb (sync-project -> syncVersionControlState),versionControlLedger,Rebuilt from git ls-files + git status on each projectStateDb run
sampleData/image-heavy.afp,1,,1,826,ba58ab856de5c92ea28b854470468b8fd600901396f6f3ee2e06fb4f0cb280fd,repo_file_state,projectStateDb (sync-project -> syncVersionControlState),versionControlLedger,Rebuilt from git ls-files + git status on each projectStateDb run
sampleData/sample.afp,1,,1,12784,553a336db9283ebbf85092320b68c060aacdbea4138fa720810f09431f86b73a,repo_file_state,projectStateDb (sync-project -> syncVersionControlState),versionControlLedger,Rebuilt from git ls-files + git status on each projectStateDb run
sampleOutput/image-heavy.pdf,1,,1,3591,85af77367093207e01dc2f4e2eee9569b29e37038c67f441d0d5608e046bb362,repo_file_state,projectStateDb (sync-project -> syncVersionControlState),versionControlLedger,Rebuilt from git ls-files + git status on each projectStateDb run
sampleOutput/sample.html,1,,1,4820,95dd15248ddb72e4f994073ddccd1c6991219cb28f9c05957f8a28610d9aefdd,repo_file_state,projectStateDb (sync-project -> syncVersionControlState),versionControlLedger,Rebuilt from git ls-files + git status on each projectStateDb run
sampleOutput/sample.pdf,1,,1,30009,51b8b17a229a690fff1ac252a5756e0b0f05958210920cfca1d4dd4431d2e7ed,repo_file_state,projectStateDb (sync-project -> syncVersionControlState),versionControlLedger,Rebuilt from git ls-files + git status on each projectStateDb run
settings.gradle,1,,1,105,7680f2286961e469446946f22e8c47abcd9f0eb14458ae52a223f1bd4c8b633e,repo_file_state,projectStateDb (sync-project -> syncVersionControlState),versionControlLedger,Rebuilt from git ls-files + git status on each projectStateDb run
tools/WorkbookUpdater.bas,1,,1,20889,c642b5542ded981e16d4ee8c016eefd64972ab7abe4f46a59bd988a18d9a4747,repo_file_state,projectStateDb (sync-project -> syncVersionControlState),versionControlLedger,Rebuilt from git ls-files + git status on each projectStateDb run
tools/action_decision_suggestions.py,1,,1,3368,671597703e6cfd921c4ed3678dbcde43b75519a552c9ba13f6654f689b09e47b,repo_file_state,projectStateDb (sync-project -> syncVersionControlState),versionControlLedger,Rebuilt from git ls-files + git status on each projectStateDb run
tools/action_owner_summary.py,1,,1,2054,a74e9a34ff9053dbca6cfd40d1ce5b594c0fc76605ed81c0e261edbe8ea4b199,repo_file_state,projectStateDb (sync-project -> syncVersionControlState),versionControlLedger,Rebuilt from git ls-files + git status on each projectStateDb run
tools/action_sla_trend.py,1,,1,2739,30d1836695b541be0fc4bff5067af23b1ff13f9429445cecb40ee60be7233d22,repo_file_state,projectStateDb (sync-project -> syncVersionControlState),versionControlLedger,Rebuilt from git ls-files + git status on each projectStateDb run
tools/check_action_ingest_strict.py,1,,1,2196,d90beb6eb1dce0689b25f8de14e0a488cb22982864668a45a7d796b170f67612,repo_file_state,projectStateDb (sync-project -> syncVersionControlState),versionControlLedger,Rebuilt from git ls-files + git status on each projectStateDb run
tools/check_critical_db_hashes.sh,1,,1,1635,49bd3bdec54f03c787d22eb9626281985459747b4c3b8670dcc1b3bcffd6b546,repo_file_state,projectStateDb (sync-project -> syncVersionControlState),versionControlLedger,Rebuilt from git ls-files + git status on each projectStateDb run
tools/export_boilerplate_package.sh,1,,1,774,90953c47064fbd81678196d3ce74354861833872556b53aef53346275755f084,repo_file_state,projectStateDb (sync-project -> syncVersionControlState),versionControlLedger,Rebuilt from git ls-files + git status on each projectStateDb run
tools/export_project_plan_progress_json.py,1,,1,2000,0d6a05bf144fbe6bb82031b0840f18dbd4af898bb8d7c5531f1eeef3307292df,repo_file_state,projectStateDb (sync-project -> syncVersionControlState),versionControlLedger,Rebuilt from git ls-files + git status on each projectStateDb run
tools/fake-afp-engine.ps1,1,,1,3119,3f36ffd92760e942f5b1819ca99a53c1c9c6236eb809c778bccdba2549d97417,repo_file_state,projectStateDb (sync-project -> syncVersionControlState),versionControlLedger,Rebuilt from git ls-files + git status on each projectStateDb run
tools/fake-afp-engine.sh,1,,1,2219,170a1abb14151ec3c16441df7b565342fb412488a5f807fae84e25004c54b70b,repo_file_state,projectStateDb (sync-project -> syncVersionControlState),versionControlLedger,Rebuilt from git ls-files + git status on each projectStateDb run
tools/git-hooks/pre-commit,1,,1,287,6c4ebc33e8797c1cb8218e1816634419dce8dfc8c3d2072513673fc4a2598c6f,repo_file_state,projectStateDb (sync-project -> syncVersionControlState),versionControlLedger,Rebuilt from git ls-files + git status on each projectStateDb run
tools/init_update_package.sh,1,,1,1078,c9812c3ae85ae0b77866d1d25334497d6ea4615990779d56b7d2cec6938712a3,repo_file_state,projectStateDb (sync-project -> syncVersionControlState),versionControlLedger,Rebuilt from git ls-files + git status on each projectStateDb run
tools/install_git_hooks.sh,1,,1,460,9b1db4139fb2a2bcb1506045c9049d51d79943d5ec3bd7edb5deaa66625d5c0f,repo_file_state,projectStateDb (sync-project -> syncVersionControlState),versionControlLedger,Rebuilt from git ls-files + git status on each projectStateDb run
tools/issues_effectiveness_report.py,1,,1,4759,6d61de78ab21a300e394a93906f1e7efff7f8b985e576a8a165428c0a1842ea3,repo_file_state,projectStateDb (sync-project -> syncVersionControlState),versionControlLedger,Rebuilt from git ls-files + git status on each projectStateDb run
tools/issues_log_tickle.py,1,,1,3881,fdb93bc1d2c66a9b67c75d4af787af39a067e47bd83c4f19d89d0cf882562e4a,repo_file_state,projectStateDb (sync-project -> syncVersionControlState),versionControlLedger,Rebuilt from git ls-files + git status on each projectStateDb run
tools/manifest_from_sql.py,1,,1,1609,3405abb7a0d041e5c98a08ab6cf070e54766b12b8bb5e5104295e1cde19ce4e2,repo_file_state,projectStateDb (sync-project -> syncVersionControlState),versionControlLedger,Rebuilt from git ls-files + git status on each projectStateDb run
tools/manifest_from_sql.sh,1,,1,115,30172866465791be5e9fcd00164e5c7fe564e7dd0fc8e98ab00cf31bfd7b3060,repo_file_state,projectStateDb (sync-project -> syncVersionControlState),versionControlLedger,Rebuilt from git ls-files + git status on each projectStateDb run
tools/minimal_snapshot.sh,1,,1,1108,a50701be2fc4c3f37363ae2fc9300e7d953d4cf12180388c635aa153ccc1c93c,repo_file_state,projectStateDb (sync-project -> syncVersionControlState),versionControlLedger,Rebuilt from git ls-files + git status on each projectStateDb run
tools/minimal_snapshot_guard.sh,1,,1,596,177333d028bcd8aa54eb672cdb4dc359b7adb786426df5ec17fea02d143a54de,repo_file_state,projectStateDb (sync-project -> syncVersionControlState),versionControlLedger,Rebuilt from git ls-files + git status on each projectStateDb run
tools/pm_console_live_daemon.sh,1,,1,2028,5042396361742cd26c2ef5526bc677875098b230d314d6fe9d74d427bf97b976,repo_file_state,projectStateDb (sync-project -> syncVersionControlState),versionControlLedger,Rebuilt from git ls-files + git status on each projectStateDb run
tools/pm_workflow.py,1,,1,4813,c9a8b5e1105fd7b4157b44809bd15a9c818edc86aa19b9506bcb2baa6d2eb56d,repo_file_state,projectStateDb (sync-project -> syncVersionControlState),versionControlLedger,Rebuilt from git ls-files + git status on each projectStateDb run
tools/presentation_ref_lint.py,1,,1,5282,7b86d47ea0ba707836cc40622f0b805253c1f150f1d8ab8bb091df28a9eef025,repo_file_state,projectStateDb (sync-project -> syncVersionControlState),versionControlLedger,Rebuilt from git ls-files + git status on each projectStateDb run
tools/realm_drift_verify.sh,1,,1,1394,25a3ff67a4f52a10fac035946022416e9e0ec73430d3ef9f0c151925b167a690,repo_file_state,projectStateDb (sync-project -> syncVersionControlState),versionControlLedger,Rebuilt from git ls-files + git status on each projectStateDb run
tools/realm_knowledge_link_gate.py,1,,1,3658,18629e459468a9c05caba4e6b1fc2e91723cf4291d3b0a5ce2b3e286e790fa20,repo_file_state,projectStateDb (sync-project -> syncVersionControlState),versionControlLedger,Rebuilt from git ls-files + git status on each projectStateDb run
tools/realm_knowledge_sync.py,1,,1,9274,d56b2ba96c68315099516badcd095b81fb1f746b9291047e69d737e877001a1d,repo_file_state,projectStateDb (sync-project -> syncVersionControlState),versionControlLedger,Rebuilt from git ls-files + git status on each projectStateDb run
tools/realm_policy_diff.py,1,,1,3361,cf6925d470d60dade48839642bce500546d2c52d1375c5b30433cc19a40795a5,repo_file_state,projectStateDb (sync-project -> syncVersionControlState),versionControlLedger,Rebuilt from git ls-files + git status on each projectStateDb run
tools/realm_policy_sync.py,1,,1,4385,37cb3ce6cc5463ab39aaba7c6055fc8556dd7a00fe9de624144dadc0ee268ea7,repo_file_state,projectStateDb (sync-project -> syncVersionControlState),versionControlLedger,Rebuilt from git ls-files + git status on each projectStateDb run
tools/reasoning_sync.py,1,,1,13278,d542c1ec4e136ad9f87484ac7c69a391d7d1054007150c5afa384e94a2341944,repo_file_state,projectStateDb (sync-project -> syncVersionControlState),versionControlLedger,Rebuilt from git ls-files + git status on each projectStateDb run
tools/recovery_doctor.md,1,,1,1136,96f7231190c14b5856d535ac442f341e79844c5af68a71fd56391eca5e813918,repo_file_state,projectStateDb (sync-project -> syncVersionControlState),versionControlLedger,Rebuilt from git ls-files + git status on each projectStateDb run
tools/recovery_doctor.sh,1,,1,3672,2ab6da103f8d8100374833a90922b4151ce9dae7b522db7e256399ab3d7b723a,repo_file_state,projectStateDb (sync-project -> syncVersionControlState),versionControlLedger,Rebuilt from git ls-files + git status on each projectStateDb run
tools/recovery_quick_check.sh,1,,1,668,bcabdce7f87db44f2ee09928a3ac6668c535f6758a3419648fe52a2ac46453f0,repo_file_state,projectStateDb (sync-project -> syncVersionControlState),versionControlLedger,Rebuilt from git ls-files + git status on each projectStateDb run
tools/restore_binary_artifacts.sh,1,,1,1989,b29a0a1b5d54887064a508cd2e1d4cc42f4d4c6aa15d53f38701fae2b07d8cf3,repo_file_state,projectStateDb (sync-project -> syncVersionControlState),versionControlLedger,Rebuilt from git ls-files + git status on each projectStateDb run
tools/restore_recovery_checkpoint.sh,1,,1,990,06226913da9186de2aaffa162f89944da941d62f534e08eb723fd3377d1a153c,repo_file_state,projectStateDb (sync-project -> syncVersionControlState),versionControlLedger,Rebuilt from git ls-files + git status on each projectStateDb run
tools/rollback_manager.py,1,,1,7448,9ed6a5025ab7925dfd27b76551cec5fbf3e2eccc19c5500e7ad3d8b5524c795c,repo_file_state,projectStateDb (sync-project -> syncVersionControlState),versionControlLedger,Rebuilt from git ls-files + git status on each projectStateDb run
tools/run_excel_workbook_refresh.applescript,1,,1,580,25a5cb93a637a93e718b4b52eb25b8e6acab423a1f8bfb3af761526217bf4977,repo_file_state,projectStateDb (sync-project -> syncVersionControlState),versionControlLedger,Rebuilt from git ls-files + git status on each projectStateDb run
tools/run_excel_workbook_refresh.py,1,,1,4806,5b6a762726ac55db885875b6f2ce740367729beb0fdfb5b468a52f2215492860,repo_file_state,projectStateDb (sync-project -> syncVersionControlState),versionControlLedger,Rebuilt from git ls-files + git status on each projectStateDb run
tools/sql_code_workflow.sh,1,,1,3260,d249a3eabe98807a498e788e634fab0452beab05c8e0e25f8e3a7564c642e2bc,repo_file_state,projectStateDb (sync-project -> syncVersionControlState),versionControlLedger,Rebuilt from git ls-files + git status on each projectStateDb run
tools/sql_drift_summary.py,1,,1,2441,b06dbdc859d9e1bbe1fac0cf7077e958359e2c731a037109b61969f83a4e5b37,repo_file_state,projectStateDb (sync-project -> syncVersionControlState),versionControlLedger,Rebuilt from git ls-files + git status on each projectStateDb run
tools/sql_upsert_text_files.sh,1,,1,828,0019be0e59e98cde53c37c62c4595ba94bcace98cd1455f390c0a57b1f4b15ac,repo_file_state,projectStateDb (sync-project -> syncVersionControlState),versionControlLedger,Rebuilt from git ls-files + git status on each projectStateDb run
tools/tests/test_check_action_ingest_strict.py,1,,1,1542,3b26d902bd80a171341d828f464fe32c2a506c6899a67c97fc2e682a2135f96f,repo_file_state,projectStateDb (sync-project -> syncVersionControlState),versionControlLedger,Rebuilt from git ls-files + git status on each projectStateDb run
tools/tests/test_presentation_ref_lint.py,1,,1,3118,aad701e259eb4c01068289e4379c2326f77599798ca3b2101d6f15ada123ada7,repo_file_state,projectStateDb (sync-project -> syncVersionControlState),versionControlLedger,Rebuilt from git ls-files + git status on each projectStateDb run
tools/tests/test_realm_knowledge_link_gate.py,1,,1,2105,6f3a11ac64480bbd4e1dd153d3eec1ec5a2611452e7b96da47cff83ae0d6f690,repo_file_state,projectStateDb (sync-project -> syncVersionControlState),versionControlLedger,Rebuilt from git ls-files + git status on each projectStateDb run
tools/tests/test_realm_policy_diff.py,1,,1,2207,af813c95e0390461dfd92108d49418fa6987f7dbe18d6f00d069ee1d95ce5724,repo_file_state,projectStateDb (sync-project -> syncVersionControlState),versionControlLedger,Rebuilt from git ls-files + git status on each projectStateDb run
tools/tests/test_realm_policy_sync.py,1,,1,3001,f8682cfb573a64ca995003bb930761a6263275b11301e887f67ee93ca603a2e6,repo_file_state,projectStateDb (sync-project -> syncVersionControlState),versionControlLedger,Rebuilt from git ls-files + git status on each projectStateDb run
tools/update_project_plan_workbook.py,1,,1,49008,d97e46ed93d987a9ef52e8a53967c9531762f4fa2cc7a3daea9ca2c1e795b9f4,repo_file_state,projectStateDb (sync-project -> syncVersionControlState),versionControlLedger,Rebuilt from git ls-files + git status on each projectStateDb run
tools/validate_boilerplate_package.sh,1,,1,2019,46f52cc99aadd63c681c59f335c5d33ff482e020179a8f7d8bc47221d25ae15d,repo_file_state,projectStateDb (sync-project -> syncVersionControlState),versionControlLedger,Rebuilt from git ls-files + git status on each projectStateDb run
tools/versioning.py,1,,1,3244,de3d379787bce83501416e7a3a5bbd73fb9ea9ac731b637b3eacd75ad7738ec9,repo_file_state,projectStateDb (sync-project -> syncVersionControlState),versionControlLedger,Rebuilt from git ls-files + git status on each projectStateDb run
