path,tracked,status_code,exists_on_disk,size_bytes,sha256,source_table,generated_by,reporting_task,maintenance_context
.github/CODEOWNERS,1,,1,251,07b233684c8c4468d3615890eae6d757940dc7d087f2f78da0966c50af786e53,repo_file_state,projectStateDb (sync-project -> syncVersionControlState),versionControlLedger,Rebuilt from git ls-files + git status on each projectStateDb run
.github/ISSUE_TEMPLATE/bug_report.yml,1,,1,1088,7134dd2c5a44268d1bb8c01f6076cc6394a5d07ca987b73aed9bacce76af9ef2,repo_file_state,projectStateDb (sync-project -> syncVersionControlState),versionControlLedger,Rebuilt from git ls-files + git status on each projectStateDb run
.github/ISSUE_TEMPLATE/config.yml,1,,1,242,d37a30db65f2e6d074049d1ce955c6417e88e2ff5e51aa6bcae8b912ff832fee,repo_file_state,projectStateDb (sync-project -> syncVersionControlState),versionControlLedger,Rebuilt from git ls-files + git status on each projectStateDb run
.github/ISSUE_TEMPLATE/feature_request.yml,1,,1,706,4327b00cd9241d69750de1b160c552a5ed9bdadbf218ac1c9fa10eabee6f06e0,repo_file_state,projectStateDb (sync-project -> syncVersionControlState),versionControlLedger,Rebuilt from git ls-files + git status on each projectStateDb run
.github/pull_request_template.md,1,,1,809,75f67d4470f0e843d7a946f1a257b3db9c8f33decaa9ec8c3bfaedf9a608b4da,repo_file_state,projectStateDb (sync-project -> syncVersionControlState),versionControlLedger,Rebuilt from git ls-files + git status on each projectStateDb run
.github/workflows/ci.yml,1,,1,3395,40f5167ac0b1040246bdfac29a487fad5050bee5f375d753c440876462c942ec,repo_file_state,projectStateDb (sync-project -> syncVersionControlState),versionControlLedger,Rebuilt from git ls-files + git status on each projectStateDb run
.gitignore,1,,1,772,f227b44468ea1a774003eb2936801368cda6710d9acab45b70d2c0b68053356f,repo_file_state,projectStateDb (sync-project -> syncVersionControlState),versionControlLedger,Rebuilt from git ls-files + git status on each projectStateDb run
.idea/,0,??,1,320,,repo_file_state,projectStateDb (sync-project -> syncVersionControlState),versionControlLedger,Rebuilt from git ls-files + git status on each projectStateDb run
AI-POLICY.md,1,M,1,22762,4a734050bc862773de546bcbf2fb6aab6b96689fe45d61e36877619722c20563,repo_file_state,projectStateDb (sync-project -> syncVersionControlState),versionControlLedger,Rebuilt from git ls-files + git status on each projectStateDb run
README.md,1,,1,16481,415f11053b15bd4623b9bd4bb58fd8a7343411aed97f997707d3637df0df7b70,repo_file_state,projectStateDb (sync-project -> syncVersionControlState),versionControlLedger,Rebuilt from git ls-files + git status on each projectStateDb run
SESSION_CHANGELOG.md,1,,1,66635,adbeeb6aa26f9701b8580c5ad6a5be8539ba2ac3e08313cefa926032e8bc0b95,repo_file_state,projectStateDb (sync-project -> syncVersionControlState),versionControlLedger,Rebuilt from git ls-files + git status on each projectStateDb run
VERSION,1,,1,13,214374e4ab6ceb79d5fa5ff001fe9bbcbea31c3fd8c6bd42d48e7efaf6b2ce9f,repo_file_state,projectStateDb (sync-project -> syncVersionControlState),versionControlLedger,Rebuilt from git ls-files + git status on each projectStateDb run
afp-api/build.gradle,1,D,0,0,,repo_file_state,projectStateDb (sync-project -> syncVersionControlState),versionControlLedger,Rebuilt from git ls-files + git status on each projectStateDb run
afp-api/src/main/java/solutions/pointzero/symphony/afp/api/AfpConverter.java,1,D,0,0,,repo_file_state,projectStateDb (sync-project -> syncVersionControlState),versionControlLedger,Rebuilt from git ls-files + git status on each projectStateDb run
afp-api/src/main/java/solutions/pointzero/symphony/afp/api/AfpConverterConfig.java,1,D,0,0,,repo_file_state,projectStateDb (sync-project -> syncVersionControlState),versionControlLedger,Rebuilt from git ls-files + git status on each projectStateDb run
afp-api/src/main/java/solutions/pointzero/symphony/afp/api/AfpConverterFactory.java,1,D,0,0,,repo_file_state,projectStateDb (sync-project -> syncVersionControlState),versionControlLedger,Rebuilt from git ls-files + git status on each projectStateDb run
afp-api/src/main/java/solutions/pointzero/symphony/afp/api/CancellationToken.java,1,D,0,0,,repo_file_state,projectStateDb (sync-project -> syncVersionControlState),versionControlLedger,Rebuilt from git ls-files + git status on each projectStateDb run
afp-api/src/main/java/solutions/pointzero/symphony/afp/api/ConfigurationException.java,1,D,0,0,,repo_file_state,projectStateDb (sync-project -> syncVersionControlState),versionControlLedger,Rebuilt from git ls-files + git status on each projectStateDb run
afp-api/src/main/java/solutions/pointzero/symphony/afp/api/ConversionException.java,1,D,0,0,,repo_file_state,projectStateDb (sync-project -> syncVersionControlState),versionControlLedger,Rebuilt from git ls-files + git status on each projectStateDb run
afp-api/src/main/java/solutions/pointzero/symphony/afp/api/ConversionOptions.java,1,D,0,0,,repo_file_state,projectStateDb (sync-project -> syncVersionControlState),versionControlLedger,Rebuilt from git ls-files + git status on each projectStateDb run
afp-api/src/main/java/solutions/pointzero/symphony/afp/api/ConversionRequest.java,1,D,0,0,,repo_file_state,projectStateDb (sync-project -> syncVersionControlState),versionControlLedger,Rebuilt from git ls-files + git status on each projectStateDb run
afp-api/src/main/java/solutions/pointzero/symphony/afp/api/ConversionResult.java,1,D,0,0,,repo_file_state,projectStateDb (sync-project -> syncVersionControlState),versionControlLedger,Rebuilt from git ls-files + git status on each projectStateDb run
afp-api/src/main/java/solutions/pointzero/symphony/afp/api/ConversionWarning.java,1,D,0,0,,repo_file_state,projectStateDb (sync-project -> syncVersionControlState),versionControlLedger,Rebuilt from git ls-files + git status on each projectStateDb run
afp-api/src/main/java/solutions/pointzero/symphony/afp/api/DiagnosticsPolicy.java,1,D,0,0,,repo_file_state,projectStateDb (sync-project -> syncVersionControlState),versionControlLedger,Rebuilt from git ls-files + git status on each projectStateDb run
afp-api/src/main/java/solutions/pointzero/symphony/afp/api/FontPolicy.java,1,D,0,0,,repo_file_state,projectStateDb (sync-project -> syncVersionControlState),versionControlLedger,Rebuilt from git ls-files + git status on each projectStateDb run
afp-api/src/main/java/solutions/pointzero/symphony/afp/api/GeometryPolicy.java,1,D,0,0,,repo_file_state,projectStateDb (sync-project -> syncVersionControlState),versionControlLedger,Rebuilt from git ls-files + git status on each projectStateDb run
afp-api/src/main/java/solutions/pointzero/symphony/afp/api/Limits.java,1,D,0,0,,repo_file_state,projectStateDb (sync-project -> syncVersionControlState),versionControlLedger,Rebuilt from git ls-files + git status on each projectStateDb run
afp-api/src/main/java/solutions/pointzero/symphony/afp/api/MetadataPolicy.java,1,D,0,0,,repo_file_state,projectStateDb (sync-project -> syncVersionControlState),versionControlLedger,Rebuilt from git ls-files + git status on each projectStateDb run
afp-api/src/main/java/solutions/pointzero/symphony/afp/api/RenderPolicy.java,1,D,0,0,,repo_file_state,projectStateDb (sync-project -> syncVersionControlState),versionControlLedger,Rebuilt from git ls-files + git status on each projectStateDb run
afp-api/src/main/java/solutions/pointzero/symphony/afp/api/ResourceContext.java,1,D,0,0,,repo_file_state,projectStateDb (sync-project -> syncVersionControlState),versionControlLedger,Rebuilt from git ls-files + git status on each projectStateDb run
afp-api/src/main/java/solutions/pointzero/symphony/afp/api/Severity.java,1,D,0,0,,repo_file_state,projectStateDb (sync-project -> syncVersionControlState),versionControlLedger,Rebuilt from git ls-files + git status on each projectStateDb run
afp-api/src/main/java/solutions/pointzero/symphony/afp/api/TextFallback.java,1,D,0,0,,repo_file_state,projectStateDb (sync-project -> syncVersionControlState),versionControlLedger,Rebuilt from git ls-files + git status on each projectStateDb run
afp-api/src/main/java/solutions/pointzero/symphony/afp/api/TextPolicy.java,1,D,0,0,,repo_file_state,projectStateDb (sync-project -> syncVersionControlState),versionControlLedger,Rebuilt from git ls-files + git status on each projectStateDb run
afp-cli/build.gradle,1,D,0,0,,repo_file_state,projectStateDb (sync-project -> syncVersionControlState),versionControlLedger,Rebuilt from git ls-files + git status on each projectStateDb run
afp-cli/src/main/java/solutions/pointzero/symphony/afp/cli/Afp2PdfMain.java,1,D,0,0,,repo_file_state,projectStateDb (sync-project -> syncVersionControlState),versionControlLedger,Rebuilt from git ls-files + git status on each projectStateDb run
afp-engine/build.gradle,1,D,0,0,,repo_file_state,projectStateDb (sync-project -> syncVersionControlState),versionControlLedger,Rebuilt from git ls-files + git status on each projectStateDb run
afp-engine/src/main/java/solutions/pointzero/symphony/afp/engine/AfpCodePageProfile.java,1,D,0,0,,repo_file_state,projectStateDb (sync-project -> syncVersionControlState),versionControlLedger,Rebuilt from git ls-files + git status on each projectStateDb run
afp-engine/src/main/java/solutions/pointzero/symphony/afp/engine/AfpCodePageResolver.java,1,D,0,0,,repo_file_state,projectStateDb (sync-project -> syncVersionControlState),versionControlLedger,Rebuilt from git ls-files + git status on each projectStateDb run
afp-engine/src/main/java/solutions/pointzero/symphony/afp/engine/AfpDocumentLayout.java,1,D,0,0,,repo_file_state,projectStateDb (sync-project -> syncVersionControlState),versionControlLedger,Rebuilt from git ls-files + git status on each projectStateDb run
afp-engine/src/main/java/solutions/pointzero/symphony/afp/engine/AfpEngineAdapter.java,1,D,0,0,,repo_file_state,projectStateDb (sync-project -> syncVersionControlState),versionControlLedger,Rebuilt from git ls-files + git status on each projectStateDb run
afp-engine/src/main/java/solutions/pointzero/symphony/afp/engine/AfpHtmlRenderer.java,1,D,0,0,,repo_file_state,projectStateDb (sync-project -> syncVersionControlState),versionControlLedger,Rebuilt from git ls-files + git status on each projectStateDb run
afp-engine/src/main/java/solutions/pointzero/symphony/afp/engine/AfpInterpretation.java,1,D,0,0,,repo_file_state,projectStateDb (sync-project -> syncVersionControlState),versionControlLedger,Rebuilt from git ls-files + git status on each projectStateDb run
afp-engine/src/main/java/solutions/pointzero/symphony/afp/engine/AfpInterpreter.java,1,D,0,0,,repo_file_state,projectStateDb (sync-project -> syncVersionControlState),versionControlLedger,Rebuilt from git ls-files + git status on each projectStateDb run
afp-engine/src/main/java/solutions/pointzero/symphony/afp/engine/AfpLayoutInterpreter.java,1,D,0,0,,repo_file_state,projectStateDb (sync-project -> syncVersionControlState),versionControlLedger,Rebuilt from git ls-files + git status on each projectStateDb run
afp-engine/src/main/java/solutions/pointzero/symphony/afp/engine/AfpNativePdfRenderer.java,1,D,0,0,,repo_file_state,projectStateDb (sync-project -> syncVersionControlState),versionControlLedger,Rebuilt from git ls-files + git status on each projectStateDb run
afp-engine/src/main/java/solutions/pointzero/symphony/afp/engine/AfpOptionRow.java,1,D,0,0,,repo_file_state,projectStateDb (sync-project -> syncVersionControlState),versionControlLedger,Rebuilt from git ls-files + git status on each projectStateDb run
afp-engine/src/main/java/solutions/pointzero/symphony/afp/engine/AfpParseResult.java,1,D,0,0,,repo_file_state,projectStateDb (sync-project -> syncVersionControlState),versionControlLedger,Rebuilt from git ls-files + git status on each projectStateDb run
afp-engine/src/main/java/solutions/pointzero/symphony/afp/engine/AfpPrintCentricTraceEngine.java,1,D,0,0,,repo_file_state,projectStateDb (sync-project -> syncVersionControlState),versionControlLedger,Rebuilt from git ls-files + git status on each projectStateDb run
afp-engine/src/main/java/solutions/pointzero/symphony/afp/engine/AfpSemantics.java,1,D,0,0,,repo_file_state,projectStateDb (sync-project -> syncVersionControlState),versionControlLedger,Rebuilt from git ls-files + git status on each projectStateDb run
afp-engine/src/main/java/solutions/pointzero/symphony/afp/engine/AfpStructuredField.java,1,D,0,0,,repo_file_state,projectStateDb (sync-project -> syncVersionControlState),versionControlLedger,Rebuilt from git ls-files + git status on each projectStateDb run
afp-engine/src/main/java/solutions/pointzero/symphony/afp/engine/AfpStructuredFieldParser.java,1,D,0,0,,repo_file_state,projectStateDb (sync-project -> syncVersionControlState),versionControlLedger,Rebuilt from git ls-files + git status on each projectStateDb run
afp-engine/src/main/java/solutions/pointzero/symphony/afp/engine/AfpTextDecoders.java,1,D,0,0,,repo_file_state,projectStateDb (sync-project -> syncVersionControlState),versionControlLedger,Rebuilt from git ls-files + git status on each projectStateDb run
afp-engine/src/main/java/solutions/pointzero/symphony/afp/engine/AfplibSemanticPass.java,1,D,0,0,,repo_file_state,projectStateDb (sync-project -> syncVersionControlState),versionControlLedger,Rebuilt from git ls-files + git status on each projectStateDb run
afp-engine/src/main/java/solutions/pointzero/symphony/afp/engine/CliAfpEngineAdapter.java,1,D,0,0,,repo_file_state,projectStateDb (sync-project -> syncVersionControlState),versionControlLedger,Rebuilt from git ls-files + git status on each projectStateDb run
afp-engine/src/main/java/solutions/pointzero/symphony/afp/engine/DefaultAfpConverter.java,1,D,0,0,,repo_file_state,projectStateDb (sync-project -> syncVersionControlState),versionControlLedger,Rebuilt from git ls-files + git status on each projectStateDb run
afp-engine/src/main/java/solutions/pointzero/symphony/afp/engine/EngineIdentity.java,1,D,0,0,,repo_file_state,projectStateDb (sync-project -> syncVersionControlState),versionControlLedger,Rebuilt from git ls-files + git status on each projectStateDb run
afp-engine/src/main/java/solutions/pointzero/symphony/afp/engine/EngineInputs.java,1,D,0,0,,repo_file_state,projectStateDb (sync-project -> syncVersionControlState),versionControlLedger,Rebuilt from git ls-files + git status on each projectStateDb run
afp-engine/src/main/java/solutions/pointzero/symphony/afp/engine/EngineOutputs.java,1,D,0,0,,repo_file_state,projectStateDb (sync-project -> syncVersionControlState),versionControlLedger,Rebuilt from git ls-files + git status on each projectStateDb run
afp-engine/src/main/java/solutions/pointzero/symphony/afp/engine/EngineStats.java,1,D,0,0,,repo_file_state,projectStateDb (sync-project -> syncVersionControlState),versionControlLedger,Rebuilt from git ls-files + git status on each projectStateDb run
afp-engine/src/main/java/solutions/pointzero/symphony/afp/engine/FakeEngineOutputGenerator.java,1,D,0,0,,repo_file_state,projectStateDb (sync-project -> syncVersionControlState),versionControlLedger,Rebuilt from git ls-files + git status on each projectStateDb run
afp-engine/src/main/java/solutions/pointzero/symphony/afp/engine/Fingerprints.java,1,D,0,0,,repo_file_state,projectStateDb (sync-project -> syncVersionControlState),versionControlLedger,Rebuilt from git ls-files + git status on each projectStateDb run
afp-engine/src/main/java/solutions/pointzero/symphony/afp/engine/ImageResolutionService.java,1,D,0,0,,repo_file_state,projectStateDb (sync-project -> syncVersionControlState),versionControlLedger,Rebuilt from git ls-files + git status on each projectStateDb run
afp-engine/src/main/java/solutions/pointzero/symphony/afp/engine/InProcAfpEngineAdapter.java,1,D,0,0,,repo_file_state,projectStateDb (sync-project -> syncVersionControlState),versionControlLedger,Rebuilt from git ls-files + git status on each projectStateDb run
afp-engine/src/main/java/solutions/pointzero/symphony/afp/engine/PdfBoxPdfWriter.java,1,D,0,0,,repo_file_state,projectStateDb (sync-project -> syncVersionControlState),versionControlLedger,Rebuilt from git ls-files + git status on each projectStateDb run
afp-engine/src/main/java/solutions/pointzero/symphony/afp/engine/PdfWriter.java,1,D,0,0,,repo_file_state,projectStateDb (sync-project -> syncVersionControlState),versionControlLedger,Rebuilt from git ls-files + git status on each projectStateDb run
afp-engine/src/test/java/solutions/pointzero/symphony/afp/engine/AfpGroundTruthComparisonTest.java,1,D,0,0,,repo_file_state,projectStateDb (sync-project -> syncVersionControlState),versionControlLedger,Rebuilt from git ls-files + git status on each projectStateDb run
afp-engine/src/test/java/solutions/pointzero/symphony/afp/engine/AfpInterpreterTest.java,1,D,0,0,,repo_file_state,projectStateDb (sync-project -> syncVersionControlState),versionControlLedger,Rebuilt from git ls-files + git status on each projectStateDb run
afp-engine/src/test/java/solutions/pointzero/symphony/afp/engine/AfpNativePdfRendererTest.java,1,D,0,0,,repo_file_state,projectStateDb (sync-project -> syncVersionControlState),versionControlLedger,Rebuilt from git ls-files + git status on each projectStateDb run
afp-engine/src/test/java/solutions/pointzero/symphony/afp/engine/AfpPdfFidelityReportIT.java,1,D,0,0,,repo_file_state,projectStateDb (sync-project -> syncVersionControlState),versionControlLedger,Rebuilt from git ls-files + git status on each projectStateDb run
afp-engine/src/test/java/solutions/pointzero/symphony/afp/engine/AfpPrintCentricTraceEngineTest.java,1,D,0,0,,repo_file_state,projectStateDb (sync-project -> syncVersionControlState),versionControlLedger,Rebuilt from git ls-files + git status on each projectStateDb run
afp-engine/src/test/java/solutions/pointzero/symphony/afp/engine/AfpStructuredFieldParserTest.java,1,D,0,0,,repo_file_state,projectStateDb (sync-project -> syncVersionControlState),versionControlLedger,Rebuilt from git ls-files + git status on each projectStateDb run
afp-engine/src/test/java/solutions/pointzero/symphony/afp/engine/AfpTextDecodersTest.java,1,D,0,0,,repo_file_state,projectStateDb (sync-project -> syncVersionControlState),versionControlLedger,Rebuilt from git ls-files + git status on each projectStateDb run
afp-engine/src/test/java/solutions/pointzero/symphony/afp/engine/DefaultAfpConverterTest.java,1,D,0,0,,repo_file_state,projectStateDb (sync-project -> syncVersionControlState),versionControlLedger,Rebuilt from git ls-files + git status on each projectStateDb run
afp-engine/src/test/java/solutions/pointzero/symphony/afp/engine/ImageResolutionServiceTest.java,1,D,0,0,,repo_file_state,projectStateDb (sync-project -> syncVersionControlState),versionControlLedger,Rebuilt from git ls-files + git status on each projectStateDb run
afp-engine/src/test/java/solutions/pointzero/symphony/afp/engine/InProcAfpEngineAdapterTest.java,1,D,0,0,,repo_file_state,projectStateDb (sync-project -> syncVersionControlState),versionControlLedger,Rebuilt from git ls-files + git status on each projectStateDb run
afp-engine/src/test/java/solutions/pointzero/symphony/afp/engine/PdfBoxPdfWriterTest.java,1,D,0,0,,repo_file_state,projectStateDb (sync-project -> syncVersionControlState),versionControlLedger,Rebuilt from git ls-files + git status on each projectStateDb run
boilerplate/update-packages/README.md,1,,1,1306,98e7a6c56650e49faeab5cb41ebd4fbd02887f28eb20b940b41299c1788dedc1,repo_file_state,projectStateDb (sync-project -> syncVersionControlState),versionControlLedger,Rebuilt from git ls-files + git status on each projectStateDb run
boilerplate/update-packages/pz-boilerplate-intelliJ/2026-02-18-boilerplate-sync-triage-workbook/README.md,1,,1,725,26b9d7445301219b65ac7a5c271e0dadf87861b4c9c7e2103f2e0bf4be1d0825,repo_file_state,projectStateDb (sync-project -> syncVersionControlState),versionControlLedger,Rebuilt from git ls-files + git status on each projectStateDb run
boilerplate/update-packages/pz-boilerplate-intelliJ/2026-02-18-boilerplate-sync-triage-workbook/apply-checklist.md,1,,1,974,1e0ce98edcc240eee05ca1f0861da1818fdc3e52a685b9700eecb767defccd41,repo_file_state,projectStateDb (sync-project -> syncVersionControlState),versionControlLedger,Rebuilt from git ls-files + git status on each projectStateDb run
boilerplate/update-packages/pz-boilerplate-intelliJ/2026-02-18-boilerplate-sync-triage-workbook/fresh-session-prompt.md,1,,1,348,567a6d9cbeaa1606aeaacbecfc4c82ffeaf22af89307db651f87119cd9cb6270,repo_file_state,projectStateDb (sync-project -> syncVersionControlState),versionControlLedger,Rebuilt from git ls-files + git status on each projectStateDb run
boilerplate/update-packages/pz-boilerplate-intelliJ/2026-02-18-boilerplate-sync-triage-workbook/package-manifest.json,1,,1,1393,188f72f5ac7feb5bcb9405c3cfb03ecbc11f7e1a90dbe0bf5b76b74f828af3f1,repo_file_state,projectStateDb (sync-project -> syncVersionControlState),versionControlLedger,Rebuilt from git ls-files + git status on each projectStateDb run
boilerplate/update-packages/pz-boilerplate-intelliJ/2026-02-18-boilerplate-sync-triage-workbook/patches/0001-boilerplate-sync-triage-framework.patch,1,,1,30117,8a193644f0b55ac5c26a8b21a4d63301d16d4b1b6d30be06483252af9789a964,repo_file_state,projectStateDb (sync-project -> syncVersionControlState),versionControlLedger,Rebuilt from git ls-files + git status on each projectStateDb run
boilerplate/update-packages/pz-boilerplate-intelliJ/2026-02-18-boilerplate-sync-triage-workbook/templates/BoilerplateSyncWorkbookUpdater.java,1,,1,13855,68981a5ff5695f4a688b977e82c636d57e08283a8730f6164b84065b25a8b444,repo_file_state,projectStateDb (sync-project -> syncVersionControlState),versionControlLedger,Rebuilt from git ls-files + git status on each projectStateDb run
boilerplate/update-packages/pz-boilerplate-intelliJ/2026-02-18-boilerplate-sync-triage-workbook/templates/build-gradle-snippets.md,1,,1,2675,b848a3bcf13bc1152c6a2c6513af777fad78b9a13241b25160d1f0a71ddaa0ea,repo_file_state,projectStateDb (sync-project -> syncVersionControlState),versionControlLedger,Rebuilt from git ls-files + git status on each projectStateDb run
boilerplate/update-packages/pz-boilerplate-intelliJ/2026-02-18-boilerplate-sync-triage-workbook/templates/policy-readme-snippets.md,1,,1,551,4b0b90c6a65cf5fe9928f7241993e85bf83003e4eeabbdb08b7431e32c96ad53,repo_file_state,projectStateDb (sync-project -> syncVersionControlState),versionControlLedger,Rebuilt from git ls-files + git status on each projectStateDb run
boilerplate/update-packages/pz-boilerplate-intelliJ/2026-02-18-consolidated-framework-sync/README.md,1,,1,947,1b139f93d20e267115fbc052eff0097dee08d900e7871ff7668c9f1ca4e50b03,repo_file_state,projectStateDb (sync-project -> syncVersionControlState),versionControlLedger,Rebuilt from git ls-files + git status on each projectStateDb run
boilerplate/update-packages/pz-boilerplate-intelliJ/2026-02-18-consolidated-framework-sync/apply-checklist.md,1,,1,1275,093083eeee79f860007469bcf8722f32490de88981bebb8d31059eb131193a6c,repo_file_state,projectStateDb (sync-project -> syncVersionControlState),versionControlLedger,Rebuilt from git ls-files + git status on each projectStateDb run
boilerplate/update-packages/pz-boilerplate-intelliJ/2026-02-18-consolidated-framework-sync/fresh-session-prompt.md,1,,1,505,d3cf6bdcb7c9fe56ff1f258382d8bcd156bb9f2c26937432aab46bb5eea19b3e,repo_file_state,projectStateDb (sync-project -> syncVersionControlState),versionControlLedger,Rebuilt from git ls-files + git status on each projectStateDb run
boilerplate/update-packages/pz-boilerplate-intelliJ/2026-02-18-consolidated-framework-sync/package-manifest.json,1,,1,1411,fc65af996e014626012d738d747bb134c411ade8aa0e19b907b2b7cd3a773420,repo_file_state,projectStateDb (sync-project -> syncVersionControlState),versionControlLedger,Rebuilt from git ls-files + git status on each projectStateDb run
boilerplate/update-packages/pz-boilerplate-intelliJ/2026-02-18-consolidated-framework-sync/patches/0001-consolidated-framework-sync.patch,1,,1,35359,bdb96f024329fce6966286aeea62aee0728d628eb6a1c04cf15c2c20cea80f67,repo_file_state,projectStateDb (sync-project -> syncVersionControlState),versionControlLedger,Rebuilt from git ls-files + git status on each projectStateDb run
boilerplate/update-packages/pz-boilerplate-intelliJ/2026-02-18-consolidated-framework-sync/templates/changelog-entry.md,1,,1,320,03cd0ab4670073728606694553fb8bfd448c74e3a7e1fa5d124e04e7f568ac99,repo_file_state,projectStateDb (sync-project -> syncVersionControlState),versionControlLedger,Rebuilt from git ls-files + git status on each projectStateDb run
boilerplate/update-packages/pz-boilerplate-intelliJ/2026-02-18-governance-alerts-trust-sot/README.md,1,,1,443,37f28bd38ba56bcaa7878520a83b02a1908509e0baf3de956ac0c6a15904976a,repo_file_state,projectStateDb (sync-project -> syncVersionControlState),versionControlLedger,Rebuilt from git ls-files + git status on each projectStateDb run
boilerplate/update-packages/pz-boilerplate-intelliJ/2026-02-18-governance-alerts-trust-sot/apply-checklist.md,1,,1,116,90e9b9c71fa2f7a93527bb7b8762329e58cc980fe86143fa1bc5e0b4b5340f4c,repo_file_state,projectStateDb (sync-project -> syncVersionControlState),versionControlLedger,Rebuilt from git ls-files + git status on each projectStateDb run
boilerplate/update-packages/pz-boilerplate-intelliJ/2026-02-18-governance-alerts-trust-sot/fresh-session-prompt.md,1,,1,70,ea7d6de41bfeef2fff5f60789d824a4c767d5532e5d4de43969913c3eefb3ad4,repo_file_state,projectStateDb (sync-project -> syncVersionControlState),versionControlLedger,Rebuilt from git ls-files + git status on each projectStateDb run
boilerplate/update-packages/pz-boilerplate-intelliJ/2026-02-18-governance-alerts-trust-sot/package-manifest.json,1,,1,828,794f36fe0fe2261a438007670102a8b1f4f55a5a8476fd127daae4912c14ac58,repo_file_state,projectStateDb (sync-project -> syncVersionControlState),versionControlLedger,Rebuilt from git ls-files + git status on each projectStateDb run
boilerplate/update-packages/pz-boilerplate-intelliJ/2026-02-18-governance-events-workbook/README.md,1,,1,454,0e44bd96549cdd73a0dd9ef4d285e9392e11e466893957c6348bffcffcb11d10,repo_file_state,projectStateDb (sync-project -> syncVersionControlState),versionControlLedger,Rebuilt from git ls-files + git status on each projectStateDb run
boilerplate/update-packages/pz-boilerplate-intelliJ/2026-02-18-governance-events-workbook/apply-checklist.md,1,,1,116,90e9b9c71fa2f7a93527bb7b8762329e58cc980fe86143fa1bc5e0b4b5340f4c,repo_file_state,projectStateDb (sync-project -> syncVersionControlState),versionControlLedger,Rebuilt from git ls-files + git status on each projectStateDb run
boilerplate/update-packages/pz-boilerplate-intelliJ/2026-02-18-governance-events-workbook/fresh-session-prompt.md,1,,1,70,ea7d6de41bfeef2fff5f60789d824a4c767d5532e5d4de43969913c3eefb3ad4,repo_file_state,projectStateDb (sync-project -> syncVersionControlState),versionControlLedger,Rebuilt from git ls-files + git status on each projectStateDb run
boilerplate/update-packages/pz-boilerplate-intelliJ/2026-02-18-governance-events-workbook/package-manifest.json,1,,1,893,dbec441bbbd4a2ada1662d8ea8499d45bdb06fda93527b1f50226e666d614fb6,repo_file_state,projectStateDb (sync-project -> syncVersionControlState),versionControlLedger,Rebuilt from git ls-files + git status on each projectStateDb run
boilerplate/update-packages/pz-boilerplate-intelliJ/2026-02-18-managed-tooling-registration-gate/README.md,1,,1,342,97b775c002364e62a5050f36de22989b27a17be741404eb6cc43c1924eec8330,repo_file_state,projectStateDb (sync-project -> syncVersionControlState),versionControlLedger,Rebuilt from git ls-files + git status on each projectStateDb run
boilerplate/update-packages/pz-boilerplate-intelliJ/2026-02-18-managed-tooling-registration-gate/apply-checklist.md,1,,1,116,90e9b9c71fa2f7a93527bb7b8762329e58cc980fe86143fa1bc5e0b4b5340f4c,repo_file_state,projectStateDb (sync-project -> syncVersionControlState),versionControlLedger,Rebuilt from git ls-files + git status on each projectStateDb run
boilerplate/update-packages/pz-boilerplate-intelliJ/2026-02-18-managed-tooling-registration-gate/fresh-session-prompt.md,1,,1,70,ea7d6de41bfeef2fff5f60789d824a4c767d5532e5d4de43969913c3eefb3ad4,repo_file_state,projectStateDb (sync-project -> syncVersionControlState),versionControlLedger,Rebuilt from git ls-files + git status on each projectStateDb run
boilerplate/update-packages/pz-boilerplate-intelliJ/2026-02-18-managed-tooling-registration-gate/package-manifest.json,1,,1,606,56d70baffd3671bdf85e78173c8c9eba84dbb195474e14ebe7870ee46deca58c,repo_file_state,projectStateDb (sync-project -> syncVersionControlState),versionControlLedger,Rebuilt from git ls-files + git status on each projectStateDb run
boilerplate/update-packages/pz-boilerplate-intelliJ/2026-02-18-pm-realm-console-sql-rules-rollup/README.md,1,,1,978,16fefb1a607c15255dd3f63920b82358ca066307d71ef21b66b4e14aea9c3120,repo_file_state,projectStateDb (sync-project -> syncVersionControlState),versionControlLedger,Rebuilt from git ls-files + git status on each projectStateDb run
boilerplate/update-packages/pz-boilerplate-intelliJ/2026-02-18-pm-realm-console-sql-rules-rollup/apply-checklist.md,1,,1,999,4a34acf13ab9a692f27fa9dc9b41fee8e8409c73b1c77a590efeaa697d5a4bd0,repo_file_state,projectStateDb (sync-project -> syncVersionControlState),versionControlLedger,Rebuilt from git ls-files + git status on each projectStateDb run
boilerplate/update-packages/pz-boilerplate-intelliJ/2026-02-18-pm-realm-console-sql-rules-rollup/fresh-session-prompt.md,1,,1,573,51f466f30a84d1d8ce13cc3363832b81acfe29446cc6b6ab70418bafbc760245,repo_file_state,projectStateDb (sync-project -> syncVersionControlState),versionControlLedger,Rebuilt from git ls-files + git status on each projectStateDb run
boilerplate/update-packages/pz-boilerplate-intelliJ/2026-02-18-pm-realm-console-sql-rules-rollup/package-manifest.json,1,,1,1622,c31ecb3177a63d43eb251285a9c3c11c94a4fa5c97efec25328af2a9a1c4f44f,repo_file_state,projectStateDb (sync-project -> syncVersionControlState),versionControlLedger,Rebuilt from git ls-files + git status on each projectStateDb run
boilerplate/update-packages/pz-boilerplate-intelliJ/2026-02-18-pm-realm-console-sql-rules-rollup/patches/0001-pm-realm-console-sql-rules-rollup.patch,1,,1,159406,2f1983a68c72507ec14ec2ca4a4626a52961d3475d800437005a6f4871d13243,repo_file_state,projectStateDb (sync-project -> syncVersionControlState),versionControlLedger,Rebuilt from git ls-files + git status on each projectStateDb run
boilerplate/update-packages/pz-boilerplate-intelliJ/2026-02-18-product-management-boundary-gate/README.md,1,,1,296,1226a752824034d73f72068985f689f70f89e06c6ab04a562a1f4cbb5f06c15d,repo_file_state,projectStateDb (sync-project -> syncVersionControlState),versionControlLedger,Rebuilt from git ls-files + git status on each projectStateDb run
boilerplate/update-packages/pz-boilerplate-intelliJ/2026-02-18-product-management-boundary-gate/apply-checklist.md,1,,1,116,90e9b9c71fa2f7a93527bb7b8762329e58cc980fe86143fa1bc5e0b4b5340f4c,repo_file_state,projectStateDb (sync-project -> syncVersionControlState),versionControlLedger,Rebuilt from git ls-files + git status on each projectStateDb run
boilerplate/update-packages/pz-boilerplate-intelliJ/2026-02-18-product-management-boundary-gate/fresh-session-prompt.md,1,,1,70,ea7d6de41bfeef2fff5f60789d824a4c767d5532e5d4de43969913c3eefb3ad4,repo_file_state,projectStateDb (sync-project -> syncVersionControlState),versionControlLedger,Rebuilt from git ls-files + git status on each projectStateDb run
boilerplate/update-packages/pz-boilerplate-intelliJ/2026-02-18-product-management-boundary-gate/package-manifest.json,1,,1,617,2e9e0ad56628977898966a24d8e129ca4b00cf03fdf16ae68ceeb1a6983e2f84,repo_file_state,projectStateDb (sync-project -> syncVersionControlState),versionControlLedger,Rebuilt from git ls-files + git status on each projectStateDb run
boilerplate/update-packages/pz-boilerplate-intelliJ/2026-02-18-project-level-rollback-governance-log-sync/README.md,1,,1,832,f509387141904b9c73fd7e4ac77b112ce790f8900ab3453e2b15c22969d1e05b,repo_file_state,projectStateDb (sync-project -> syncVersionControlState),versionControlLedger,Rebuilt from git ls-files + git status on each projectStateDb run
boilerplate/update-packages/pz-boilerplate-intelliJ/2026-02-18-project-level-rollback-governance-log-sync/apply-checklist.md,1,,1,866,ca20cb5d68edaca0713cfd2fac92ae49a810fba48a09308f8685bd4f7a270878,repo_file_state,projectStateDb (sync-project -> syncVersionControlState),versionControlLedger,Rebuilt from git ls-files + git status on each projectStateDb run
boilerplate/update-packages/pz-boilerplate-intelliJ/2026-02-18-project-level-rollback-governance-log-sync/fresh-session-prompt.md,1,,1,515,9bb5329616f56832464a918986c7596260d00e756acbf5f97a77d06822204185,repo_file_state,projectStateDb (sync-project -> syncVersionControlState),versionControlLedger,Rebuilt from git ls-files + git status on each projectStateDb run
boilerplate/update-packages/pz-boilerplate-intelliJ/2026-02-18-project-level-rollback-governance-log-sync/package-manifest.json,1,,1,1189,711cb0e761f3b5db212975d1ed5d629e659b7427cfa004f6149168c099b7de90,repo_file_state,projectStateDb (sync-project -> syncVersionControlState),versionControlLedger,Rebuilt from git ls-files + git status on each projectStateDb run
boilerplate/update-packages/pz-boilerplate-intelliJ/2026-02-18-project-level-rollback-governance-log-sync/patches/0001-log-sync-template.patch,1,,1,1120,85e51e0f271b6ece55fe7d9a1e729d24d242486b57e076f972fede89bc7e4ce8,repo_file_state,projectStateDb (sync-project -> syncVersionControlState),versionControlLedger,Rebuilt from git ls-files + git status on each projectStateDb run
boilerplate/update-packages/pz-boilerplate-intelliJ/2026-02-18-project-level-rollback-governance-log-sync/templates/process-evolution-entry.md,1,,1,347,0482dccc000409a4ceec06c2b7d906ddcaa187f6919acb0d06c984e22176ea15,repo_file_state,projectStateDb (sync-project -> syncVersionControlState),versionControlLedger,Rebuilt from git ls-files + git status on each projectStateDb run
boilerplate/update-packages/pz-boilerplate-intelliJ/2026-02-18-project-level-rollback-governance-log-sync/templates/session-changelog-entry.md,1,,1,400,d9abe6283afd29a9387b2e34e8059e6128f4bb824cbe998915d280ff61e12ab7,repo_file_state,projectStateDb (sync-project -> syncVersionControlState),versionControlLedger,Rebuilt from git ls-files + git status on each projectStateDb run
boilerplate/update-packages/pz-boilerplate-intelliJ/2026-02-18-project-level-rollback-governance/README.md,1,,1,960,873f815046bb80b32ca8ef159e01b08bc516cfcfbabee8f81c06427b54617dfc,repo_file_state,projectStateDb (sync-project -> syncVersionControlState),versionControlLedger,Rebuilt from git ls-files + git status on each projectStateDb run
boilerplate/update-packages/pz-boilerplate-intelliJ/2026-02-18-project-level-rollback-governance/apply-checklist.md,1,,1,1253,abd11a399b37cecc1dda33507f1bb0a04488ff022806f52163cf48286a467528,repo_file_state,projectStateDb (sync-project -> syncVersionControlState),versionControlLedger,Rebuilt from git ls-files + git status on each projectStateDb run
boilerplate/update-packages/pz-boilerplate-intelliJ/2026-02-18-project-level-rollback-governance/fresh-session-prompt.md,1,,1,642,03119f114b55dc11b0780f84469a8885074ce225e30aaa30733c301b27777538,repo_file_state,projectStateDb (sync-project -> syncVersionControlState),versionControlLedger,Rebuilt from git ls-files + git status on each projectStateDb run
boilerplate/update-packages/pz-boilerplate-intelliJ/2026-02-18-project-level-rollback-governance/package-manifest.json,1,,1,853,9a2ad0ccd868be8cc127305dd8726d4afbcdf12033a4f170ff88735cc9c75c4e,repo_file_state,projectStateDb (sync-project -> syncVersionControlState),versionControlLedger,Rebuilt from git ls-files + git status on each projectStateDb run
boilerplate/update-packages/pz-boilerplate-intelliJ/2026-02-18-project-level-rollback-governance/patches/0001-policy-and-readme-rollback-governance.patch,1,,1,5390,a71e0e5390e4f4ee93ecc275d85a0cfa584a00a89165680ebddb129808693418,repo_file_state,projectStateDb (sync-project -> syncVersionControlState),versionControlLedger,Rebuilt from git ls-files + git status on each projectStateDb run
boilerplate/update-packages/pz-boilerplate-intelliJ/2026-02-18-sqlite-state-tooling/README.md,1,,1,860,76cbc2f6c8ca4c9de676cd0ec632e08396cd94d841caef2ca2295447c9b26281,repo_file_state,projectStateDb (sync-project -> syncVersionControlState),versionControlLedger,Rebuilt from git ls-files + git status on each projectStateDb run
boilerplate/update-packages/pz-boilerplate-intelliJ/2026-02-18-sqlite-state-tooling/apply-checklist.md,1,,1,444,fef5d5e33f8d185596fb9d955170b1b5e04eee3d0b692a3be6d49a7f271a1e2a,repo_file_state,projectStateDb (sync-project -> syncVersionControlState),versionControlLedger,Rebuilt from git ls-files + git status on each projectStateDb run
boilerplate/update-packages/pz-boilerplate-intelliJ/2026-02-18-sqlite-state-tooling/fresh-session-prompt.md,1,,1,575,f8fdb28bc5f77bab09d7ecc9067f44d5f9cc66bc16387b696ace47e31e86197f,repo_file_state,projectStateDb (sync-project -> syncVersionControlState),versionControlLedger,Rebuilt from git ls-files + git status on each projectStateDb run
boilerplate/update-packages/pz-boilerplate-intelliJ/2026-02-18-sqlite-state-tooling/package-manifest.json,1,,1,829,891865d0eb02d6956ec62cc935f45403c8568832f2f2c62e1c0a823b83f1c0e8,repo_file_state,projectStateDb (sync-project -> syncVersionControlState),versionControlLedger,Rebuilt from git ls-files + git status on each projectStateDb run
boilerplate/update-packages/pz-boilerplate-intelliJ/2026-02-18-unified-framework-rollup/README.md,1,,1,544,7713457eb135da0fd08191ba5dec78f16816be59225cbce8d5be256ebcbdb611,repo_file_state,projectStateDb (sync-project -> syncVersionControlState),versionControlLedger,Rebuilt from git ls-files + git status on each projectStateDb run
boilerplate/update-packages/pz-boilerplate-intelliJ/2026-02-18-unified-framework-rollup/apply-checklist.md,1,,1,446,c329427bae1e5e78e04346986d637744594fa493aa47041a5e1c4fd22b633203,repo_file_state,projectStateDb (sync-project -> syncVersionControlState),versionControlLedger,Rebuilt from git ls-files + git status on each projectStateDb run
boilerplate/update-packages/pz-boilerplate-intelliJ/2026-02-18-unified-framework-rollup/fresh-session-prompt.md,1,,1,390,f5c83d77df57753d02665ebd6a4bc727d66c6e634158da42176cb3cb5dbab60e,repo_file_state,projectStateDb (sync-project -> syncVersionControlState),versionControlLedger,Rebuilt from git ls-files + git status on each projectStateDb run
boilerplate/update-packages/pz-boilerplate-intelliJ/2026-02-18-unified-framework-rollup/package-manifest.json,1,,1,1573,b8cc1aaf039d883463abab7ec78daf2b586e7cd9510a7cc86889ea54b5cfcfa9,repo_file_state,projectStateDb (sync-project -> syncVersionControlState),versionControlLedger,Rebuilt from git ls-files + git status on each projectStateDb run
boilerplate/update-packages/pz-boilerplate-intelliJ/2026-02-18-vcs-file-discipline-ledger/README.md,1,,1,411,90ad5668c2a6920526765d9ff031afff199dbf326f644eae6e7fa194f96f888d,repo_file_state,projectStateDb (sync-project -> syncVersionControlState),versionControlLedger,Rebuilt from git ls-files + git status on each projectStateDb run
boilerplate/update-packages/pz-boilerplate-intelliJ/2026-02-18-vcs-file-discipline-ledger/apply-checklist.md,1,,1,116,90e9b9c71fa2f7a93527bb7b8762329e58cc980fe86143fa1bc5e0b4b5340f4c,repo_file_state,projectStateDb (sync-project -> syncVersionControlState),versionControlLedger,Rebuilt from git ls-files + git status on each projectStateDb run
boilerplate/update-packages/pz-boilerplate-intelliJ/2026-02-18-vcs-file-discipline-ledger/fresh-session-prompt.md,1,,1,70,ea7d6de41bfeef2fff5f60789d824a4c767d5532e5d4de43969913c3eefb3ad4,repo_file_state,projectStateDb (sync-project -> syncVersionControlState),versionControlLedger,Rebuilt from git ls-files + git status on each projectStateDb run
boilerplate/update-packages/pz-boilerplate-intelliJ/2026-02-18-vcs-file-discipline-ledger/package-manifest.json,1,,1,797,06523f413c6728185113d1e03ac2c2c5a1e4058df25df0d2be2cf2c7365fda32,repo_file_state,projectStateDb (sync-project -> syncVersionControlState),versionControlLedger,Rebuilt from git ls-files + git status on each projectStateDb run
boilerplate/update-packages/pz-boilerplate-intelliJ/2026-02-18-workbook-change-driven-guard/README.md,1,,1,763,954309b284dc363469a56533c38a40032379fe07599e6a843fbfd189f393fb1c,repo_file_state,projectStateDb (sync-project -> syncVersionControlState),versionControlLedger,Rebuilt from git ls-files + git status on each projectStateDb run
boilerplate/update-packages/pz-boilerplate-intelliJ/2026-02-18-workbook-change-driven-guard/apply-checklist.md,1,,1,1138,3d389a818bc39e7217093091ff06c9d8097952ac5ac2d78cff756ea679456375,repo_file_state,projectStateDb (sync-project -> syncVersionControlState),versionControlLedger,Rebuilt from git ls-files + git status on each projectStateDb run
boilerplate/update-packages/pz-boilerplate-intelliJ/2026-02-18-workbook-change-driven-guard/fresh-session-prompt.md,1,,1,423,20908684c56dc0bb2a261cc12bfa0d819408b4719e382f61963f154e1d133a77,repo_file_state,projectStateDb (sync-project -> syncVersionControlState),versionControlLedger,Rebuilt from git ls-files + git status on each projectStateDb run
boilerplate/update-packages/pz-boilerplate-intelliJ/2026-02-18-workbook-change-driven-guard/package-manifest.json,1,,1,853,c6db0c3cf3c222d34bd198bc9550f8cfc13ccbe64ac5e3822747bb0b6e07d702,repo_file_state,projectStateDb (sync-project -> syncVersionControlState),versionControlLedger,Rebuilt from git ls-files + git status on each projectStateDb run
boilerplate/update-packages/pz-boilerplate-intelliJ/2026-02-18-workbook-change-driven-guard/patches/0001-workbook-change-driven-guard.patch,1,,1,4135,d8b847eba7dad7516b2c6c06aeb4987c1bd2ac3b3e204b123e8a2bfc5b627103,repo_file_state,projectStateDb (sync-project -> syncVersionControlState),versionControlLedger,Rebuilt from git ls-files + git status on each projectStateDb run
boilerplate/update-packages/pz-boilerplate-intelliJ/2026-02-19-console-environment-governance-v2/apply-checklist.md,1,,1,359,39dfbda93f6987592c91ede3b38712c8d113ff5f1245b501d24e8daf9ee15cb2,repo_file_state,projectStateDb (sync-project -> syncVersionControlState),versionControlLedger,Rebuilt from git ls-files + git status on each projectStateDb run
boilerplate/update-packages/pz-boilerplate-intelliJ/2026-02-19-console-environment-governance-v2/package-manifest.json,1,,1,1130,6603e95cbb47878a6416c2ed7bbaf8c30205d89fc5cd6fe5cecdc7a4f97594cb,repo_file_state,projectStateDb (sync-project -> syncVersionControlState),versionControlLedger,Rebuilt from git ls-files + git status on each projectStateDb run
boilerplate/update-packages/pz-boilerplate-intelliJ/2026-02-19-fresh-instance-convergence-eval/README.md,1,,1,667,fe354e1d3c762631168621ff97b79eea09223a5504d2be9f796e350ce08b7e8a,repo_file_state,projectStateDb (sync-project -> syncVersionControlState),versionControlLedger,Rebuilt from git ls-files + git status on each projectStateDb run
boilerplate/update-packages/pz-boilerplate-intelliJ/2026-02-19-fresh-instance-convergence-eval/apply-checklist.md,1,,1,781,94e0ed3ffc8efc50584088efbce1ccf10146a75724e4877cfc471ba74a221321,repo_file_state,projectStateDb (sync-project -> syncVersionControlState),versionControlLedger,Rebuilt from git ls-files + git status on each projectStateDb run
boilerplate/update-packages/pz-boilerplate-intelliJ/2026-02-19-fresh-instance-convergence-eval/comparison-checklist.md,1,,1,1345,3b3f5c6b85b3fc3530fdb2ed384889ce34b6341ad2f685afb08d1134dcb844be,repo_file_state,projectStateDb (sync-project -> syncVersionControlState),versionControlLedger,Rebuilt from git ls-files + git status on each projectStateDb run
boilerplate/update-packages/pz-boilerplate-intelliJ/2026-02-19-fresh-instance-convergence-eval/fresh-session-prompt.md,1,,1,810,9c45d235e14b95ecc8d9d962f7e6fbe65485b346194c8b9cdfba9c2e7d3b1431,repo_file_state,projectStateDb (sync-project -> syncVersionControlState),versionControlLedger,Rebuilt from git ls-files + git status on each projectStateDb run
boilerplate/update-packages/pz-boilerplate-intelliJ/2026-02-19-fresh-instance-convergence-eval/package-manifest.json,1,,1,1680,7c681df03db1bb946e9eedfb9566e63cd42dfe7ad57cc1078b1f3ed3aecf26e9,repo_file_state,projectStateDb (sync-project -> syncVersionControlState),versionControlLedger,Rebuilt from git ls-files + git status on each projectStateDb run
boilerplate/update-packages/pz-boilerplate-intelliJ/2026-02-19-namespace-root-solutions-pointzero-symphony/README.md,1,,1,484,acd1695e00000853e2ae9c7e6225ba96a380d274956fe79a373d2832550162e1,repo_file_state,projectStateDb (sync-project -> syncVersionControlState),versionControlLedger,Rebuilt from git ls-files + git status on each projectStateDb run
boilerplate/update-packages/pz-boilerplate-intelliJ/2026-02-19-namespace-root-solutions-pointzero-symphony/apply-checklist.md,1,,1,524,29462e6baf64599284a25fed5420406624a9a2cd89f1f35345eed86267e84f06,repo_file_state,projectStateDb (sync-project -> syncVersionControlState),versionControlLedger,Rebuilt from git ls-files + git status on each projectStateDb run
boilerplate/update-packages/pz-boilerplate-intelliJ/2026-02-19-namespace-root-solutions-pointzero-symphony/fresh-session-prompt.md,1,,1,422,e530120ee749278b65ce31438d5a85729355bb3f27383a68b63e1710428c0c54,repo_file_state,projectStateDb (sync-project -> syncVersionControlState),versionControlLedger,Rebuilt from git ls-files + git status on each projectStateDb run
boilerplate/update-packages/pz-boilerplate-intelliJ/2026-02-19-namespace-root-solutions-pointzero-symphony/package-manifest.json,1,,1,775,7051d6d1ac165d0507865937d3e4fd5fcb58cf6e679f081ce96a0cf1819a2795,repo_file_state,projectStateDb (sync-project -> syncVersionControlState),versionControlLedger,Rebuilt from git ls-files + git status on each projectStateDb run
boilerplate/update-packages/pz-boilerplate-intelliJ/2026-02-19-pm-live-actions-governance-automation/README.md,1,,1,756,e14532074598abbd933afd0cc8eecbc919e6e60cd09931c8a8d8a7b00866d08f,repo_file_state,projectStateDb (sync-project -> syncVersionControlState),versionControlLedger,Rebuilt from git ls-files + git status on each projectStateDb run
boilerplate/update-packages/pz-boilerplate-intelliJ/2026-02-19-pm-live-actions-governance-automation/apply-checklist.md,1,,1,742,9f1a61a713fc64d7347e926375f37b9f87e2889e4f3654d454fa9f015500fd4a,repo_file_state,projectStateDb (sync-project -> syncVersionControlState),versionControlLedger,Rebuilt from git ls-files + git status on each projectStateDb run
boilerplate/update-packages/pz-boilerplate-intelliJ/2026-02-19-pm-live-actions-governance-automation/fresh-session-prompt.md,1,,1,214,102381dc26ddc35557a35eeb2f76626a1bab3d7a7541135446b6d737038f6690,repo_file_state,projectStateDb (sync-project -> syncVersionControlState),versionControlLedger,Rebuilt from git ls-files + git status on each projectStateDb run
boilerplate/update-packages/pz-boilerplate-intelliJ/2026-02-19-pm-live-actions-governance-automation/package-manifest.json,1,,1,1856,ead884b7c45ed5d6d7fcc773f85aa3c8aefca371047b5207c88310ac8e24ac20,repo_file_state,projectStateDb (sync-project -> syncVersionControlState),versionControlLedger,Rebuilt from git ls-files + git status on each projectStateDb run
boilerplate/update-packages/pz-boilerplate-intelliJ/2026-02-19-presentation-naming-governance-rollup/README.md,1,,1,1083,7c340fff21a295dc3da92623e6a0cf1a9cb4c574a5ac52fe4e879f73e82c53e2,repo_file_state,projectStateDb (sync-project -> syncVersionControlState),versionControlLedger,Rebuilt from git ls-files + git status on each projectStateDb run
boilerplate/update-packages/pz-boilerplate-intelliJ/2026-02-19-presentation-naming-governance-rollup/apply-checklist.md,1,,1,240,12d4ac7b5a9132b1a4fd0cb012b1911d30d8dcb093abe95a82ab660981e21689,repo_file_state,projectStateDb (sync-project -> syncVersionControlState),versionControlLedger,Rebuilt from git ls-files + git status on each projectStateDb run
boilerplate/update-packages/pz-boilerplate-intelliJ/2026-02-19-presentation-naming-governance-rollup/fresh-session-prompt.md,1,,1,270,d665cf1d9f30017f3b0ac428197ab3aecee17b9fa1a274ee68567438dc1b0d61,repo_file_state,projectStateDb (sync-project -> syncVersionControlState),versionControlLedger,Rebuilt from git ls-files + git status on each projectStateDb run
boilerplate/update-packages/pz-boilerplate-intelliJ/2026-02-19-presentation-naming-governance-rollup/package-manifest.json,1,,1,1159,52a6f69093c5facf938c73ac0e43299d9af22ae527bc5f9da14a6eb8af9aaa9b,repo_file_state,projectStateDb (sync-project -> syncVersionControlState),versionControlLedger,Rebuilt from git ls-files + git status on each projectStateDb run
boilerplate/update-packages/pz-boilerplate-intelliJ/2026-02-19-queue-normalization-knowledge-link-gate/README.md,1,,1,594,4a3b6ac7f1176c39ae17dcd6c54e6a49c8246e2428974280384e34c1fdaf9249,repo_file_state,projectStateDb (sync-project -> syncVersionControlState),versionControlLedger,Rebuilt from git ls-files + git status on each projectStateDb run
boilerplate/update-packages/pz-boilerplate-intelliJ/2026-02-19-queue-normalization-knowledge-link-gate/apply-checklist.md,1,,1,343,05fa5d074f0416bf31254d6f15fb075e5ce73a232656aa1edbbd46efdc2865ce,repo_file_state,projectStateDb (sync-project -> syncVersionControlState),versionControlLedger,Rebuilt from git ls-files + git status on each projectStateDb run
boilerplate/update-packages/pz-boilerplate-intelliJ/2026-02-19-queue-normalization-knowledge-link-gate/fresh-session-prompt.md,1,,1,190,f9b3b9391f569cc4b84a5df34f7e19202965f04e59220f4f5e6bd9d9d1bbbe16,repo_file_state,projectStateDb (sync-project -> syncVersionControlState),versionControlLedger,Rebuilt from git ls-files + git status on each projectStateDb run
boilerplate/update-packages/pz-boilerplate-intelliJ/2026-02-19-queue-normalization-knowledge-link-gate/package-manifest.json,1,,1,1682,7e831f232b2c23278c7b1f6652d048ea5cecb92cba36ba46bf5b8d432fe6cba4,repo_file_state,projectStateDb (sync-project -> syncVersionControlState),versionControlLedger,Rebuilt from git ls-files + git status on each projectStateDb run
boilerplate/update-packages/pz-boilerplate-intelliJ/2026-02-19-recovery-ci-sql-integrity.zip,1,,1,2717,01cbd790ae4394bddd9b05d5b0b467d187a4cea7e72b1ef0d0276cfa1ff13052,repo_file_state,projectStateDb (sync-project -> syncVersionControlState),versionControlLedger,Rebuilt from git ls-files + git status on each projectStateDb run
boilerplate/update-packages/pz-boilerplate-intelliJ/2026-02-19-recovery-ci-sql-integrity.zip.sha256,1,,1,107,aae3184695910adf104af44052f0e74ed3598dacc763d7b00c2b1f3a2a7277e3,repo_file_state,projectStateDb (sync-project -> syncVersionControlState),versionControlLedger,Rebuilt from git ls-files + git status on each projectStateDb run
boilerplate/update-packages/pz-boilerplate-intelliJ/2026-02-19-recovery-ci-sql-integrity/README.md,1,,1,586,8c2568db3db39df6cb5ce8bed6aa0be9e2ddfc6ddd0cabc8f8e4b247a91e927d,repo_file_state,projectStateDb (sync-project -> syncVersionControlState),versionControlLedger,Rebuilt from git ls-files + git status on each projectStateDb run
boilerplate/update-packages/pz-boilerplate-intelliJ/2026-02-19-recovery-ci-sql-integrity/apply-checklist.md,1,,1,547,d99bfe44550669350d86e0f5219351d1dbeeff97df9030e96693c4e79886afe6,repo_file_state,projectStateDb (sync-project -> syncVersionControlState),versionControlLedger,Rebuilt from git ls-files + git status on each projectStateDb run
boilerplate/update-packages/pz-boilerplate-intelliJ/2026-02-19-recovery-ci-sql-integrity/fresh-session-prompt.md,1,,1,557,979bf135dcbd27abdfe51f2161a88a846a45fa26d9a5d02547aa7dd1311956af,repo_file_state,projectStateDb (sync-project -> syncVersionControlState),versionControlLedger,Rebuilt from git ls-files + git status on each projectStateDb run
boilerplate/update-packages/pz-boilerplate-intelliJ/2026-02-19-recovery-ci-sql-integrity/package-manifest.json,1,,1,1348,d2077f9770043fa346cfd02d3f9fdfc86b36bf5c57abcce5d7041de3cf922614,repo_file_state,projectStateDb (sync-project -> syncVersionControlState),versionControlLedger,Rebuilt from git ls-files + git status on each projectStateDb run
boilerplate/update-packages/pz-boilerplate-intelliJ/2026-02-23-clean-recovery-alignment/README.md,1,,1,160,fc70b263ccad2f10acffe9f6fd08d97dc6ef7558d45a8494ac6d4e5f70ce5146,repo_file_state,projectStateDb (sync-project -> syncVersionControlState),versionControlLedger,Rebuilt from git ls-files + git status on each projectStateDb run
boilerplate/update-packages/pz-boilerplate-intelliJ/2026-02-23-clean-recovery-alignment/apply-checklist.md,1,,1,116,90e9b9c71fa2f7a93527bb7b8762329e58cc980fe86143fa1bc5e0b4b5340f4c,repo_file_state,projectStateDb (sync-project -> syncVersionControlState),versionControlLedger,Rebuilt from git ls-files + git status on each projectStateDb run
boilerplate/update-packages/pz-boilerplate-intelliJ/2026-02-23-clean-recovery-alignment/fresh-session-prompt.md,1,,1,70,ea7d6de41bfeef2fff5f60789d824a4c767d5532e5d4de43969913c3eefb3ad4,repo_file_state,projectStateDb (sync-project -> syncVersionControlState),versionControlLedger,Rebuilt from git ls-files + git status on each projectStateDb run
boilerplate/update-packages/pz-boilerplate-intelliJ/2026-02-23-clean-recovery-alignment/package-manifest.json,1,M,1,976,05147da663e90bc58551b15c6c228c62ca5b73dadded0a89f111710cad7a48a9,repo_file_state,projectStateDb (sync-project -> syncVersionControlState),versionControlLedger,Rebuilt from git ls-files + git status on each projectStateDb run
build.gradle,1,M,1,111548,81550917d91b6a885162b1e72a5b70084d171b4a7882429a7c212d0ce442f2cb,repo_file_state,projectStateDb (sync-project -> syncVersionControlState),versionControlLedger,Rebuilt from git ls-files + git status on each projectStateDb run
docs/API.md,1,,1,9387,b4e83f9377a9a39c38e919af8576e3d2c475a5e53fc4b3e1e6698fa0f3e252bd,repo_file_state,projectStateDb (sync-project -> syncVersionControlState),versionControlLedger,Rebuilt from git ls-files + git status on each projectStateDb run
docs/NEW_MACHINE_BOOTSTRAP.md,1,,1,1170,c8e555d4493a4c3bf8c99e944d9683721d01c3418602bd958ea31e51c4ffb02c,repo_file_state,projectStateDb (sync-project -> syncVersionControlState),versionControlLedger,Rebuilt from git ls-files + git status on each projectStateDb run
docs/PM_CONSOLE_EXCHANGE_FORMAT.md,1,,1,1493,4bfe0f4b65eb9ce41250223b56b9e2f726628a9e3a69879c3431ee800321df02,repo_file_state,projectStateDb (sync-project -> syncVersionControlState),versionControlLedger,Rebuilt from git ls-files + git status on each projectStateDb run
docs/PRESENTATION_ID_MIGRATION.md,1,,1,895,30ba16906901115d798d706cfe603c981e1de15e4b318597ea50079d6a0596d3,repo_file_state,projectStateDb (sync-project -> syncVersionControlState),versionControlLedger,Rebuilt from git ls-files + git status on each projectStateDb run
docs/SQL_FIRST_WORKFLOW.md,1,,1,11869,80ad77f330ec68cb5a8165e2033bc8569a6037c81d0ec9c87963e8bda4ab81fa,repo_file_state,projectStateDb (sync-project -> syncVersionControlState),versionControlLedger,Rebuilt from git ls-files + git status on each projectStateDb run
docs/boilerplate-sync-candidates.xlsx,1,M,1,10185,17f33357f68eb0bb0c55827c40d58f8c5eb224e7f734585c6b3a796f901521d0,repo_file_state,projectStateDb (sync-project -> syncVersionControlState),versionControlLedger,Rebuilt from git ls-files + git status on each projectStateDb run
docs/fidelity-corpus.txt,1,,1,153,e3750b6d368a66e26ac0885f120f4eaa9e3064393c2d396fbda6d942d80b8f32,repo_file_state,projectStateDb (sync-project -> syncVersionControlState),versionControlLedger,Rebuilt from git ls-files + git status on each projectStateDb run
docs/issues-log-template.csv,1,,1,275,344c8e1f896da05226f17ce1ccc16eedb36bd7924c13f7545a3c89f5b3c176ce,repo_file_state,projectStateDb (sync-project -> syncVersionControlState),versionControlLedger,Rebuilt from git ls-files + git status on each projectStateDb run
docs/issues-log.csv,1,M,1,8610,4480bbf540454258c4ec1d3c4103d7782dad6bc68cb4816abab4c1ce3e6756a7,repo_file_state,projectStateDb (sync-project -> syncVersionControlState),versionControlLedger,Rebuilt from git ls-files + git status on each projectStateDb run
docs/policy-governance-events.csv,1,,1,2102,bd6182cfc9a620f51f17b96e1565a3ea42650ab0f5fe1f99fb41730f0ffdf132,repo_file_state,projectStateDb (sync-project -> syncVersionControlState),versionControlLedger,Rebuilt from git ls-files + git status on each projectStateDb run
docs/policy-governance-events.xlsx,1,,1,4517,f366429098a47b9bde9a54f8704548905d6c5e43f209cdd10e55241715eaebca,repo_file_state,projectStateDb (sync-project -> syncVersionControlState),versionControlLedger,Rebuilt from git ls-files + git status on each projectStateDb run
docs/project-plan-progress.csv,1,M,1,11101,b477845a47c41d827aaa440b2fa73f9bb20d22388c5dc58e7c9888213a8d2489,repo_file_state,projectStateDb (sync-project -> syncVersionControlState),versionControlLedger,Rebuilt from git ls-files + git status on each projectStateDb run
docs/project-plan-progress.xlsx,1,M,1,15480,6dc1f3cca5d90376746e8b0ba8814058a09744bf37b96f2695750644439ae186,repo_file_state,projectStateDb (sync-project -> syncVersionControlState),versionControlLedger,Rebuilt from git ls-files + git status on each projectStateDb run
docs/project-plan.md,1,M,1,8627,1fe5e79e9abb0e253fe69767e2a59e9f7feb20319b3c6720e4b6b62a7841f862,repo_file_state,projectStateDb (sync-project -> syncVersionControlState),versionControlLedger,Rebuilt from git ls-files + git status on each projectStateDb run
docs/update-packages/README.md,1,,1,234,e09e6e4e07bdeac9b02180d60439f7b0a285b34c3485055dfd4531f8451cc313,repo_file_state,projectStateDb (sync-project -> syncVersionControlState),versionControlLedger,Rebuilt from git ls-files + git status on each projectStateDb run
gradle/wrapper/gradle-wrapper.jar,1,,1,60756,91a239400bb638f36a1795d8fdf7939d532cdc7d794d1119b7261aac158b1e60,repo_file_state,projectStateDb (sync-project -> syncVersionControlState),versionControlLedger,Rebuilt from git ls-files + git status on each projectStateDb run
gradle/wrapper/gradle-wrapper.properties,1,,1,232,9ba4f8c8258f3d6d74144493b9e3e80e470a7b05cf34ce392a60d0e4fb9fc504,repo_file_state,projectStateDb (sync-project -> syncVersionControlState),versionControlLedger,Rebuilt from git ls-files + git status on each projectStateDb run
gradlew,1,,1,8070,f96a757581fe5292465e3f3393380bd11fd8086d450b92e7c693da6513f583fe,repo_file_state,projectStateDb (sync-project -> syncVersionControlState),versionControlLedger,Rebuilt from git ls-files + git status on each projectStateDb run
gradlew.bat,1,,1,2763,af835f98787e9269af5a046edcb821a592fed372139df7b947b471a63cfc236b,repo_file_state,projectStateDb (sync-project -> syncVersionControlState),versionControlLedger,Rebuilt from git ls-files + git status on each projectStateDb run
management/,0,??,1,128,,repo_file_state,projectStateDb (sync-project -> syncVersionControlState),versionControlLedger,Rebuilt from git ls-files + git status on each projectStateDb run
pm-console/build.gradle,1,D,0,0,,repo_file_state,projectStateDb (sync-project -> syncVersionControlState),versionControlLedger,Rebuilt from git ls-files + git status on each projectStateDb run
pm-console/src/main/java/solutions/pointzero/symphony/pm/console/PmConsoleMain.java,1,D,0,0,,repo_file_state,projectStateDb (sync-project -> syncVersionControlState),versionControlLedger,Rebuilt from git ls-files + git status on each projectStateDb run
pm-console/src/test/java/solutions/pointzero/symphony/pm/console/PmConsoleMainTest.java,1,D,0,0,,repo_file_state,projectStateDb (sync-project -> syncVersionControlState),versionControlLedger,Rebuilt from git ls-files + git status on each projectStateDb run
pm-tools/build.gradle,1,D,0,0,,repo_file_state,projectStateDb (sync-project -> syncVersionControlState),versionControlLedger,Rebuilt from git ls-files + git status on each projectStateDb run
pm-tools/src/main/java/solutions/pointzero/symphony/pm/tools/BoilerplateSyncWorkbookUpdater.java,1,D,0,0,,repo_file_state,projectStateDb (sync-project -> syncVersionControlState),versionControlLedger,Rebuilt from git ls-files + git status on each projectStateDb run
pm-tools/src/main/java/solutions/pointzero/symphony/pm/tools/PolicyGovernanceWorkbookUpdater.java,1,D,0,0,,repo_file_state,projectStateDb (sync-project -> syncVersionControlState),versionControlLedger,Rebuilt from git ls-files + git status on each projectStateDb run
pm-tools/src/main/java/solutions/pointzero/symphony/pm/tools/ProjectPlanWorkbookUpdater.java,1,D,0,0,,repo_file_state,projectStateDb (sync-project -> syncVersionControlState),versionControlLedger,Rebuilt from git ls-files + git status on each projectStateDb run
pm-tools/src/main/java/solutions/pointzero/symphony/pm/tools/StateDatabaseTool.java,1,D,0,0,,repo_file_state,projectStateDb (sync-project -> syncVersionControlState),versionControlLedger,Rebuilt from git ls-files + git status on each projectStateDb run
pm-tools/src/test/java/solutions/pointzero/symphony/pm/tools/StateDatabaseToolTest.java,1,D,0,0,,repo_file_state,projectStateDb (sync-project -> syncVersionControlState),versionControlLedger,Rebuilt from git ls-files + git status on each projectStateDb run
pm/checkpoints/20260218T180055Z-0.2.0-beta.1-initial-versioning-rollback/files/AI-POLICY.md,1,D,0,0,,repo_file_state,projectStateDb (sync-project -> syncVersionControlState),versionControlLedger,Rebuilt from git ls-files + git status on each projectStateDb run
pm/checkpoints/20260218T180055Z-0.2.0-beta.1-initial-versioning-rollback/files/README.md,1,D,0,0,,repo_file_state,projectStateDb (sync-project -> syncVersionControlState),versionControlLedger,Rebuilt from git ls-files + git status on each projectStateDb run
pm/checkpoints/20260218T180055Z-0.2.0-beta.1-initial-versioning-rollback/files/SESSION_CHANGELOG.md,1,D,0,0,,repo_file_state,projectStateDb (sync-project -> syncVersionControlState),versionControlLedger,Rebuilt from git ls-files + git status on each projectStateDb run
pm/checkpoints/20260218T180055Z-0.2.0-beta.1-initial-versioning-rollback/files/VERSION,1,D,0,0,,repo_file_state,projectStateDb (sync-project -> syncVersionControlState),versionControlLedger,Rebuilt from git ls-files + git status on each projectStateDb run
pm/checkpoints/20260218T180055Z-0.2.0-beta.1-initial-versioning-rollback/files/build.gradle,1,D,0,0,,repo_file_state,projectStateDb (sync-project -> syncVersionControlState),versionControlLedger,Rebuilt from git ls-files + git status on each projectStateDb run
pm/checkpoints/20260218T180055Z-0.2.0-beta.1-initial-versioning-rollback/files/docs/API.md,1,D,0,0,,repo_file_state,projectStateDb (sync-project -> syncVersionControlState),versionControlLedger,Rebuilt from git ls-files + git status on each projectStateDb run
pm/checkpoints/20260218T180055Z-0.2.0-beta.1-initial-versioning-rollback/files/docs/issues-log-template.csv,1,D,0,0,,repo_file_state,projectStateDb (sync-project -> syncVersionControlState),versionControlLedger,Rebuilt from git ls-files + git status on each projectStateDb run
pm/checkpoints/20260218T180055Z-0.2.0-beta.1-initial-versioning-rollback/files/docs/issues-log.csv,1,D,0,0,,repo_file_state,projectStateDb (sync-project -> syncVersionControlState),versionControlLedger,Rebuilt from git ls-files + git status on each projectStateDb run
pm/checkpoints/20260218T180055Z-0.2.0-beta.1-initial-versioning-rollback/files/docs/project-plan-progress.csv,1,D,0,0,,repo_file_state,projectStateDb (sync-project -> syncVersionControlState),versionControlLedger,Rebuilt from git ls-files + git status on each projectStateDb run
pm/checkpoints/20260218T180055Z-0.2.0-beta.1-initial-versioning-rollback/files/docs/project-plan.md,1,D,0,0,,repo_file_state,projectStateDb (sync-project -> syncVersionControlState),versionControlLedger,Rebuilt from git ls-files + git status on each projectStateDb run
pm/checkpoints/20260218T180055Z-0.2.0-beta.1-initial-versioning-rollback/files/preview/afp-diag.json,1,D,0,0,,repo_file_state,projectStateDb (sync-project -> syncVersionControlState),versionControlLedger,Rebuilt from git ls-files + git status on each projectStateDb run
pm/checkpoints/20260218T180055Z-0.2.0-beta.1-initial-versioning-rollback/files/preview/afp-meta.json,1,D,0,0,,repo_file_state,projectStateDb (sync-project -> syncVersionControlState),versionControlLedger,Rebuilt from git ls-files + git status on each projectStateDb run
pm/checkpoints/20260218T180055Z-0.2.0-beta.1-initial-versioning-rollback/files/preview/afp-output.html,1,D,0,0,,repo_file_state,projectStateDb (sync-project -> syncVersionControlState),versionControlLedger,Rebuilt from git ls-files + git status on each projectStateDb run
pm/checkpoints/20260218T180055Z-0.2.0-beta.1-initial-versioning-rollback/files/preview/fidelity-report.json,1,D,0,0,,repo_file_state,projectStateDb (sync-project -> syncVersionControlState),versionControlLedger,Rebuilt from git ls-files + git status on each projectStateDb run
pm/checkpoints/20260218T180055Z-0.2.0-beta.1-initial-versioning-rollback/files/preview/issues-effectiveness.json,1,D,0,0,,repo_file_state,projectStateDb (sync-project -> syncVersionControlState),versionControlLedger,Rebuilt from git ls-files + git status on each projectStateDb run
pm/checkpoints/20260218T180055Z-0.2.0-beta.1-initial-versioning-rollback/files/preview/issues-log-tickle.json,1,D,0,0,,repo_file_state,projectStateDb (sync-project -> syncVersionControlState),versionControlLedger,Rebuilt from git ls-files + git status on each projectStateDb run
pm/checkpoints/20260218T180055Z-0.2.0-beta.1-initial-versioning-rollback/files/preview/project-plan-next-step.json,1,D,0,0,,repo_file_state,projectStateDb (sync-project -> syncVersionControlState),versionControlLedger,Rebuilt from git ls-files + git status on each projectStateDb run
pm/checkpoints/20260218T180055Z-0.2.0-beta.1-initial-versioning-rollback/files/preview/project-plan-progress-data.json,1,D,0,0,,repo_file_state,projectStateDb (sync-project -> syncVersionControlState),versionControlLedger,Rebuilt from git ls-files + git status on each projectStateDb run
pm/checkpoints/20260218T180055Z-0.2.0-beta.1-initial-versioning-rollback/files/preview/version.json,1,D,0,0,,repo_file_state,projectStateDb (sync-project -> syncVersionControlState),versionControlLedger,Rebuilt from git ls-files + git status on each projectStateDb run
pm/checkpoints/20260218T180055Z-0.2.0-beta.1-initial-versioning-rollback/files/settings.gradle,1,D,0,0,,repo_file_state,projectStateDb (sync-project -> syncVersionControlState),versionControlLedger,Rebuilt from git ls-files + git status on each projectStateDb run
pm/checkpoints/20260218T180055Z-0.2.0-beta.1-initial-versioning-rollback/manifest.json,1,D,0,0,,repo_file_state,projectStateDb (sync-project -> syncVersionControlState),versionControlLedger,Rebuilt from git ls-files + git status on each projectStateDb run
pm/checkpoints/20260218T214353Z-0.2.0-beta.1-policy-first-principles-governance-fix/files/AI-POLICY.md,1,D,0,0,,repo_file_state,projectStateDb (sync-project -> syncVersionControlState),versionControlLedger,Rebuilt from git ls-files + git status on each projectStateDb run
pm/checkpoints/20260218T214353Z-0.2.0-beta.1-policy-first-principles-governance-fix/files/README.md,1,D,0,0,,repo_file_state,projectStateDb (sync-project -> syncVersionControlState),versionControlLedger,Rebuilt from git ls-files + git status on each projectStateDb run
pm/checkpoints/20260218T214353Z-0.2.0-beta.1-policy-first-principles-governance-fix/files/SESSION_CHANGELOG.md,1,D,0,0,,repo_file_state,projectStateDb (sync-project -> syncVersionControlState),versionControlLedger,Rebuilt from git ls-files + git status on each projectStateDb run
pm/checkpoints/20260218T214353Z-0.2.0-beta.1-policy-first-principles-governance-fix/files/VERSION,1,D,0,0,,repo_file_state,projectStateDb (sync-project -> syncVersionControlState),versionControlLedger,Rebuilt from git ls-files + git status on each projectStateDb run
pm/checkpoints/20260218T214353Z-0.2.0-beta.1-policy-first-principles-governance-fix/files/build.gradle,1,D,0,0,,repo_file_state,projectStateDb (sync-project -> syncVersionControlState),versionControlLedger,Rebuilt from git ls-files + git status on each projectStateDb run
pm/checkpoints/20260218T214353Z-0.2.0-beta.1-policy-first-principles-governance-fix/files/docs/API.md,1,D,0,0,,repo_file_state,projectStateDb (sync-project -> syncVersionControlState),versionControlLedger,Rebuilt from git ls-files + git status on each projectStateDb run
pm/checkpoints/20260218T214353Z-0.2.0-beta.1-policy-first-principles-governance-fix/files/docs/issues-log-template.csv,1,D,0,0,,repo_file_state,projectStateDb (sync-project -> syncVersionControlState),versionControlLedger,Rebuilt from git ls-files + git status on each projectStateDb run
pm/checkpoints/20260218T214353Z-0.2.0-beta.1-policy-first-principles-governance-fix/files/docs/issues-log.csv,1,D,0,0,,repo_file_state,projectStateDb (sync-project -> syncVersionControlState),versionControlLedger,Rebuilt from git ls-files + git status on each projectStateDb run
pm/checkpoints/20260218T214353Z-0.2.0-beta.1-policy-first-principles-governance-fix/files/docs/project-plan-progress.csv,1,D,0,0,,repo_file_state,projectStateDb (sync-project -> syncVersionControlState),versionControlLedger,Rebuilt from git ls-files + git status on each projectStateDb run
pm/checkpoints/20260218T214353Z-0.2.0-beta.1-policy-first-principles-governance-fix/files/docs/project-plan.md,1,D,0,0,,repo_file_state,projectStateDb (sync-project -> syncVersionControlState),versionControlLedger,Rebuilt from git ls-files + git status on each projectStateDb run
pm/checkpoints/20260218T214353Z-0.2.0-beta.1-policy-first-principles-governance-fix/files/docs/update-packages/README.md,1,D,0,0,,repo_file_state,projectStateDb (sync-project -> syncVersionControlState),versionControlLedger,Rebuilt from git ls-files + git status on each projectStateDb run
pm/checkpoints/20260218T214353Z-0.2.0-beta.1-policy-first-principles-governance-fix/files/docs/update-packages/pz-boilerplate-intelliJ/2026-02-18-boilerplate-sync-triage-workbook/README.md,1,D,0,0,,repo_file_state,projectStateDb (sync-project -> syncVersionControlState),versionControlLedger,Rebuilt from git ls-files + git status on each projectStateDb run
pm/checkpoints/20260218T214353Z-0.2.0-beta.1-policy-first-principles-governance-fix/files/docs/update-packages/pz-boilerplate-intelliJ/2026-02-18-boilerplate-sync-triage-workbook/apply-checklist.md,1,D,0,0,,repo_file_state,projectStateDb (sync-project -> syncVersionControlState),versionControlLedger,Rebuilt from git ls-files + git status on each projectStateDb run
pm/checkpoints/20260218T214353Z-0.2.0-beta.1-policy-first-principles-governance-fix/files/docs/update-packages/pz-boilerplate-intelliJ/2026-02-18-boilerplate-sync-triage-workbook/fresh-session-prompt.md,1,D,0,0,,repo_file_state,projectStateDb (sync-project -> syncVersionControlState),versionControlLedger,Rebuilt from git ls-files + git status on each projectStateDb run
pm/checkpoints/20260218T214353Z-0.2.0-beta.1-policy-first-principles-governance-fix/files/docs/update-packages/pz-boilerplate-intelliJ/2026-02-18-boilerplate-sync-triage-workbook/templates/build-gradle-snippets.md,1,D,0,0,,repo_file_state,projectStateDb (sync-project -> syncVersionControlState),versionControlLedger,Rebuilt from git ls-files + git status on each projectStateDb run
pm/checkpoints/20260218T214353Z-0.2.0-beta.1-policy-first-principles-governance-fix/files/docs/update-packages/pz-boilerplate-intelliJ/2026-02-18-boilerplate-sync-triage-workbook/templates/policy-readme-snippets.md,1,D,0,0,,repo_file_state,projectStateDb (sync-project -> syncVersionControlState),versionControlLedger,Rebuilt from git ls-files + git status on each projectStateDb run
pm/checkpoints/20260218T214353Z-0.2.0-beta.1-policy-first-principles-governance-fix/files/docs/update-packages/pz-boilerplate-intelliJ/2026-02-18-consolidated-framework-sync/README.md,1,D,0,0,,repo_file_state,projectStateDb (sync-project -> syncVersionControlState),versionControlLedger,Rebuilt from git ls-files + git status on each projectStateDb run
pm/checkpoints/20260218T214353Z-0.2.0-beta.1-policy-first-principles-governance-fix/files/docs/update-packages/pz-boilerplate-intelliJ/2026-02-18-consolidated-framework-sync/apply-checklist.md,1,D,0,0,,repo_file_state,projectStateDb (sync-project -> syncVersionControlState),versionControlLedger,Rebuilt from git ls-files + git status on each projectStateDb run
pm/checkpoints/20260218T214353Z-0.2.0-beta.1-policy-first-principles-governance-fix/files/docs/update-packages/pz-boilerplate-intelliJ/2026-02-18-consolidated-framework-sync/fresh-session-prompt.md,1,D,0,0,,repo_file_state,projectStateDb (sync-project -> syncVersionControlState),versionControlLedger,Rebuilt from git ls-files + git status on each projectStateDb run
pm/checkpoints/20260218T214353Z-0.2.0-beta.1-policy-first-principles-governance-fix/files/docs/update-packages/pz-boilerplate-intelliJ/2026-02-18-consolidated-framework-sync/templates/changelog-entry.md,1,D,0,0,,repo_file_state,projectStateDb (sync-project -> syncVersionControlState),versionControlLedger,Rebuilt from git ls-files + git status on each projectStateDb run
pm/checkpoints/20260218T214353Z-0.2.0-beta.1-policy-first-principles-governance-fix/files/docs/update-packages/pz-boilerplate-intelliJ/2026-02-18-project-level-rollback-governance-log-sync/README.md,1,D,0,0,,repo_file_state,projectStateDb (sync-project -> syncVersionControlState),versionControlLedger,Rebuilt from git ls-files + git status on each projectStateDb run
pm/checkpoints/20260218T214353Z-0.2.0-beta.1-policy-first-principles-governance-fix/files/docs/update-packages/pz-boilerplate-intelliJ/2026-02-18-project-level-rollback-governance-log-sync/apply-checklist.md,1,D,0,0,,repo_file_state,projectStateDb (sync-project -> syncVersionControlState),versionControlLedger,Rebuilt from git ls-files + git status on each projectStateDb run
pm/checkpoints/20260218T214353Z-0.2.0-beta.1-policy-first-principles-governance-fix/files/docs/update-packages/pz-boilerplate-intelliJ/2026-02-18-project-level-rollback-governance-log-sync/fresh-session-prompt.md,1,D,0,0,,repo_file_state,projectStateDb (sync-project -> syncVersionControlState),versionControlLedger,Rebuilt from git ls-files + git status on each projectStateDb run
pm/checkpoints/20260218T214353Z-0.2.0-beta.1-policy-first-principles-governance-fix/files/docs/update-packages/pz-boilerplate-intelliJ/2026-02-18-project-level-rollback-governance-log-sync/templates/process-evolution-entry.md,1,D,0,0,,repo_file_state,projectStateDb (sync-project -> syncVersionControlState),versionControlLedger,Rebuilt from git ls-files + git status on each projectStateDb run
pm/checkpoints/20260218T214353Z-0.2.0-beta.1-policy-first-principles-governance-fix/files/docs/update-packages/pz-boilerplate-intelliJ/2026-02-18-project-level-rollback-governance-log-sync/templates/session-changelog-entry.md,1,D,0,0,,repo_file_state,projectStateDb (sync-project -> syncVersionControlState),versionControlLedger,Rebuilt from git ls-files + git status on each projectStateDb run
pm/checkpoints/20260218T214353Z-0.2.0-beta.1-policy-first-principles-governance-fix/files/docs/update-packages/pz-boilerplate-intelliJ/2026-02-18-project-level-rollback-governance/README.md,1,D,0,0,,repo_file_state,projectStateDb (sync-project -> syncVersionControlState),versionControlLedger,Rebuilt from git ls-files + git status on each projectStateDb run
pm/checkpoints/20260218T214353Z-0.2.0-beta.1-policy-first-principles-governance-fix/files/docs/update-packages/pz-boilerplate-intelliJ/2026-02-18-project-level-rollback-governance/apply-checklist.md,1,D,0,0,,repo_file_state,projectStateDb (sync-project -> syncVersionControlState),versionControlLedger,Rebuilt from git ls-files + git status on each projectStateDb run
pm/checkpoints/20260218T214353Z-0.2.0-beta.1-policy-first-principles-governance-fix/files/docs/update-packages/pz-boilerplate-intelliJ/2026-02-18-project-level-rollback-governance/fresh-session-prompt.md,1,D,0,0,,repo_file_state,projectStateDb (sync-project -> syncVersionControlState),versionControlLedger,Rebuilt from git ls-files + git status on each projectStateDb run
pm/checkpoints/20260218T214353Z-0.2.0-beta.1-policy-first-principles-governance-fix/files/docs/update-packages/pz-boilerplate-intelliJ/2026-02-18-sqlite-state-tooling/README.md,1,D,0,0,,repo_file_state,projectStateDb (sync-project -> syncVersionControlState),versionControlLedger,Rebuilt from git ls-files + git status on each projectStateDb run
pm/checkpoints/20260218T214353Z-0.2.0-beta.1-policy-first-principles-governance-fix/files/docs/update-packages/pz-boilerplate-intelliJ/2026-02-18-sqlite-state-tooling/apply-checklist.md,1,D,0,0,,repo_file_state,projectStateDb (sync-project -> syncVersionControlState),versionControlLedger,Rebuilt from git ls-files + git status on each projectStateDb run
pm/checkpoints/20260218T214353Z-0.2.0-beta.1-policy-first-principles-governance-fix/files/docs/update-packages/pz-boilerplate-intelliJ/2026-02-18-sqlite-state-tooling/fresh-session-prompt.md,1,D,0,0,,repo_file_state,projectStateDb (sync-project -> syncVersionControlState),versionControlLedger,Rebuilt from git ls-files + git status on each projectStateDb run
pm/checkpoints/20260218T214353Z-0.2.0-beta.1-policy-first-principles-governance-fix/files/docs/update-packages/pz-boilerplate-intelliJ/2026-02-18-workbook-change-driven-guard/README.md,1,D,0,0,,repo_file_state,projectStateDb (sync-project -> syncVersionControlState),versionControlLedger,Rebuilt from git ls-files + git status on each projectStateDb run
pm/checkpoints/20260218T214353Z-0.2.0-beta.1-policy-first-principles-governance-fix/files/docs/update-packages/pz-boilerplate-intelliJ/2026-02-18-workbook-change-driven-guard/apply-checklist.md,1,D,0,0,,repo_file_state,projectStateDb (sync-project -> syncVersionControlState),versionControlLedger,Rebuilt from git ls-files + git status on each projectStateDb run
pm/checkpoints/20260218T214353Z-0.2.0-beta.1-policy-first-principles-governance-fix/files/docs/update-packages/pz-boilerplate-intelliJ/2026-02-18-workbook-change-driven-guard/fresh-session-prompt.md,1,D,0,0,,repo_file_state,projectStateDb (sync-project -> syncVersionControlState),versionControlLedger,Rebuilt from git ls-files + git status on each projectStateDb run
pm/checkpoints/20260218T214353Z-0.2.0-beta.1-policy-first-principles-governance-fix/files/preview/afp-diag.json,1,D,0,0,,repo_file_state,projectStateDb (sync-project -> syncVersionControlState),versionControlLedger,Rebuilt from git ls-files + git status on each projectStateDb run
pm/checkpoints/20260218T214353Z-0.2.0-beta.1-policy-first-principles-governance-fix/files/preview/afp-meta.json,1,D,0,0,,repo_file_state,projectStateDb (sync-project -> syncVersionControlState),versionControlLedger,Rebuilt from git ls-files + git status on each projectStateDb run
pm/checkpoints/20260218T214353Z-0.2.0-beta.1-policy-first-principles-governance-fix/files/preview/afp-output.html,1,D,0,0,,repo_file_state,projectStateDb (sync-project -> syncVersionControlState),versionControlLedger,Rebuilt from git ls-files + git status on each projectStateDb run
pm/checkpoints/20260218T214353Z-0.2.0-beta.1-policy-first-principles-governance-fix/files/preview/fidelity-report.json,1,D,0,0,,repo_file_state,projectStateDb (sync-project -> syncVersionControlState),versionControlLedger,Rebuilt from git ls-files + git status on each projectStateDb run
pm/checkpoints/20260218T214353Z-0.2.0-beta.1-policy-first-principles-governance-fix/files/preview/issues-effectiveness.json,1,D,0,0,,repo_file_state,projectStateDb (sync-project -> syncVersionControlState),versionControlLedger,Rebuilt from git ls-files + git status on each projectStateDb run
pm/checkpoints/20260218T214353Z-0.2.0-beta.1-policy-first-principles-governance-fix/files/preview/issues-log-tickle.json,1,D,0,0,,repo_file_state,projectStateDb (sync-project -> syncVersionControlState),versionControlLedger,Rebuilt from git ls-files + git status on each projectStateDb run
pm/checkpoints/20260218T214353Z-0.2.0-beta.1-policy-first-principles-governance-fix/files/preview/project-plan-next-step.json,1,D,0,0,,repo_file_state,projectStateDb (sync-project -> syncVersionControlState),versionControlLedger,Rebuilt from git ls-files + git status on each projectStateDb run
pm/checkpoints/20260218T214353Z-0.2.0-beta.1-policy-first-principles-governance-fix/files/preview/project-plan-progress-data.json,1,D,0,0,,repo_file_state,projectStateDb (sync-project -> syncVersionControlState),versionControlLedger,Rebuilt from git ls-files + git status on each projectStateDb run
pm/checkpoints/20260218T214353Z-0.2.0-beta.1-policy-first-principles-governance-fix/files/preview/version.json,1,D,0,0,,repo_file_state,projectStateDb (sync-project -> syncVersionControlState),versionControlLedger,Rebuilt from git ls-files + git status on each projectStateDb run
pm/checkpoints/20260218T214353Z-0.2.0-beta.1-policy-first-principles-governance-fix/files/preview/workbook-refresh-status.json,1,D,0,0,,repo_file_state,projectStateDb (sync-project -> syncVersionControlState),versionControlLedger,Rebuilt from git ls-files + git status on each projectStateDb run
pm/checkpoints/20260218T214353Z-0.2.0-beta.1-policy-first-principles-governance-fix/files/settings.gradle,1,D,0,0,,repo_file_state,projectStateDb (sync-project -> syncVersionControlState),versionControlLedger,Rebuilt from git ls-files + git status on each projectStateDb run
pm/checkpoints/20260218T214353Z-0.2.0-beta.1-policy-first-principles-governance-fix/manifest.json,1,D,0,0,,repo_file_state,projectStateDb (sync-project -> syncVersionControlState),versionControlLedger,Rebuilt from git ls-files + git status on each projectStateDb run
pm/checkpoints/20260218T214702Z-0.2.0-beta.1-governance-events-workbook/files/AI-POLICY.md,1,D,0,0,,repo_file_state,projectStateDb (sync-project -> syncVersionControlState),versionControlLedger,Rebuilt from git ls-files + git status on each projectStateDb run
pm/checkpoints/20260218T214702Z-0.2.0-beta.1-governance-events-workbook/files/README.md,1,D,0,0,,repo_file_state,projectStateDb (sync-project -> syncVersionControlState),versionControlLedger,Rebuilt from git ls-files + git status on each projectStateDb run
pm/checkpoints/20260218T214702Z-0.2.0-beta.1-governance-events-workbook/files/SESSION_CHANGELOG.md,1,D,0,0,,repo_file_state,projectStateDb (sync-project -> syncVersionControlState),versionControlLedger,Rebuilt from git ls-files + git status on each projectStateDb run
pm/checkpoints/20260218T214702Z-0.2.0-beta.1-governance-events-workbook/files/VERSION,1,D,0,0,,repo_file_state,projectStateDb (sync-project -> syncVersionControlState),versionControlLedger,Rebuilt from git ls-files + git status on each projectStateDb run
pm/checkpoints/20260218T214702Z-0.2.0-beta.1-governance-events-workbook/files/build.gradle,1,D,0,0,,repo_file_state,projectStateDb (sync-project -> syncVersionControlState),versionControlLedger,Rebuilt from git ls-files + git status on each projectStateDb run
pm/checkpoints/20260218T214702Z-0.2.0-beta.1-governance-events-workbook/files/docs/API.md,1,D,0,0,,repo_file_state,projectStateDb (sync-project -> syncVersionControlState),versionControlLedger,Rebuilt from git ls-files + git status on each projectStateDb run
pm/checkpoints/20260218T214702Z-0.2.0-beta.1-governance-events-workbook/files/docs/issues-log-template.csv,1,D,0,0,,repo_file_state,projectStateDb (sync-project -> syncVersionControlState),versionControlLedger,Rebuilt from git ls-files + git status on each projectStateDb run
pm/checkpoints/20260218T214702Z-0.2.0-beta.1-governance-events-workbook/files/docs/issues-log.csv,1,D,0,0,,repo_file_state,projectStateDb (sync-project -> syncVersionControlState),versionControlLedger,Rebuilt from git ls-files + git status on each projectStateDb run
pm/checkpoints/20260218T214702Z-0.2.0-beta.1-governance-events-workbook/files/docs/project-plan-progress.csv,1,D,0,0,,repo_file_state,projectStateDb (sync-project -> syncVersionControlState),versionControlLedger,Rebuilt from git ls-files + git status on each projectStateDb run
pm/checkpoints/20260218T214702Z-0.2.0-beta.1-governance-events-workbook/files/docs/project-plan.md,1,D,0,0,,repo_file_state,projectStateDb (sync-project -> syncVersionControlState),versionControlLedger,Rebuilt from git ls-files + git status on each projectStateDb run
pm/checkpoints/20260218T214702Z-0.2.0-beta.1-governance-events-workbook/files/docs/update-packages/README.md,1,D,0,0,,repo_file_state,projectStateDb (sync-project -> syncVersionControlState),versionControlLedger,Rebuilt from git ls-files + git status on each projectStateDb run
pm/checkpoints/20260218T214702Z-0.2.0-beta.1-governance-events-workbook/files/docs/update-packages/pz-boilerplate-intelliJ/2026-02-18-boilerplate-sync-triage-workbook/README.md,1,D,0,0,,repo_file_state,projectStateDb (sync-project -> syncVersionControlState),versionControlLedger,Rebuilt from git ls-files + git status on each projectStateDb run
pm/checkpoints/20260218T214702Z-0.2.0-beta.1-governance-events-workbook/files/docs/update-packages/pz-boilerplate-intelliJ/2026-02-18-boilerplate-sync-triage-workbook/apply-checklist.md,1,D,0,0,,repo_file_state,projectStateDb (sync-project -> syncVersionControlState),versionControlLedger,Rebuilt from git ls-files + git status on each projectStateDb run
pm/checkpoints/20260218T214702Z-0.2.0-beta.1-governance-events-workbook/files/docs/update-packages/pz-boilerplate-intelliJ/2026-02-18-boilerplate-sync-triage-workbook/fresh-session-prompt.md,1,D,0,0,,repo_file_state,projectStateDb (sync-project -> syncVersionControlState),versionControlLedger,Rebuilt from git ls-files + git status on each projectStateDb run
pm/checkpoints/20260218T214702Z-0.2.0-beta.1-governance-events-workbook/files/docs/update-packages/pz-boilerplate-intelliJ/2026-02-18-boilerplate-sync-triage-workbook/templates/build-gradle-snippets.md,1,D,0,0,,repo_file_state,projectStateDb (sync-project -> syncVersionControlState),versionControlLedger,Rebuilt from git ls-files + git status on each projectStateDb run
pm/checkpoints/20260218T214702Z-0.2.0-beta.1-governance-events-workbook/files/docs/update-packages/pz-boilerplate-intelliJ/2026-02-18-boilerplate-sync-triage-workbook/templates/policy-readme-snippets.md,1,D,0,0,,repo_file_state,projectStateDb (sync-project -> syncVersionControlState),versionControlLedger,Rebuilt from git ls-files + git status on each projectStateDb run
pm/checkpoints/20260218T214702Z-0.2.0-beta.1-governance-events-workbook/files/docs/update-packages/pz-boilerplate-intelliJ/2026-02-18-consolidated-framework-sync/README.md,1,D,0,0,,repo_file_state,projectStateDb (sync-project -> syncVersionControlState),versionControlLedger,Rebuilt from git ls-files + git status on each projectStateDb run
pm/checkpoints/20260218T214702Z-0.2.0-beta.1-governance-events-workbook/files/docs/update-packages/pz-boilerplate-intelliJ/2026-02-18-consolidated-framework-sync/apply-checklist.md,1,D,0,0,,repo_file_state,projectStateDb (sync-project -> syncVersionControlState),versionControlLedger,Rebuilt from git ls-files + git status on each projectStateDb run
pm/checkpoints/20260218T214702Z-0.2.0-beta.1-governance-events-workbook/files/docs/update-packages/pz-boilerplate-intelliJ/2026-02-18-consolidated-framework-sync/fresh-session-prompt.md,1,D,0,0,,repo_file_state,projectStateDb (sync-project -> syncVersionControlState),versionControlLedger,Rebuilt from git ls-files + git status on each projectStateDb run
pm/checkpoints/20260218T214702Z-0.2.0-beta.1-governance-events-workbook/files/docs/update-packages/pz-boilerplate-intelliJ/2026-02-18-consolidated-framework-sync/templates/changelog-entry.md,1,D,0,0,,repo_file_state,projectStateDb (sync-project -> syncVersionControlState),versionControlLedger,Rebuilt from git ls-files + git status on each projectStateDb run
pm/checkpoints/20260218T214702Z-0.2.0-beta.1-governance-events-workbook/files/docs/update-packages/pz-boilerplate-intelliJ/2026-02-18-project-level-rollback-governance-log-sync/README.md,1,D,0,0,,repo_file_state,projectStateDb (sync-project -> syncVersionControlState),versionControlLedger,Rebuilt from git ls-files + git status on each projectStateDb run
pm/checkpoints/20260218T214702Z-0.2.0-beta.1-governance-events-workbook/files/docs/update-packages/pz-boilerplate-intelliJ/2026-02-18-project-level-rollback-governance-log-sync/apply-checklist.md,1,D,0,0,,repo_file_state,projectStateDb (sync-project -> syncVersionControlState),versionControlLedger,Rebuilt from git ls-files + git status on each projectStateDb run
pm/checkpoints/20260218T214702Z-0.2.0-beta.1-governance-events-workbook/files/docs/update-packages/pz-boilerplate-intelliJ/2026-02-18-project-level-rollback-governance-log-sync/fresh-session-prompt.md,1,D,0,0,,repo_file_state,projectStateDb (sync-project -> syncVersionControlState),versionControlLedger,Rebuilt from git ls-files + git status on each projectStateDb run
pm/checkpoints/20260218T214702Z-0.2.0-beta.1-governance-events-workbook/files/docs/update-packages/pz-boilerplate-intelliJ/2026-02-18-project-level-rollback-governance-log-sync/templates/process-evolution-entry.md,1,D,0,0,,repo_file_state,projectStateDb (sync-project -> syncVersionControlState),versionControlLedger,Rebuilt from git ls-files + git status on each projectStateDb run
pm/checkpoints/20260218T214702Z-0.2.0-beta.1-governance-events-workbook/files/docs/update-packages/pz-boilerplate-intelliJ/2026-02-18-project-level-rollback-governance-log-sync/templates/session-changelog-entry.md,1,D,0,0,,repo_file_state,projectStateDb (sync-project -> syncVersionControlState),versionControlLedger,Rebuilt from git ls-files + git status on each projectStateDb run
pm/checkpoints/20260218T214702Z-0.2.0-beta.1-governance-events-workbook/files/docs/update-packages/pz-boilerplate-intelliJ/2026-02-18-project-level-rollback-governance/README.md,1,D,0,0,,repo_file_state,projectStateDb (sync-project -> syncVersionControlState),versionControlLedger,Rebuilt from git ls-files + git status on each projectStateDb run
pm/checkpoints/20260218T214702Z-0.2.0-beta.1-governance-events-workbook/files/docs/update-packages/pz-boilerplate-intelliJ/2026-02-18-project-level-rollback-governance/apply-checklist.md,1,D,0,0,,repo_file_state,projectStateDb (sync-project -> syncVersionControlState),versionControlLedger,Rebuilt from git ls-files + git status on each projectStateDb run
pm/checkpoints/20260218T214702Z-0.2.0-beta.1-governance-events-workbook/files/docs/update-packages/pz-boilerplate-intelliJ/2026-02-18-project-level-rollback-governance/fresh-session-prompt.md,1,D,0,0,,repo_file_state,projectStateDb (sync-project -> syncVersionControlState),versionControlLedger,Rebuilt from git ls-files + git status on each projectStateDb run
pm/checkpoints/20260218T214702Z-0.2.0-beta.1-governance-events-workbook/files/docs/update-packages/pz-boilerplate-intelliJ/2026-02-18-sqlite-state-tooling/README.md,1,D,0,0,,repo_file_state,projectStateDb (sync-project -> syncVersionControlState),versionControlLedger,Rebuilt from git ls-files + git status on each projectStateDb run
pm/checkpoints/20260218T214702Z-0.2.0-beta.1-governance-events-workbook/files/docs/update-packages/pz-boilerplate-intelliJ/2026-02-18-sqlite-state-tooling/apply-checklist.md,1,D,0,0,,repo_file_state,projectStateDb (sync-project -> syncVersionControlState),versionControlLedger,Rebuilt from git ls-files + git status on each projectStateDb run
pm/checkpoints/20260218T214702Z-0.2.0-beta.1-governance-events-workbook/files/docs/update-packages/pz-boilerplate-intelliJ/2026-02-18-sqlite-state-tooling/fresh-session-prompt.md,1,D,0,0,,repo_file_state,projectStateDb (sync-project -> syncVersionControlState),versionControlLedger,Rebuilt from git ls-files + git status on each projectStateDb run
pm/checkpoints/20260218T214702Z-0.2.0-beta.1-governance-events-workbook/files/docs/update-packages/pz-boilerplate-intelliJ/2026-02-18-workbook-change-driven-guard/README.md,1,D,0,0,,repo_file_state,projectStateDb (sync-project -> syncVersionControlState),versionControlLedger,Rebuilt from git ls-files + git status on each projectStateDb run
pm/checkpoints/20260218T214702Z-0.2.0-beta.1-governance-events-workbook/files/docs/update-packages/pz-boilerplate-intelliJ/2026-02-18-workbook-change-driven-guard/apply-checklist.md,1,D,0,0,,repo_file_state,projectStateDb (sync-project -> syncVersionControlState),versionControlLedger,Rebuilt from git ls-files + git status on each projectStateDb run
pm/checkpoints/20260218T214702Z-0.2.0-beta.1-governance-events-workbook/files/docs/update-packages/pz-boilerplate-intelliJ/2026-02-18-workbook-change-driven-guard/fresh-session-prompt.md,1,D,0,0,,repo_file_state,projectStateDb (sync-project -> syncVersionControlState),versionControlLedger,Rebuilt from git ls-files + git status on each projectStateDb run
pm/checkpoints/20260218T214702Z-0.2.0-beta.1-governance-events-workbook/files/preview/afp-diag.json,1,D,0,0,,repo_file_state,projectStateDb (sync-project -> syncVersionControlState),versionControlLedger,Rebuilt from git ls-files + git status on each projectStateDb run
pm/checkpoints/20260218T214702Z-0.2.0-beta.1-governance-events-workbook/files/preview/afp-meta.json,1,D,0,0,,repo_file_state,projectStateDb (sync-project -> syncVersionControlState),versionControlLedger,Rebuilt from git ls-files + git status on each projectStateDb run
pm/checkpoints/20260218T214702Z-0.2.0-beta.1-governance-events-workbook/files/preview/afp-output.html,1,D,0,0,,repo_file_state,projectStateDb (sync-project -> syncVersionControlState),versionControlLedger,Rebuilt from git ls-files + git status on each projectStateDb run
pm/checkpoints/20260218T214702Z-0.2.0-beta.1-governance-events-workbook/files/preview/fidelity-report.json,1,D,0,0,,repo_file_state,projectStateDb (sync-project -> syncVersionControlState),versionControlLedger,Rebuilt from git ls-files + git status on each projectStateDb run
pm/checkpoints/20260218T214702Z-0.2.0-beta.1-governance-events-workbook/files/preview/issues-effectiveness.json,1,D,0,0,,repo_file_state,projectStateDb (sync-project -> syncVersionControlState),versionControlLedger,Rebuilt from git ls-files + git status on each projectStateDb run
pm/checkpoints/20260218T214702Z-0.2.0-beta.1-governance-events-workbook/files/preview/issues-log-tickle.json,1,D,0,0,,repo_file_state,projectStateDb (sync-project -> syncVersionControlState),versionControlLedger,Rebuilt from git ls-files + git status on each projectStateDb run
pm/checkpoints/20260218T214702Z-0.2.0-beta.1-governance-events-workbook/files/preview/project-plan-next-step.json,1,D,0,0,,repo_file_state,projectStateDb (sync-project -> syncVersionControlState),versionControlLedger,Rebuilt from git ls-files + git status on each projectStateDb run
pm/checkpoints/20260218T214702Z-0.2.0-beta.1-governance-events-workbook/files/preview/project-plan-progress-data.json,1,D,0,0,,repo_file_state,projectStateDb (sync-project -> syncVersionControlState),versionControlLedger,Rebuilt from git ls-files + git status on each projectStateDb run
pm/checkpoints/20260218T214702Z-0.2.0-beta.1-governance-events-workbook/files/preview/version.json,1,D,0,0,,repo_file_state,projectStateDb (sync-project -> syncVersionControlState),versionControlLedger,Rebuilt from git ls-files + git status on each projectStateDb run
pm/checkpoints/20260218T214702Z-0.2.0-beta.1-governance-events-workbook/files/preview/workbook-refresh-status.json,1,D,0,0,,repo_file_state,projectStateDb (sync-project -> syncVersionControlState),versionControlLedger,Rebuilt from git ls-files + git status on each projectStateDb run
pm/checkpoints/20260218T214702Z-0.2.0-beta.1-governance-events-workbook/files/settings.gradle,1,D,0,0,,repo_file_state,projectStateDb (sync-project -> syncVersionControlState),versionControlLedger,Rebuilt from git ls-files + git status on each projectStateDb run
pm/checkpoints/20260218T214702Z-0.2.0-beta.1-governance-events-workbook/manifest.json,1,D,0,0,,repo_file_state,projectStateDb (sync-project -> syncVersionControlState),versionControlLedger,Rebuilt from git ls-files + git status on each projectStateDb run
pm/checkpoints/20260218T215420Z-0.2.0-beta.1-governance-breach-and-trust-sot/files/AI-POLICY.md,1,D,0,0,,repo_file_state,projectStateDb (sync-project -> syncVersionControlState),versionControlLedger,Rebuilt from git ls-files + git status on each projectStateDb run
pm/checkpoints/20260218T215420Z-0.2.0-beta.1-governance-breach-and-trust-sot/files/README.md,1,D,0,0,,repo_file_state,projectStateDb (sync-project -> syncVersionControlState),versionControlLedger,Rebuilt from git ls-files + git status on each projectStateDb run
pm/checkpoints/20260218T215420Z-0.2.0-beta.1-governance-breach-and-trust-sot/files/SESSION_CHANGELOG.md,1,D,0,0,,repo_file_state,projectStateDb (sync-project -> syncVersionControlState),versionControlLedger,Rebuilt from git ls-files + git status on each projectStateDb run
pm/checkpoints/20260218T215420Z-0.2.0-beta.1-governance-breach-and-trust-sot/files/VERSION,1,D,0,0,,repo_file_state,projectStateDb (sync-project -> syncVersionControlState),versionControlLedger,Rebuilt from git ls-files + git status on each projectStateDb run
pm/checkpoints/20260218T215420Z-0.2.0-beta.1-governance-breach-and-trust-sot/files/build.gradle,1,D,0,0,,repo_file_state,projectStateDb (sync-project -> syncVersionControlState),versionControlLedger,Rebuilt from git ls-files + git status on each projectStateDb run
pm/checkpoints/20260218T215420Z-0.2.0-beta.1-governance-breach-and-trust-sot/files/docs/API.md,1,D,0,0,,repo_file_state,projectStateDb (sync-project -> syncVersionControlState),versionControlLedger,Rebuilt from git ls-files + git status on each projectStateDb run
pm/checkpoints/20260218T215420Z-0.2.0-beta.1-governance-breach-and-trust-sot/files/docs/issues-log-template.csv,1,D,0,0,,repo_file_state,projectStateDb (sync-project -> syncVersionControlState),versionControlLedger,Rebuilt from git ls-files + git status on each projectStateDb run
pm/checkpoints/20260218T215420Z-0.2.0-beta.1-governance-breach-and-trust-sot/files/docs/issues-log.csv,1,D,0,0,,repo_file_state,projectStateDb (sync-project -> syncVersionControlState),versionControlLedger,Rebuilt from git ls-files + git status on each projectStateDb run
pm/checkpoints/20260218T215420Z-0.2.0-beta.1-governance-breach-and-trust-sot/files/docs/policy-governance-events.csv,1,D,0,0,,repo_file_state,projectStateDb (sync-project -> syncVersionControlState),versionControlLedger,Rebuilt from git ls-files + git status on each projectStateDb run
pm/checkpoints/20260218T215420Z-0.2.0-beta.1-governance-breach-and-trust-sot/files/docs/project-plan-progress.csv,1,D,0,0,,repo_file_state,projectStateDb (sync-project -> syncVersionControlState),versionControlLedger,Rebuilt from git ls-files + git status on each projectStateDb run
pm/checkpoints/20260218T215420Z-0.2.0-beta.1-governance-breach-and-trust-sot/files/docs/project-plan.md,1,D,0,0,,repo_file_state,projectStateDb (sync-project -> syncVersionControlState),versionControlLedger,Rebuilt from git ls-files + git status on each projectStateDb run
pm/checkpoints/20260218T215420Z-0.2.0-beta.1-governance-breach-and-trust-sot/files/docs/update-packages/README.md,1,D,0,0,,repo_file_state,projectStateDb (sync-project -> syncVersionControlState),versionControlLedger,Rebuilt from git ls-files + git status on each projectStateDb run
pm/checkpoints/20260218T215420Z-0.2.0-beta.1-governance-breach-and-trust-sot/files/docs/update-packages/pz-boilerplate-intelliJ/2026-02-18-boilerplate-sync-triage-workbook/README.md,1,D,0,0,,repo_file_state,projectStateDb (sync-project -> syncVersionControlState),versionControlLedger,Rebuilt from git ls-files + git status on each projectStateDb run
pm/checkpoints/20260218T215420Z-0.2.0-beta.1-governance-breach-and-trust-sot/files/docs/update-packages/pz-boilerplate-intelliJ/2026-02-18-boilerplate-sync-triage-workbook/apply-checklist.md,1,D,0,0,,repo_file_state,projectStateDb (sync-project -> syncVersionControlState),versionControlLedger,Rebuilt from git ls-files + git status on each projectStateDb run
pm/checkpoints/20260218T215420Z-0.2.0-beta.1-governance-breach-and-trust-sot/files/docs/update-packages/pz-boilerplate-intelliJ/2026-02-18-boilerplate-sync-triage-workbook/fresh-session-prompt.md,1,D,0,0,,repo_file_state,projectStateDb (sync-project -> syncVersionControlState),versionControlLedger,Rebuilt from git ls-files + git status on each projectStateDb run
pm/checkpoints/20260218T215420Z-0.2.0-beta.1-governance-breach-and-trust-sot/files/docs/update-packages/pz-boilerplate-intelliJ/2026-02-18-boilerplate-sync-triage-workbook/templates/build-gradle-snippets.md,1,D,0,0,,repo_file_state,projectStateDb (sync-project -> syncVersionControlState),versionControlLedger,Rebuilt from git ls-files + git status on each projectStateDb run
pm/checkpoints/20260218T215420Z-0.2.0-beta.1-governance-breach-and-trust-sot/files/docs/update-packages/pz-boilerplate-intelliJ/2026-02-18-boilerplate-sync-triage-workbook/templates/policy-readme-snippets.md,1,D,0,0,,repo_file_state,projectStateDb (sync-project -> syncVersionControlState),versionControlLedger,Rebuilt from git ls-files + git status on each projectStateDb run
pm/checkpoints/20260218T215420Z-0.2.0-beta.1-governance-breach-and-trust-sot/files/docs/update-packages/pz-boilerplate-intelliJ/2026-02-18-consolidated-framework-sync/README.md,1,D,0,0,,repo_file_state,projectStateDb (sync-project -> syncVersionControlState),versionControlLedger,Rebuilt from git ls-files + git status on each projectStateDb run
pm/checkpoints/20260218T215420Z-0.2.0-beta.1-governance-breach-and-trust-sot/files/docs/update-packages/pz-boilerplate-intelliJ/2026-02-18-consolidated-framework-sync/apply-checklist.md,1,D,0,0,,repo_file_state,projectStateDb (sync-project -> syncVersionControlState),versionControlLedger,Rebuilt from git ls-files + git status on each projectStateDb run
pm/checkpoints/20260218T215420Z-0.2.0-beta.1-governance-breach-and-trust-sot/files/docs/update-packages/pz-boilerplate-intelliJ/2026-02-18-consolidated-framework-sync/fresh-session-prompt.md,1,D,0,0,,repo_file_state,projectStateDb (sync-project -> syncVersionControlState),versionControlLedger,Rebuilt from git ls-files + git status on each projectStateDb run
pm/checkpoints/20260218T215420Z-0.2.0-beta.1-governance-breach-and-trust-sot/files/docs/update-packages/pz-boilerplate-intelliJ/2026-02-18-consolidated-framework-sync/templates/changelog-entry.md,1,D,0,0,,repo_file_state,projectStateDb (sync-project -> syncVersionControlState),versionControlLedger,Rebuilt from git ls-files + git status on each projectStateDb run
pm/checkpoints/20260218T215420Z-0.2.0-beta.1-governance-breach-and-trust-sot/files/docs/update-packages/pz-boilerplate-intelliJ/2026-02-18-governance-events-workbook/README.md,1,D,0,0,,repo_file_state,projectStateDb (sync-project -> syncVersionControlState),versionControlLedger,Rebuilt from git ls-files + git status on each projectStateDb run
pm/checkpoints/20260218T215420Z-0.2.0-beta.1-governance-breach-and-trust-sot/files/docs/update-packages/pz-boilerplate-intelliJ/2026-02-18-governance-events-workbook/apply-checklist.md,1,D,0,0,,repo_file_state,projectStateDb (sync-project -> syncVersionControlState),versionControlLedger,Rebuilt from git ls-files + git status on each projectStateDb run
pm/checkpoints/20260218T215420Z-0.2.0-beta.1-governance-breach-and-trust-sot/files/docs/update-packages/pz-boilerplate-intelliJ/2026-02-18-governance-events-workbook/fresh-session-prompt.md,1,D,0,0,,repo_file_state,projectStateDb (sync-project -> syncVersionControlState),versionControlLedger,Rebuilt from git ls-files + git status on each projectStateDb run
pm/checkpoints/20260218T215420Z-0.2.0-beta.1-governance-breach-and-trust-sot/files/docs/update-packages/pz-boilerplate-intelliJ/2026-02-18-project-level-rollback-governance-log-sync/README.md,1,D,0,0,,repo_file_state,projectStateDb (sync-project -> syncVersionControlState),versionControlLedger,Rebuilt from git ls-files + git status on each projectStateDb run
pm/checkpoints/20260218T215420Z-0.2.0-beta.1-governance-breach-and-trust-sot/files/docs/update-packages/pz-boilerplate-intelliJ/2026-02-18-project-level-rollback-governance-log-sync/apply-checklist.md,1,D,0,0,,repo_file_state,projectStateDb (sync-project -> syncVersionControlState),versionControlLedger,Rebuilt from git ls-files + git status on each projectStateDb run
pm/checkpoints/20260218T215420Z-0.2.0-beta.1-governance-breach-and-trust-sot/files/docs/update-packages/pz-boilerplate-intelliJ/2026-02-18-project-level-rollback-governance-log-sync/fresh-session-prompt.md,1,D,0,0,,repo_file_state,projectStateDb (sync-project -> syncVersionControlState),versionControlLedger,Rebuilt from git ls-files + git status on each projectStateDb run
pm/checkpoints/20260218T215420Z-0.2.0-beta.1-governance-breach-and-trust-sot/files/docs/update-packages/pz-boilerplate-intelliJ/2026-02-18-project-level-rollback-governance-log-sync/templates/process-evolution-entry.md,1,D,0,0,,repo_file_state,projectStateDb (sync-project -> syncVersionControlState),versionControlLedger,Rebuilt from git ls-files + git status on each projectStateDb run
pm/checkpoints/20260218T215420Z-0.2.0-beta.1-governance-breach-and-trust-sot/files/docs/update-packages/pz-boilerplate-intelliJ/2026-02-18-project-level-rollback-governance-log-sync/templates/session-changelog-entry.md,1,D,0,0,,repo_file_state,projectStateDb (sync-project -> syncVersionControlState),versionControlLedger,Rebuilt from git ls-files + git status on each projectStateDb run
pm/checkpoints/20260218T215420Z-0.2.0-beta.1-governance-breach-and-trust-sot/files/docs/update-packages/pz-boilerplate-intelliJ/2026-02-18-project-level-rollback-governance/README.md,1,D,0,0,,repo_file_state,projectStateDb (sync-project -> syncVersionControlState),versionControlLedger,Rebuilt from git ls-files + git status on each projectStateDb run
pm/checkpoints/20260218T215420Z-0.2.0-beta.1-governance-breach-and-trust-sot/files/docs/update-packages/pz-boilerplate-intelliJ/2026-02-18-project-level-rollback-governance/apply-checklist.md,1,D,0,0,,repo_file_state,projectStateDb (sync-project -> syncVersionControlState),versionControlLedger,Rebuilt from git ls-files + git status on each projectStateDb run
pm/checkpoints/20260218T215420Z-0.2.0-beta.1-governance-breach-and-trust-sot/files/docs/update-packages/pz-boilerplate-intelliJ/2026-02-18-project-level-rollback-governance/fresh-session-prompt.md,1,D,0,0,,repo_file_state,projectStateDb (sync-project -> syncVersionControlState),versionControlLedger,Rebuilt from git ls-files + git status on each projectStateDb run
pm/checkpoints/20260218T215420Z-0.2.0-beta.1-governance-breach-and-trust-sot/files/docs/update-packages/pz-boilerplate-intelliJ/2026-02-18-sqlite-state-tooling/README.md,1,D,0,0,,repo_file_state,projectStateDb (sync-project -> syncVersionControlState),versionControlLedger,Rebuilt from git ls-files + git status on each projectStateDb run
pm/checkpoints/20260218T215420Z-0.2.0-beta.1-governance-breach-and-trust-sot/files/docs/update-packages/pz-boilerplate-intelliJ/2026-02-18-sqlite-state-tooling/apply-checklist.md,1,D,0,0,,repo_file_state,projectStateDb (sync-project -> syncVersionControlState),versionControlLedger,Rebuilt from git ls-files + git status on each projectStateDb run
pm/checkpoints/20260218T215420Z-0.2.0-beta.1-governance-breach-and-trust-sot/files/docs/update-packages/pz-boilerplate-intelliJ/2026-02-18-sqlite-state-tooling/fresh-session-prompt.md,1,D,0,0,,repo_file_state,projectStateDb (sync-project -> syncVersionControlState),versionControlLedger,Rebuilt from git ls-files + git status on each projectStateDb run
pm/checkpoints/20260218T215420Z-0.2.0-beta.1-governance-breach-and-trust-sot/files/docs/update-packages/pz-boilerplate-intelliJ/2026-02-18-workbook-change-driven-guard/README.md,1,D,0,0,,repo_file_state,projectStateDb (sync-project -> syncVersionControlState),versionControlLedger,Rebuilt from git ls-files + git status on each projectStateDb run
pm/checkpoints/20260218T215420Z-0.2.0-beta.1-governance-breach-and-trust-sot/files/docs/update-packages/pz-boilerplate-intelliJ/2026-02-18-workbook-change-driven-guard/apply-checklist.md,1,D,0,0,,repo_file_state,projectStateDb (sync-project -> syncVersionControlState),versionControlLedger,Rebuilt from git ls-files + git status on each projectStateDb run
pm/checkpoints/20260218T215420Z-0.2.0-beta.1-governance-breach-and-trust-sot/files/docs/update-packages/pz-boilerplate-intelliJ/2026-02-18-workbook-change-driven-guard/fresh-session-prompt.md,1,D,0,0,,repo_file_state,projectStateDb (sync-project -> syncVersionControlState),versionControlLedger,Rebuilt from git ls-files + git status on each projectStateDb run
pm/checkpoints/20260218T215420Z-0.2.0-beta.1-governance-breach-and-trust-sot/files/preview/afp-diag.json,1,D,0,0,,repo_file_state,projectStateDb (sync-project -> syncVersionControlState),versionControlLedger,Rebuilt from git ls-files + git status on each projectStateDb run
pm/checkpoints/20260218T215420Z-0.2.0-beta.1-governance-breach-and-trust-sot/files/preview/afp-meta.json,1,D,0,0,,repo_file_state,projectStateDb (sync-project -> syncVersionControlState),versionControlLedger,Rebuilt from git ls-files + git status on each projectStateDb run
pm/checkpoints/20260218T215420Z-0.2.0-beta.1-governance-breach-and-trust-sot/files/preview/afp-output.html,1,D,0,0,,repo_file_state,projectStateDb (sync-project -> syncVersionControlState),versionControlLedger,Rebuilt from git ls-files + git status on each projectStateDb run
pm/checkpoints/20260218T215420Z-0.2.0-beta.1-governance-breach-and-trust-sot/files/preview/fidelity-report.json,1,D,0,0,,repo_file_state,projectStateDb (sync-project -> syncVersionControlState),versionControlLedger,Rebuilt from git ls-files + git status on each projectStateDb run
pm/checkpoints/20260218T215420Z-0.2.0-beta.1-governance-breach-and-trust-sot/files/preview/issues-effectiveness.json,1,D,0,0,,repo_file_state,projectStateDb (sync-project -> syncVersionControlState),versionControlLedger,Rebuilt from git ls-files + git status on each projectStateDb run
pm/checkpoints/20260218T215420Z-0.2.0-beta.1-governance-breach-and-trust-sot/files/preview/issues-log-tickle.json,1,D,0,0,,repo_file_state,projectStateDb (sync-project -> syncVersionControlState),versionControlLedger,Rebuilt from git ls-files + git status on each projectStateDb run
pm/checkpoints/20260218T215420Z-0.2.0-beta.1-governance-breach-and-trust-sot/files/preview/project-plan-next-step.json,1,D,0,0,,repo_file_state,projectStateDb (sync-project -> syncVersionControlState),versionControlLedger,Rebuilt from git ls-files + git status on each projectStateDb run
pm/checkpoints/20260218T215420Z-0.2.0-beta.1-governance-breach-and-trust-sot/files/preview/project-plan-progress-data.json,1,D,0,0,,repo_file_state,projectStateDb (sync-project -> syncVersionControlState),versionControlLedger,Rebuilt from git ls-files + git status on each projectStateDb run
pm/checkpoints/20260218T215420Z-0.2.0-beta.1-governance-breach-and-trust-sot/files/preview/version.json,1,D,0,0,,repo_file_state,projectStateDb (sync-project -> syncVersionControlState),versionControlLedger,Rebuilt from git ls-files + git status on each projectStateDb run
pm/checkpoints/20260218T215420Z-0.2.0-beta.1-governance-breach-and-trust-sot/files/preview/workbook-refresh-status.json,1,D,0,0,,repo_file_state,projectStateDb (sync-project -> syncVersionControlState),versionControlLedger,Rebuilt from git ls-files + git status on each projectStateDb run
pm/checkpoints/20260218T215420Z-0.2.0-beta.1-governance-breach-and-trust-sot/files/settings.gradle,1,D,0,0,,repo_file_state,projectStateDb (sync-project -> syncVersionControlState),versionControlLedger,Rebuilt from git ls-files + git status on each projectStateDb run
pm/checkpoints/20260218T215420Z-0.2.0-beta.1-governance-breach-and-trust-sot/manifest.json,1,D,0,0,,repo_file_state,projectStateDb (sync-project -> syncVersionControlState),versionControlLedger,Rebuilt from git ls-files + git status on each projectStateDb run
pm/checkpoints/20260218T223616Z-0.2.0-beta.1-tooling-registration-first-principle/files/AI-POLICY.md,1,D,0,0,,repo_file_state,projectStateDb (sync-project -> syncVersionControlState),versionControlLedger,Rebuilt from git ls-files + git status on each projectStateDb run
pm/checkpoints/20260218T223616Z-0.2.0-beta.1-tooling-registration-first-principle/files/README.md,1,D,0,0,,repo_file_state,projectStateDb (sync-project -> syncVersionControlState),versionControlLedger,Rebuilt from git ls-files + git status on each projectStateDb run
pm/checkpoints/20260218T223616Z-0.2.0-beta.1-tooling-registration-first-principle/files/SESSION_CHANGELOG.md,1,D,0,0,,repo_file_state,projectStateDb (sync-project -> syncVersionControlState),versionControlLedger,Rebuilt from git ls-files + git status on each projectStateDb run
pm/checkpoints/20260218T223616Z-0.2.0-beta.1-tooling-registration-first-principle/files/VERSION,1,D,0,0,,repo_file_state,projectStateDb (sync-project -> syncVersionControlState),versionControlLedger,Rebuilt from git ls-files + git status on each projectStateDb run
pm/checkpoints/20260218T223616Z-0.2.0-beta.1-tooling-registration-first-principle/files/build.gradle,1,D,0,0,,repo_file_state,projectStateDb (sync-project -> syncVersionControlState),versionControlLedger,Rebuilt from git ls-files + git status on each projectStateDb run
pm/checkpoints/20260218T223616Z-0.2.0-beta.1-tooling-registration-first-principle/files/docs/API.md,1,D,0,0,,repo_file_state,projectStateDb (sync-project -> syncVersionControlState),versionControlLedger,Rebuilt from git ls-files + git status on each projectStateDb run
pm/checkpoints/20260218T223616Z-0.2.0-beta.1-tooling-registration-first-principle/files/docs/issues-log-template.csv,1,D,0,0,,repo_file_state,projectStateDb (sync-project -> syncVersionControlState),versionControlLedger,Rebuilt from git ls-files + git status on each projectStateDb run
pm/checkpoints/20260218T223616Z-0.2.0-beta.1-tooling-registration-first-principle/files/docs/issues-log.csv,1,D,0,0,,repo_file_state,projectStateDb (sync-project -> syncVersionControlState),versionControlLedger,Rebuilt from git ls-files + git status on each projectStateDb run
pm/checkpoints/20260218T223616Z-0.2.0-beta.1-tooling-registration-first-principle/files/docs/policy-governance-events.csv,1,D,0,0,,repo_file_state,projectStateDb (sync-project -> syncVersionControlState),versionControlLedger,Rebuilt from git ls-files + git status on each projectStateDb run
pm/checkpoints/20260218T223616Z-0.2.0-beta.1-tooling-registration-first-principle/files/docs/project-plan-progress.csv,1,D,0,0,,repo_file_state,projectStateDb (sync-project -> syncVersionControlState),versionControlLedger,Rebuilt from git ls-files + git status on each projectStateDb run
pm/checkpoints/20260218T223616Z-0.2.0-beta.1-tooling-registration-first-principle/files/docs/project-plan.md,1,D,0,0,,repo_file_state,projectStateDb (sync-project -> syncVersionControlState),versionControlLedger,Rebuilt from git ls-files + git status on each projectStateDb run
pm/checkpoints/20260218T223616Z-0.2.0-beta.1-tooling-registration-first-principle/files/docs/update-packages/README.md,1,D,0,0,,repo_file_state,projectStateDb (sync-project -> syncVersionControlState),versionControlLedger,Rebuilt from git ls-files + git status on each projectStateDb run
pm/checkpoints/20260218T223616Z-0.2.0-beta.1-tooling-registration-first-principle/files/docs/update-packages/pz-boilerplate-intelliJ/2026-02-18-boilerplate-sync-triage-workbook/README.md,1,D,0,0,,repo_file_state,projectStateDb (sync-project -> syncVersionControlState),versionControlLedger,Rebuilt from git ls-files + git status on each projectStateDb run
pm/checkpoints/20260218T223616Z-0.2.0-beta.1-tooling-registration-first-principle/files/docs/update-packages/pz-boilerplate-intelliJ/2026-02-18-boilerplate-sync-triage-workbook/apply-checklist.md,1,D,0,0,,repo_file_state,projectStateDb (sync-project -> syncVersionControlState),versionControlLedger,Rebuilt from git ls-files + git status on each projectStateDb run
pm/checkpoints/20260218T223616Z-0.2.0-beta.1-tooling-registration-first-principle/files/docs/update-packages/pz-boilerplate-intelliJ/2026-02-18-boilerplate-sync-triage-workbook/fresh-session-prompt.md,1,D,0,0,,repo_file_state,projectStateDb (sync-project -> syncVersionControlState),versionControlLedger,Rebuilt from git ls-files + git status on each projectStateDb run
pm/checkpoints/20260218T223616Z-0.2.0-beta.1-tooling-registration-first-principle/files/docs/update-packages/pz-boilerplate-intelliJ/2026-02-18-boilerplate-sync-triage-workbook/templates/build-gradle-snippets.md,1,D,0,0,,repo_file_state,projectStateDb (sync-project -> syncVersionControlState),versionControlLedger,Rebuilt from git ls-files + git status on each projectStateDb run
pm/checkpoints/20260218T223616Z-0.2.0-beta.1-tooling-registration-first-principle/files/docs/update-packages/pz-boilerplate-intelliJ/2026-02-18-boilerplate-sync-triage-workbook/templates/policy-readme-snippets.md,1,D,0,0,,repo_file_state,projectStateDb (sync-project -> syncVersionControlState),versionControlLedger,Rebuilt from git ls-files + git status on each projectStateDb run
pm/checkpoints/20260218T223616Z-0.2.0-beta.1-tooling-registration-first-principle/files/docs/update-packages/pz-boilerplate-intelliJ/2026-02-18-consolidated-framework-sync/README.md,1,D,0,0,,repo_file_state,projectStateDb (sync-project -> syncVersionControlState),versionControlLedger,Rebuilt from git ls-files + git status on each projectStateDb run
pm/checkpoints/20260218T223616Z-0.2.0-beta.1-tooling-registration-first-principle/files/docs/update-packages/pz-boilerplate-intelliJ/2026-02-18-consolidated-framework-sync/apply-checklist.md,1,D,0,0,,repo_file_state,projectStateDb (sync-project -> syncVersionControlState),versionControlLedger,Rebuilt from git ls-files + git status on each projectStateDb run
pm/checkpoints/20260218T223616Z-0.2.0-beta.1-tooling-registration-first-principle/files/docs/update-packages/pz-boilerplate-intelliJ/2026-02-18-consolidated-framework-sync/fresh-session-prompt.md,1,D,0,0,,repo_file_state,projectStateDb (sync-project -> syncVersionControlState),versionControlLedger,Rebuilt from git ls-files + git status on each projectStateDb run
pm/checkpoints/20260218T223616Z-0.2.0-beta.1-tooling-registration-first-principle/files/docs/update-packages/pz-boilerplate-intelliJ/2026-02-18-consolidated-framework-sync/templates/changelog-entry.md,1,D,0,0,,repo_file_state,projectStateDb (sync-project -> syncVersionControlState),versionControlLedger,Rebuilt from git ls-files + git status on each projectStateDb run
pm/checkpoints/20260218T223616Z-0.2.0-beta.1-tooling-registration-first-principle/files/docs/update-packages/pz-boilerplate-intelliJ/2026-02-18-governance-alerts-trust-sot/README.md,1,D,0,0,,repo_file_state,projectStateDb (sync-project -> syncVersionControlState),versionControlLedger,Rebuilt from git ls-files + git status on each projectStateDb run
pm/checkpoints/20260218T223616Z-0.2.0-beta.1-tooling-registration-first-principle/files/docs/update-packages/pz-boilerplate-intelliJ/2026-02-18-governance-alerts-trust-sot/apply-checklist.md,1,D,0,0,,repo_file_state,projectStateDb (sync-project -> syncVersionControlState),versionControlLedger,Rebuilt from git ls-files + git status on each projectStateDb run
pm/checkpoints/20260218T223616Z-0.2.0-beta.1-tooling-registration-first-principle/files/docs/update-packages/pz-boilerplate-intelliJ/2026-02-18-governance-alerts-trust-sot/fresh-session-prompt.md,1,D,0,0,,repo_file_state,projectStateDb (sync-project -> syncVersionControlState),versionControlLedger,Rebuilt from git ls-files + git status on each projectStateDb run
pm/checkpoints/20260218T223616Z-0.2.0-beta.1-tooling-registration-first-principle/files/docs/update-packages/pz-boilerplate-intelliJ/2026-02-18-governance-events-workbook/README.md,1,D,0,0,,repo_file_state,projectStateDb (sync-project -> syncVersionControlState),versionControlLedger,Rebuilt from git ls-files + git status on each projectStateDb run
pm/checkpoints/20260218T223616Z-0.2.0-beta.1-tooling-registration-first-principle/files/docs/update-packages/pz-boilerplate-intelliJ/2026-02-18-governance-events-workbook/apply-checklist.md,1,D,0,0,,repo_file_state,projectStateDb (sync-project -> syncVersionControlState),versionControlLedger,Rebuilt from git ls-files + git status on each projectStateDb run
pm/checkpoints/20260218T223616Z-0.2.0-beta.1-tooling-registration-first-principle/files/docs/update-packages/pz-boilerplate-intelliJ/2026-02-18-governance-events-workbook/fresh-session-prompt.md,1,D,0,0,,repo_file_state,projectStateDb (sync-project -> syncVersionControlState),versionControlLedger,Rebuilt from git ls-files + git status on each projectStateDb run
pm/checkpoints/20260218T223616Z-0.2.0-beta.1-tooling-registration-first-principle/files/docs/update-packages/pz-boilerplate-intelliJ/2026-02-18-product-management-boundary-gate/README.md,1,D,0,0,,repo_file_state,projectStateDb (sync-project -> syncVersionControlState),versionControlLedger,Rebuilt from git ls-files + git status on each projectStateDb run
pm/checkpoints/20260218T223616Z-0.2.0-beta.1-tooling-registration-first-principle/files/docs/update-packages/pz-boilerplate-intelliJ/2026-02-18-product-management-boundary-gate/apply-checklist.md,1,D,0,0,,repo_file_state,projectStateDb (sync-project -> syncVersionControlState),versionControlLedger,Rebuilt from git ls-files + git status on each projectStateDb run
pm/checkpoints/20260218T223616Z-0.2.0-beta.1-tooling-registration-first-principle/files/docs/update-packages/pz-boilerplate-intelliJ/2026-02-18-product-management-boundary-gate/fresh-session-prompt.md,1,D,0,0,,repo_file_state,projectStateDb (sync-project -> syncVersionControlState),versionControlLedger,Rebuilt from git ls-files + git status on each projectStateDb run
pm/checkpoints/20260218T223616Z-0.2.0-beta.1-tooling-registration-first-principle/files/docs/update-packages/pz-boilerplate-intelliJ/2026-02-18-project-level-rollback-governance-log-sync/README.md,1,D,0,0,,repo_file_state,projectStateDb (sync-project -> syncVersionControlState),versionControlLedger,Rebuilt from git ls-files + git status on each projectStateDb run
pm/checkpoints/20260218T223616Z-0.2.0-beta.1-tooling-registration-first-principle/files/docs/update-packages/pz-boilerplate-intelliJ/2026-02-18-project-level-rollback-governance-log-sync/apply-checklist.md,1,D,0,0,,repo_file_state,projectStateDb (sync-project -> syncVersionControlState),versionControlLedger,Rebuilt from git ls-files + git status on each projectStateDb run
pm/checkpoints/20260218T223616Z-0.2.0-beta.1-tooling-registration-first-principle/files/docs/update-packages/pz-boilerplate-intelliJ/2026-02-18-project-level-rollback-governance-log-sync/fresh-session-prompt.md,1,D,0,0,,repo_file_state,projectStateDb (sync-project -> syncVersionControlState),versionControlLedger,Rebuilt from git ls-files + git status on each projectStateDb run
pm/checkpoints/20260218T223616Z-0.2.0-beta.1-tooling-registration-first-principle/files/docs/update-packages/pz-boilerplate-intelliJ/2026-02-18-project-level-rollback-governance-log-sync/templates/process-evolution-entry.md,1,D,0,0,,repo_file_state,projectStateDb (sync-project -> syncVersionControlState),versionControlLedger,Rebuilt from git ls-files + git status on each projectStateDb run
pm/checkpoints/20260218T223616Z-0.2.0-beta.1-tooling-registration-first-principle/files/docs/update-packages/pz-boilerplate-intelliJ/2026-02-18-project-level-rollback-governance-log-sync/templates/session-changelog-entry.md,1,D,0,0,,repo_file_state,projectStateDb (sync-project -> syncVersionControlState),versionControlLedger,Rebuilt from git ls-files + git status on each projectStateDb run
pm/checkpoints/20260218T223616Z-0.2.0-beta.1-tooling-registration-first-principle/files/docs/update-packages/pz-boilerplate-intelliJ/2026-02-18-project-level-rollback-governance/README.md,1,D,0,0,,repo_file_state,projectStateDb (sync-project -> syncVersionControlState),versionControlLedger,Rebuilt from git ls-files + git status on each projectStateDb run
pm/checkpoints/20260218T223616Z-0.2.0-beta.1-tooling-registration-first-principle/files/docs/update-packages/pz-boilerplate-intelliJ/2026-02-18-project-level-rollback-governance/apply-checklist.md,1,D,0,0,,repo_file_state,projectStateDb (sync-project -> syncVersionControlState),versionControlLedger,Rebuilt from git ls-files + git status on each projectStateDb run
pm/checkpoints/20260218T223616Z-0.2.0-beta.1-tooling-registration-first-principle/files/docs/update-packages/pz-boilerplate-intelliJ/2026-02-18-project-level-rollback-governance/fresh-session-prompt.md,1,D,0,0,,repo_file_state,projectStateDb (sync-project -> syncVersionControlState),versionControlLedger,Rebuilt from git ls-files + git status on each projectStateDb run
pm/checkpoints/20260218T223616Z-0.2.0-beta.1-tooling-registration-first-principle/files/docs/update-packages/pz-boilerplate-intelliJ/2026-02-18-sqlite-state-tooling/README.md,1,D,0,0,,repo_file_state,projectStateDb (sync-project -> syncVersionControlState),versionControlLedger,Rebuilt from git ls-files + git status on each projectStateDb run
pm/checkpoints/20260218T223616Z-0.2.0-beta.1-tooling-registration-first-principle/files/docs/update-packages/pz-boilerplate-intelliJ/2026-02-18-sqlite-state-tooling/apply-checklist.md,1,D,0,0,,repo_file_state,projectStateDb (sync-project -> syncVersionControlState),versionControlLedger,Rebuilt from git ls-files + git status on each projectStateDb run
pm/checkpoints/20260218T223616Z-0.2.0-beta.1-tooling-registration-first-principle/files/docs/update-packages/pz-boilerplate-intelliJ/2026-02-18-sqlite-state-tooling/fresh-session-prompt.md,1,D,0,0,,repo_file_state,projectStateDb (sync-project -> syncVersionControlState),versionControlLedger,Rebuilt from git ls-files + git status on each projectStateDb run
pm/checkpoints/20260218T223616Z-0.2.0-beta.1-tooling-registration-first-principle/files/docs/update-packages/pz-boilerplate-intelliJ/2026-02-18-unified-framework-rollup/README.md,1,D,0,0,,repo_file_state,projectStateDb (sync-project -> syncVersionControlState),versionControlLedger,Rebuilt from git ls-files + git status on each projectStateDb run
pm/checkpoints/20260218T223616Z-0.2.0-beta.1-tooling-registration-first-principle/files/docs/update-packages/pz-boilerplate-intelliJ/2026-02-18-unified-framework-rollup/apply-checklist.md,1,D,0,0,,repo_file_state,projectStateDb (sync-project -> syncVersionControlState),versionControlLedger,Rebuilt from git ls-files + git status on each projectStateDb run
pm/checkpoints/20260218T223616Z-0.2.0-beta.1-tooling-registration-first-principle/files/docs/update-packages/pz-boilerplate-intelliJ/2026-02-18-unified-framework-rollup/fresh-session-prompt.md,1,D,0,0,,repo_file_state,projectStateDb (sync-project -> syncVersionControlState),versionControlLedger,Rebuilt from git ls-files + git status on each projectStateDb run
pm/checkpoints/20260218T223616Z-0.2.0-beta.1-tooling-registration-first-principle/files/docs/update-packages/pz-boilerplate-intelliJ/2026-02-18-vcs-file-discipline-ledger/README.md,1,D,0,0,,repo_file_state,projectStateDb (sync-project -> syncVersionControlState),versionControlLedger,Rebuilt from git ls-files + git status on each projectStateDb run
pm/checkpoints/20260218T223616Z-0.2.0-beta.1-tooling-registration-first-principle/files/docs/update-packages/pz-boilerplate-intelliJ/2026-02-18-vcs-file-discipline-ledger/apply-checklist.md,1,D,0,0,,repo_file_state,projectStateDb (sync-project -> syncVersionControlState),versionControlLedger,Rebuilt from git ls-files + git status on each projectStateDb run
pm/checkpoints/20260218T223616Z-0.2.0-beta.1-tooling-registration-first-principle/files/docs/update-packages/pz-boilerplate-intelliJ/2026-02-18-vcs-file-discipline-ledger/fresh-session-prompt.md,1,D,0,0,,repo_file_state,projectStateDb (sync-project -> syncVersionControlState),versionControlLedger,Rebuilt from git ls-files + git status on each projectStateDb run
pm/checkpoints/20260218T223616Z-0.2.0-beta.1-tooling-registration-first-principle/files/docs/update-packages/pz-boilerplate-intelliJ/2026-02-18-workbook-change-driven-guard/README.md,1,D,0,0,,repo_file_state,projectStateDb (sync-project -> syncVersionControlState),versionControlLedger,Rebuilt from git ls-files + git status on each projectStateDb run
pm/checkpoints/20260218T223616Z-0.2.0-beta.1-tooling-registration-first-principle/files/docs/update-packages/pz-boilerplate-intelliJ/2026-02-18-workbook-change-driven-guard/apply-checklist.md,1,D,0,0,,repo_file_state,projectStateDb (sync-project -> syncVersionControlState),versionControlLedger,Rebuilt from git ls-files + git status on each projectStateDb run
pm/checkpoints/20260218T223616Z-0.2.0-beta.1-tooling-registration-first-principle/files/docs/update-packages/pz-boilerplate-intelliJ/2026-02-18-workbook-change-driven-guard/fresh-session-prompt.md,1,D,0,0,,repo_file_state,projectStateDb (sync-project -> syncVersionControlState),versionControlLedger,Rebuilt from git ls-files + git status on each projectStateDb run
pm/checkpoints/20260218T223616Z-0.2.0-beta.1-tooling-registration-first-principle/files/preview/afp-diag.json,1,D,0,0,,repo_file_state,projectStateDb (sync-project -> syncVersionControlState),versionControlLedger,Rebuilt from git ls-files + git status on each projectStateDb run
pm/checkpoints/20260218T223616Z-0.2.0-beta.1-tooling-registration-first-principle/files/preview/afp-meta.json,1,D,0,0,,repo_file_state,projectStateDb (sync-project -> syncVersionControlState),versionControlLedger,Rebuilt from git ls-files + git status on each projectStateDb run
pm/checkpoints/20260218T223616Z-0.2.0-beta.1-tooling-registration-first-principle/files/preview/afp-output.html,1,D,0,0,,repo_file_state,projectStateDb (sync-project -> syncVersionControlState),versionControlLedger,Rebuilt from git ls-files + git status on each projectStateDb run
pm/checkpoints/20260218T223616Z-0.2.0-beta.1-tooling-registration-first-principle/files/preview/fidelity-report.json,1,D,0,0,,repo_file_state,projectStateDb (sync-project -> syncVersionControlState),versionControlLedger,Rebuilt from git ls-files + git status on each projectStateDb run
pm/checkpoints/20260218T223616Z-0.2.0-beta.1-tooling-registration-first-principle/files/preview/governance-alerts.json,1,D,0,0,,repo_file_state,projectStateDb (sync-project -> syncVersionControlState),versionControlLedger,Rebuilt from git ls-files + git status on each projectStateDb run
pm/checkpoints/20260218T223616Z-0.2.0-beta.1-tooling-registration-first-principle/files/preview/issues-effectiveness.json,1,D,0,0,,repo_file_state,projectStateDb (sync-project -> syncVersionControlState),versionControlLedger,Rebuilt from git ls-files + git status on each projectStateDb run
pm/checkpoints/20260218T223616Z-0.2.0-beta.1-tooling-registration-first-principle/files/preview/issues-log-tickle.json,1,D,0,0,,repo_file_state,projectStateDb (sync-project -> syncVersionControlState),versionControlLedger,Rebuilt from git ls-files + git status on each projectStateDb run
pm/checkpoints/20260218T223616Z-0.2.0-beta.1-tooling-registration-first-principle/files/preview/project-plan-next-step.json,1,D,0,0,,repo_file_state,projectStateDb (sync-project -> syncVersionControlState),versionControlLedger,Rebuilt from git ls-files + git status on each projectStateDb run
pm/checkpoints/20260218T223616Z-0.2.0-beta.1-tooling-registration-first-principle/files/preview/project-plan-progress-data.json,1,D,0,0,,repo_file_state,projectStateDb (sync-project -> syncVersionControlState),versionControlLedger,Rebuilt from git ls-files + git status on each projectStateDb run
pm/checkpoints/20260218T223616Z-0.2.0-beta.1-tooling-registration-first-principle/files/preview/version-control-ledger.json,1,D,0,0,,repo_file_state,projectStateDb (sync-project -> syncVersionControlState),versionControlLedger,Rebuilt from git ls-files + git status on each projectStateDb run
pm/checkpoints/20260218T223616Z-0.2.0-beta.1-tooling-registration-first-principle/files/preview/version.json,1,D,0,0,,repo_file_state,projectStateDb (sync-project -> syncVersionControlState),versionControlLedger,Rebuilt from git ls-files + git status on each projectStateDb run
pm/checkpoints/20260218T223616Z-0.2.0-beta.1-tooling-registration-first-principle/files/preview/workbook-refresh-status.json,1,D,0,0,,repo_file_state,projectStateDb (sync-project -> syncVersionControlState),versionControlLedger,Rebuilt from git ls-files + git status on each projectStateDb run
pm/checkpoints/20260218T223616Z-0.2.0-beta.1-tooling-registration-first-principle/files/settings.gradle,1,D,0,0,,repo_file_state,projectStateDb (sync-project -> syncVersionControlState),versionControlLedger,Rebuilt from git ls-files + git status on each projectStateDb run
pm/checkpoints/20260218T223616Z-0.2.0-beta.1-tooling-registration-first-principle/manifest.json,1,D,0,0,,repo_file_state,projectStateDb (sync-project -> syncVersionControlState),versionControlLedger,Rebuilt from git ls-files + git status on each projectStateDb run
pm/checkpoints/20260219T192515Z-0.2.0-beta.1-checkpoint/files/AI-POLICY.md,1,D,0,0,,repo_file_state,projectStateDb (sync-project -> syncVersionControlState),versionControlLedger,Rebuilt from git ls-files + git status on each projectStateDb run
pm/checkpoints/20260219T192515Z-0.2.0-beta.1-checkpoint/files/README.md,1,D,0,0,,repo_file_state,projectStateDb (sync-project -> syncVersionControlState),versionControlLedger,Rebuilt from git ls-files + git status on each projectStateDb run
pm/checkpoints/20260219T192515Z-0.2.0-beta.1-checkpoint/files/SESSION_CHANGELOG.md,1,D,0,0,,repo_file_state,projectStateDb (sync-project -> syncVersionControlState),versionControlLedger,Rebuilt from git ls-files + git status on each projectStateDb run
pm/checkpoints/20260219T192515Z-0.2.0-beta.1-checkpoint/files/VERSION,1,D,0,0,,repo_file_state,projectStateDb (sync-project -> syncVersionControlState),versionControlLedger,Rebuilt from git ls-files + git status on each projectStateDb run
pm/checkpoints/20260219T192515Z-0.2.0-beta.1-checkpoint/files/build.gradle,1,D,0,0,,repo_file_state,projectStateDb (sync-project -> syncVersionControlState),versionControlLedger,Rebuilt from git ls-files + git status on each projectStateDb run
pm/checkpoints/20260219T192515Z-0.2.0-beta.1-checkpoint/files/docs/API.md,1,D,0,0,,repo_file_state,projectStateDb (sync-project -> syncVersionControlState),versionControlLedger,Rebuilt from git ls-files + git status on each projectStateDb run
pm/checkpoints/20260219T192515Z-0.2.0-beta.1-checkpoint/files/docs/NEW_MACHINE_BOOTSTRAP.md,1,D,0,0,,repo_file_state,projectStateDb (sync-project -> syncVersionControlState),versionControlLedger,Rebuilt from git ls-files + git status on each projectStateDb run
pm/checkpoints/20260219T192515Z-0.2.0-beta.1-checkpoint/files/docs/PM_CONSOLE_EXCHANGE_FORMAT.md,1,D,0,0,,repo_file_state,projectStateDb (sync-project -> syncVersionControlState),versionControlLedger,Rebuilt from git ls-files + git status on each projectStateDb run
pm/checkpoints/20260219T192515Z-0.2.0-beta.1-checkpoint/files/docs/PRESENTATION_ID_MIGRATION.md,1,D,0,0,,repo_file_state,projectStateDb (sync-project -> syncVersionControlState),versionControlLedger,Rebuilt from git ls-files + git status on each projectStateDb run
pm/checkpoints/20260219T192515Z-0.2.0-beta.1-checkpoint/files/docs/SQL_FIRST_WORKFLOW.md,1,D,0,0,,repo_file_state,projectStateDb (sync-project -> syncVersionControlState),versionControlLedger,Rebuilt from git ls-files + git status on each projectStateDb run
pm/checkpoints/20260219T192515Z-0.2.0-beta.1-checkpoint/files/docs/boilerplate-sync-candidates.xlsx,1,D,0,0,,repo_file_state,projectStateDb (sync-project -> syncVersionControlState),versionControlLedger,Rebuilt from git ls-files + git status on each projectStateDb run
pm/checkpoints/20260219T192515Z-0.2.0-beta.1-checkpoint/files/docs/issues-log-template.csv,1,D,0,0,,repo_file_state,projectStateDb (sync-project -> syncVersionControlState),versionControlLedger,Rebuilt from git ls-files + git status on each projectStateDb run
pm/checkpoints/20260219T192515Z-0.2.0-beta.1-checkpoint/files/docs/issues-log.csv,1,D,0,0,,repo_file_state,projectStateDb (sync-project -> syncVersionControlState),versionControlLedger,Rebuilt from git ls-files + git status on each projectStateDb run
pm/checkpoints/20260219T192515Z-0.2.0-beta.1-checkpoint/files/docs/policy-governance-events.csv,1,D,0,0,,repo_file_state,projectStateDb (sync-project -> syncVersionControlState),versionControlLedger,Rebuilt from git ls-files + git status on each projectStateDb run
pm/checkpoints/20260219T192515Z-0.2.0-beta.1-checkpoint/files/docs/policy-governance-events.xlsx,1,D,0,0,,repo_file_state,projectStateDb (sync-project -> syncVersionControlState),versionControlLedger,Rebuilt from git ls-files + git status on each projectStateDb run
pm/checkpoints/20260219T192515Z-0.2.0-beta.1-checkpoint/files/docs/project-plan-progress.csv,1,D,0,0,,repo_file_state,projectStateDb (sync-project -> syncVersionControlState),versionControlLedger,Rebuilt from git ls-files + git status on each projectStateDb run
pm/checkpoints/20260219T192515Z-0.2.0-beta.1-checkpoint/files/docs/project-plan-progress.xlsx,1,D,0,0,,repo_file_state,projectStateDb (sync-project -> syncVersionControlState),versionControlLedger,Rebuilt from git ls-files + git status on each projectStateDb run
pm/checkpoints/20260219T192515Z-0.2.0-beta.1-checkpoint/files/docs/project-plan.md,1,D,0,0,,repo_file_state,projectStateDb (sync-project -> syncVersionControlState),versionControlLedger,Rebuilt from git ls-files + git status on each projectStateDb run
pm/checkpoints/20260219T192515Z-0.2.0-beta.1-checkpoint/files/docs/update-packages/README.md,1,D,0,0,,repo_file_state,projectStateDb (sync-project -> syncVersionControlState),versionControlLedger,Rebuilt from git ls-files + git status on each projectStateDb run
pm/checkpoints/20260219T192515Z-0.2.0-beta.1-checkpoint/files/pm/policy/policy-rule-tables.sql,1,D,0,0,,repo_file_state,projectStateDb (sync-project -> syncVersionControlState),versionControlLedger,Rebuilt from git ls-files + git status on each projectStateDb run
pm/checkpoints/20260219T192515Z-0.2.0-beta.1-checkpoint/files/pm/reports/action-decision-suggestions.json,1,D,0,0,,repo_file_state,projectStateDb (sync-project -> syncVersionControlState),versionControlLedger,Rebuilt from git ls-files + git status on each projectStateDb run
pm/checkpoints/20260219T192515Z-0.2.0-beta.1-checkpoint/files/pm/reports/action-ingest-strict.json,1,D,0,0,,repo_file_state,projectStateDb (sync-project -> syncVersionControlState),versionControlLedger,Rebuilt from git ls-files + git status on each projectStateDb run
pm/checkpoints/20260219T192515Z-0.2.0-beta.1-checkpoint/files/pm/reports/action-items.json,1,D,0,0,,repo_file_state,projectStateDb (sync-project -> syncVersionControlState),versionControlLedger,Rebuilt from git ls-files + git status on each projectStateDb run
pm/checkpoints/20260219T192515Z-0.2.0-beta.1-checkpoint/files/pm/reports/action-owner-summary.json,1,D,0,0,,repo_file_state,projectStateDb (sync-project -> syncVersionControlState),versionControlLedger,Rebuilt from git ls-files + git status on each projectStateDb run
pm/checkpoints/20260219T192515Z-0.2.0-beta.1-checkpoint/files/pm/reports/action-sla-trend.json,1,D,0,0,,repo_file_state,projectStateDb (sync-project -> syncVersionControlState),versionControlLedger,Rebuilt from git ls-files + git status on each projectStateDb run
pm/checkpoints/20260219T192515Z-0.2.0-beta.1-checkpoint/files/pm/reports/application-realm-policy.json,1,D,0,0,,repo_file_state,projectStateDb (sync-project -> syncVersionControlState),versionControlLedger,Rebuilt from git ls-files + git status on each projectStateDb run
pm/checkpoints/20260219T192515Z-0.2.0-beta.1-checkpoint/files/pm/reports/boilerplate-package-files-with-context.csv,1,D,0,0,,repo_file_state,projectStateDb (sync-project -> syncVersionControlState),versionControlLedger,Rebuilt from git ls-files + git status on each projectStateDb run
pm/checkpoints/20260219T192515Z-0.2.0-beta.1-checkpoint/files/pm/reports/boilerplate-promotion-status.json,1,D,0,0,,repo_file_state,projectStateDb (sync-project -> syncVersionControlState),versionControlLedger,Rebuilt from git ls-files + git status on each projectStateDb run
pm/checkpoints/20260219T192515Z-0.2.0-beta.1-checkpoint/files/pm/reports/boilerplate-realm-policy.json,1,D,0,0,,repo_file_state,projectStateDb (sync-project -> syncVersionControlState),versionControlLedger,Rebuilt from git ls-files + git status on each projectStateDb run
pm/checkpoints/20260219T192515Z-0.2.0-beta.1-checkpoint/files/pm/reports/cross-realm-action-token-search.json,1,D,0,0,,repo_file_state,projectStateDb (sync-project -> syncVersionControlState),versionControlLedger,Rebuilt from git ls-files + git status on each projectStateDb run
pm/checkpoints/20260219T192515Z-0.2.0-beta.1-checkpoint/files/pm/reports/cross-realm-token-search.json,1,D,0,0,,repo_file_state,projectStateDb (sync-project -> syncVersionControlState),versionControlLedger,Rebuilt from git ls-files + git status on each projectStateDb run
pm/checkpoints/20260219T192515Z-0.2.0-beta.1-checkpoint/files/pm/reports/data-dictionary-lint.json,1,D,0,0,,repo_file_state,projectStateDb (sync-project -> syncVersionControlState),versionControlLedger,Rebuilt from git ls-files + git status on each projectStateDb run
pm/checkpoints/20260219T192515Z-0.2.0-beta.1-checkpoint/files/pm/reports/data-dictionary.json,1,D,0,0,,repo_file_state,projectStateDb (sync-project -> syncVersionControlState),versionControlLedger,Rebuilt from git ls-files + git status on each projectStateDb run
pm/checkpoints/20260219T192515Z-0.2.0-beta.1-checkpoint/files/pm/reports/decision-priority-queue.json,1,D,0,0,,repo_file_state,projectStateDb (sync-project -> syncVersionControlState),versionControlLedger,Rebuilt from git ls-files + git status on each projectStateDb run
pm/checkpoints/20260219T192515Z-0.2.0-beta.1-checkpoint/files/pm/reports/governance-alerts.json,1,D,0,0,,repo_file_state,projectStateDb (sync-project -> syncVersionControlState),versionControlLedger,Rebuilt from git ls-files + git status on each projectStateDb run
pm/checkpoints/20260219T192515Z-0.2.0-beta.1-checkpoint/files/pm/reports/issues-effectiveness.json,1,D,0,0,,repo_file_state,projectStateDb (sync-project -> syncVersionControlState),versionControlLedger,Rebuilt from git ls-files + git status on each projectStateDb run
pm/checkpoints/20260219T192515Z-0.2.0-beta.1-checkpoint/files/pm/reports/issues-log-tickle.json,1,D,0,0,,repo_file_state,projectStateDb (sync-project -> syncVersionControlState),versionControlLedger,Rebuilt from git ls-files + git status on each projectStateDb run
pm/checkpoints/20260219T192515Z-0.2.0-beta.1-checkpoint/files/pm/reports/knowledge-base.json,1,D,0,0,,repo_file_state,projectStateDb (sync-project -> syncVersionControlState),versionControlLedger,Rebuilt from git ls-files + git status on each projectStateDb run
pm/checkpoints/20260219T192515Z-0.2.0-beta.1-checkpoint/files/pm/reports/pm-realm-policy.json,1,D,0,0,,repo_file_state,projectStateDb (sync-project -> syncVersionControlState),versionControlLedger,Rebuilt from git ls-files + git status on each projectStateDb run
pm/checkpoints/20260219T192515Z-0.2.0-beta.1-checkpoint/files/pm/reports/policy-rules-lint.json,1,D,0,0,,repo_file_state,projectStateDb (sync-project -> syncVersionControlState),versionControlLedger,Rebuilt from git ls-files + git status on each projectStateDb run
pm/checkpoints/20260219T192515Z-0.2.0-beta.1-checkpoint/files/pm/reports/policy-rules.json,1,D,0,0,,repo_file_state,projectStateDb (sync-project -> syncVersionControlState),versionControlLedger,Rebuilt from git ls-files + git status on each projectStateDb run
pm/checkpoints/20260219T192515Z-0.2.0-beta.1-checkpoint/files/pm/reports/presentation-ref-lint.json,1,D,0,0,,repo_file_state,projectStateDb (sync-project -> syncVersionControlState),versionControlLedger,Rebuilt from git ls-files + git status on each projectStateDb run
pm/checkpoints/20260219T192515Z-0.2.0-beta.1-checkpoint/files/pm/reports/project-plan-next-step.json,1,D,0,0,,repo_file_state,projectStateDb (sync-project -> syncVersionControlState),versionControlLedger,Rebuilt from git ls-files + git status on each projectStateDb run
pm/checkpoints/20260219T192515Z-0.2.0-beta.1-checkpoint/files/pm/reports/project-plan-progress-data.json,1,D,0,0,,repo_file_state,projectStateDb (sync-project -> syncVersionControlState),versionControlLedger,Rebuilt from git ls-files + git status on each projectStateDb run
pm/checkpoints/20260219T192515Z-0.2.0-beta.1-checkpoint/files/pm/reports/realm-knowledge-link-gate.json,1,D,0,0,,repo_file_state,projectStateDb (sync-project -> syncVersionControlState),versionControlLedger,Rebuilt from git ls-files + git status on each projectStateDb run
pm/checkpoints/20260219T192515Z-0.2.0-beta.1-checkpoint/files/pm/reports/realm-knowledge-sync.json,1,D,0,0,,repo_file_state,projectStateDb (sync-project -> syncVersionControlState),versionControlLedger,Rebuilt from git ls-files + git status on each projectStateDb run
pm/checkpoints/20260219T192515Z-0.2.0-beta.1-checkpoint/files/pm/reports/realm-policy-diff.json,1,D,0,0,,repo_file_state,projectStateDb (sync-project -> syncVersionControlState),versionControlLedger,Rebuilt from git ls-files + git status on each projectStateDb run
pm/checkpoints/20260219T192515Z-0.2.0-beta.1-checkpoint/files/pm/reports/realm-policy-sync.json,1,D,0,0,,repo_file_state,projectStateDb (sync-project -> syncVersionControlState),versionControlLedger,Rebuilt from git ls-files + git status on each projectStateDb run
pm/checkpoints/20260219T192515Z-0.2.0-beta.1-checkpoint/files/pm/reports/reasoning-drive.json,1,D,0,0,,repo_file_state,projectStateDb (sync-project -> syncVersionControlState),versionControlLedger,Rebuilt from git ls-files + git status on each projectStateDb run
pm/checkpoints/20260219T192515Z-0.2.0-beta.1-checkpoint/files/pm/reports/repo-file-inventory-with-context.csv,1,D,0,0,,repo_file_state,projectStateDb (sync-project -> syncVersionControlState),versionControlLedger,Rebuilt from git ls-files + git status on each projectStateDb run
pm/checkpoints/20260219T192515Z-0.2.0-beta.1-checkpoint/files/pm/reports/sql-authority-application.json,1,D,0,0,,repo_file_state,projectStateDb (sync-project -> syncVersionControlState),versionControlLedger,Rebuilt from git ls-files + git status on each projectStateDb run
pm/checkpoints/20260219T192515Z-0.2.0-beta.1-checkpoint/files/pm/reports/sql-authority-boilerplate.json,1,D,0,0,,repo_file_state,projectStateDb (sync-project -> syncVersionControlState),versionControlLedger,Rebuilt from git ls-files + git status on each projectStateDb run
pm/checkpoints/20260219T192515Z-0.2.0-beta.1-checkpoint/files/pm/reports/sql-authority-pm.json,1,D,0,0,,repo_file_state,projectStateDb (sync-project -> syncVersionControlState),versionControlLedger,Rebuilt from git ls-files + git status on each projectStateDb run
pm/checkpoints/20260219T192515Z-0.2.0-beta.1-checkpoint/files/pm/reports/sql-coverage-application.json,1,D,0,0,,repo_file_state,projectStateDb (sync-project -> syncVersionControlState),versionControlLedger,Rebuilt from git ls-files + git status on each projectStateDb run
pm/checkpoints/20260219T192515Z-0.2.0-beta.1-checkpoint/files/pm/reports/sql-coverage-boilerplate.json,1,D,0,0,,repo_file_state,projectStateDb (sync-project -> syncVersionControlState),versionControlLedger,Rebuilt from git ls-files + git status on each projectStateDb run
pm/checkpoints/20260219T192515Z-0.2.0-beta.1-checkpoint/files/pm/reports/sql-coverage-pm.json,1,D,0,0,,repo_file_state,projectStateDb (sync-project -> syncVersionControlState),versionControlLedger,Rebuilt from git ls-files + git status on each projectStateDb run
pm/checkpoints/20260219T192515Z-0.2.0-beta.1-checkpoint/files/pm/reports/sql-reconstruction-application.json,1,D,0,0,,repo_file_state,projectStateDb (sync-project -> syncVersionControlState),versionControlLedger,Rebuilt from git ls-files + git status on each projectStateDb run
pm/checkpoints/20260219T192515Z-0.2.0-beta.1-checkpoint/files/pm/reports/sql-reconstruction-boilerplate.json,1,D,0,0,,repo_file_state,projectStateDb (sync-project -> syncVersionControlState),versionControlLedger,Rebuilt from git ls-files + git status on each projectStateDb run
pm/checkpoints/20260219T192515Z-0.2.0-beta.1-checkpoint/files/pm/reports/sql-reconstruction-pm.json,1,D,0,0,,repo_file_state,projectStateDb (sync-project -> syncVersionControlState),versionControlLedger,Rebuilt from git ls-files + git status on each projectStateDb run
pm/checkpoints/20260219T192515Z-0.2.0-beta.1-checkpoint/files/pm/reports/version-control-ledger.json,1,D,0,0,,repo_file_state,projectStateDb (sync-project -> syncVersionControlState),versionControlLedger,Rebuilt from git ls-files + git status on each projectStateDb run
pm/checkpoints/20260219T192515Z-0.2.0-beta.1-checkpoint/files/pm/reports/version.json,1,D,0,0,,repo_file_state,projectStateDb (sync-project -> syncVersionControlState),versionControlLedger,Rebuilt from git ls-files + git status on each projectStateDb run
pm/checkpoints/20260219T192515Z-0.2.0-beta.1-checkpoint/files/pm/reports/workbook-refresh-status.json,1,D,0,0,,repo_file_state,projectStateDb (sync-project -> syncVersionControlState),versionControlLedger,Rebuilt from git ls-files + git status on each projectStateDb run
pm/checkpoints/20260219T192515Z-0.2.0-beta.1-checkpoint/files/pm/state/action-sla-history.json,1,D,0,0,,repo_file_state,projectStateDb (sync-project -> syncVersionControlState),versionControlLedger,Rebuilt from git ls-files + git status on each projectStateDb run
pm/checkpoints/20260219T192515Z-0.2.0-beta.1-checkpoint/files/pm/state/application-realm.sqlite,1,D,0,0,,repo_file_state,projectStateDb (sync-project -> syncVersionControlState),versionControlLedger,Rebuilt from git ls-files + git status on each projectStateDb run
pm/checkpoints/20260219T192515Z-0.2.0-beta.1-checkpoint/files/pm/state/boilerplate-realm.sqlite,1,D,0,0,,repo_file_state,projectStateDb (sync-project -> syncVersionControlState),versionControlLedger,Rebuilt from git ls-files + git status on each projectStateDb run
pm/checkpoints/20260219T192515Z-0.2.0-beta.1-checkpoint/files/pm/state/boilerplate-state.sqlite,1,D,0,0,,repo_file_state,projectStateDb (sync-project -> syncVersionControlState),versionControlLedger,Rebuilt from git ls-files + git status on each projectStateDb run
pm/checkpoints/20260219T192515Z-0.2.0-beta.1-checkpoint/files/pm/state/pm-realm.sqlite,1,D,0,0,,repo_file_state,projectStateDb (sync-project -> syncVersionControlState),versionControlLedger,Rebuilt from git ls-files + git status on each projectStateDb run
pm/checkpoints/20260219T192515Z-0.2.0-beta.1-checkpoint/files/pm/state/project-state.sqlite,1,D,0,0,,repo_file_state,projectStateDb (sync-project -> syncVersionControlState),versionControlLedger,Rebuilt from git ls-files + git status on each projectStateDb run
pm/checkpoints/20260219T192515Z-0.2.0-beta.1-checkpoint/files/pm/state/realm-policy-snapshot.json,1,D,0,0,,repo_file_state,projectStateDb (sync-project -> syncVersionControlState),versionControlLedger,Rebuilt from git ls-files + git status on each projectStateDb run
pm/checkpoints/20260219T192515Z-0.2.0-beta.1-checkpoint/files/pm/state/reasoning-derived.sqlite,1,D,0,0,,repo_file_state,projectStateDb (sync-project -> syncVersionControlState),versionControlLedger,Rebuilt from git ls-files + git status on each projectStateDb run
pm/checkpoints/20260219T192515Z-0.2.0-beta.1-checkpoint/files/pm/state/reasoning-experience.sqlite,1,D,0,0,,repo_file_state,projectStateDb (sync-project -> syncVersionControlState),versionControlLedger,Rebuilt from git ls-files + git status on each projectStateDb run
pm/checkpoints/20260219T192515Z-0.2.0-beta.1-checkpoint/files/preview/afp-diag.json,1,D,0,0,,repo_file_state,projectStateDb (sync-project -> syncVersionControlState),versionControlLedger,Rebuilt from git ls-files + git status on each projectStateDb run
pm/checkpoints/20260219T192515Z-0.2.0-beta.1-checkpoint/files/preview/afp-meta.json,1,D,0,0,,repo_file_state,projectStateDb (sync-project -> syncVersionControlState),versionControlLedger,Rebuilt from git ls-files + git status on each projectStateDb run
pm/checkpoints/20260219T192515Z-0.2.0-beta.1-checkpoint/files/preview/afp-output.html,1,D,0,0,,repo_file_state,projectStateDb (sync-project -> syncVersionControlState),versionControlLedger,Rebuilt from git ls-files + git status on each projectStateDb run
pm/checkpoints/20260219T192515Z-0.2.0-beta.1-checkpoint/files/preview/afp-output.pdf,1,D,0,0,,repo_file_state,projectStateDb (sync-project -> syncVersionControlState),versionControlLedger,Rebuilt from git ls-files + git status on each projectStateDb run
pm/checkpoints/20260219T192515Z-0.2.0-beta.1-checkpoint/files/preview/fidelity-report.json,1,D,0,0,,repo_file_state,projectStateDb (sync-project -> syncVersionControlState),versionControlLedger,Rebuilt from git ls-files + git status on each projectStateDb run
pm/checkpoints/20260219T192515Z-0.2.0-beta.1-checkpoint/files/settings.gradle,1,D,0,0,,repo_file_state,projectStateDb (sync-project -> syncVersionControlState),versionControlLedger,Rebuilt from git ls-files + git status on each projectStateDb run
pm/checkpoints/20260219T192515Z-0.2.0-beta.1-checkpoint/manifest.json,1,D,0,0,,repo_file_state,projectStateDb (sync-project -> syncVersionControlState),versionControlLedger,Rebuilt from git ls-files + git status on each projectStateDb run
pm/checkpoints/20260219T194452Z-0.2.0-beta.1-checkpoint/files/AI-POLICY.md,1,D,0,0,,repo_file_state,projectStateDb (sync-project -> syncVersionControlState),versionControlLedger,Rebuilt from git ls-files + git status on each projectStateDb run
pm/checkpoints/20260219T194452Z-0.2.0-beta.1-checkpoint/files/README.md,1,D,0,0,,repo_file_state,projectStateDb (sync-project -> syncVersionControlState),versionControlLedger,Rebuilt from git ls-files + git status on each projectStateDb run
pm/checkpoints/20260219T194452Z-0.2.0-beta.1-checkpoint/files/SESSION_CHANGELOG.md,1,D,0,0,,repo_file_state,projectStateDb (sync-project -> syncVersionControlState),versionControlLedger,Rebuilt from git ls-files + git status on each projectStateDb run
pm/checkpoints/20260219T194452Z-0.2.0-beta.1-checkpoint/files/VERSION,1,D,0,0,,repo_file_state,projectStateDb (sync-project -> syncVersionControlState),versionControlLedger,Rebuilt from git ls-files + git status on each projectStateDb run
pm/checkpoints/20260219T194452Z-0.2.0-beta.1-checkpoint/files/build.gradle,1,D,0,0,,repo_file_state,projectStateDb (sync-project -> syncVersionControlState),versionControlLedger,Rebuilt from git ls-files + git status on each projectStateDb run
pm/checkpoints/20260219T194452Z-0.2.0-beta.1-checkpoint/files/docs/API.md,1,D,0,0,,repo_file_state,projectStateDb (sync-project -> syncVersionControlState),versionControlLedger,Rebuilt from git ls-files + git status on each projectStateDb run
pm/checkpoints/20260219T194452Z-0.2.0-beta.1-checkpoint/files/docs/NEW_MACHINE_BOOTSTRAP.md,1,D,0,0,,repo_file_state,projectStateDb (sync-project -> syncVersionControlState),versionControlLedger,Rebuilt from git ls-files + git status on each projectStateDb run
pm/checkpoints/20260219T194452Z-0.2.0-beta.1-checkpoint/files/docs/PM_CONSOLE_EXCHANGE_FORMAT.md,1,D,0,0,,repo_file_state,projectStateDb (sync-project -> syncVersionControlState),versionControlLedger,Rebuilt from git ls-files + git status on each projectStateDb run
pm/checkpoints/20260219T194452Z-0.2.0-beta.1-checkpoint/files/docs/PRESENTATION_ID_MIGRATION.md,1,D,0,0,,repo_file_state,projectStateDb (sync-project -> syncVersionControlState),versionControlLedger,Rebuilt from git ls-files + git status on each projectStateDb run
pm/checkpoints/20260219T194452Z-0.2.0-beta.1-checkpoint/files/docs/SQL_FIRST_WORKFLOW.md,1,D,0,0,,repo_file_state,projectStateDb (sync-project -> syncVersionControlState),versionControlLedger,Rebuilt from git ls-files + git status on each projectStateDb run
pm/checkpoints/20260219T194452Z-0.2.0-beta.1-checkpoint/files/docs/boilerplate-sync-candidates.xlsx,1,D,0,0,,repo_file_state,projectStateDb (sync-project -> syncVersionControlState),versionControlLedger,Rebuilt from git ls-files + git status on each projectStateDb run
pm/checkpoints/20260219T194452Z-0.2.0-beta.1-checkpoint/files/docs/issues-log-template.csv,1,D,0,0,,repo_file_state,projectStateDb (sync-project -> syncVersionControlState),versionControlLedger,Rebuilt from git ls-files + git status on each projectStateDb run
pm/checkpoints/20260219T194452Z-0.2.0-beta.1-checkpoint/files/docs/issues-log.csv,1,D,0,0,,repo_file_state,projectStateDb (sync-project -> syncVersionControlState),versionControlLedger,Rebuilt from git ls-files + git status on each projectStateDb run
pm/checkpoints/20260219T194452Z-0.2.0-beta.1-checkpoint/files/docs/policy-governance-events.csv,1,D,0,0,,repo_file_state,projectStateDb (sync-project -> syncVersionControlState),versionControlLedger,Rebuilt from git ls-files + git status on each projectStateDb run
pm/checkpoints/20260219T194452Z-0.2.0-beta.1-checkpoint/files/docs/policy-governance-events.xlsx,1,D,0,0,,repo_file_state,projectStateDb (sync-project -> syncVersionControlState),versionControlLedger,Rebuilt from git ls-files + git status on each projectStateDb run
pm/checkpoints/20260219T194452Z-0.2.0-beta.1-checkpoint/files/docs/project-plan-progress.csv,1,D,0,0,,repo_file_state,projectStateDb (sync-project -> syncVersionControlState),versionControlLedger,Rebuilt from git ls-files + git status on each projectStateDb run
pm/checkpoints/20260219T194452Z-0.2.0-beta.1-checkpoint/files/docs/project-plan-progress.xlsx,1,D,0,0,,repo_file_state,projectStateDb (sync-project -> syncVersionControlState),versionControlLedger,Rebuilt from git ls-files + git status on each projectStateDb run
pm/checkpoints/20260219T194452Z-0.2.0-beta.1-checkpoint/files/docs/project-plan.md,1,D,0,0,,repo_file_state,projectStateDb (sync-project -> syncVersionControlState),versionControlLedger,Rebuilt from git ls-files + git status on each projectStateDb run
pm/checkpoints/20260219T194452Z-0.2.0-beta.1-checkpoint/files/docs/update-packages/README.md,1,D,0,0,,repo_file_state,projectStateDb (sync-project -> syncVersionControlState),versionControlLedger,Rebuilt from git ls-files + git status on each projectStateDb run
pm/checkpoints/20260219T194452Z-0.2.0-beta.1-checkpoint/files/pm/policy/policy-rule-tables.sql,1,D,0,0,,repo_file_state,projectStateDb (sync-project -> syncVersionControlState),versionControlLedger,Rebuilt from git ls-files + git status on each projectStateDb run
pm/checkpoints/20260219T194452Z-0.2.0-beta.1-checkpoint/files/pm/reports/action-decision-suggestions.json,1,D,0,0,,repo_file_state,projectStateDb (sync-project -> syncVersionControlState),versionControlLedger,Rebuilt from git ls-files + git status on each projectStateDb run
pm/checkpoints/20260219T194452Z-0.2.0-beta.1-checkpoint/files/pm/reports/action-ingest-strict.json,1,D,0,0,,repo_file_state,projectStateDb (sync-project -> syncVersionControlState),versionControlLedger,Rebuilt from git ls-files + git status on each projectStateDb run
pm/checkpoints/20260219T194452Z-0.2.0-beta.1-checkpoint/files/pm/reports/action-items.json,1,D,0,0,,repo_file_state,projectStateDb (sync-project -> syncVersionControlState),versionControlLedger,Rebuilt from git ls-files + git status on each projectStateDb run
pm/checkpoints/20260219T194452Z-0.2.0-beta.1-checkpoint/files/pm/reports/action-owner-summary.json,1,D,0,0,,repo_file_state,projectStateDb (sync-project -> syncVersionControlState),versionControlLedger,Rebuilt from git ls-files + git status on each projectStateDb run
pm/checkpoints/20260219T194452Z-0.2.0-beta.1-checkpoint/files/pm/reports/action-sla-trend.json,1,D,0,0,,repo_file_state,projectStateDb (sync-project -> syncVersionControlState),versionControlLedger,Rebuilt from git ls-files + git status on each projectStateDb run
pm/checkpoints/20260219T194452Z-0.2.0-beta.1-checkpoint/files/pm/reports/application-realm-policy.json,1,D,0,0,,repo_file_state,projectStateDb (sync-project -> syncVersionControlState),versionControlLedger,Rebuilt from git ls-files + git status on each projectStateDb run
pm/checkpoints/20260219T194452Z-0.2.0-beta.1-checkpoint/files/pm/reports/boilerplate-package-files-with-context.csv,1,D,0,0,,repo_file_state,projectStateDb (sync-project -> syncVersionControlState),versionControlLedger,Rebuilt from git ls-files + git status on each projectStateDb run
pm/checkpoints/20260219T194452Z-0.2.0-beta.1-checkpoint/files/pm/reports/boilerplate-promotion-status.json,1,D,0,0,,repo_file_state,projectStateDb (sync-project -> syncVersionControlState),versionControlLedger,Rebuilt from git ls-files + git status on each projectStateDb run
pm/checkpoints/20260219T194452Z-0.2.0-beta.1-checkpoint/files/pm/reports/boilerplate-realm-policy.json,1,D,0,0,,repo_file_state,projectStateDb (sync-project -> syncVersionControlState),versionControlLedger,Rebuilt from git ls-files + git status on each projectStateDb run
pm/checkpoints/20260219T194452Z-0.2.0-beta.1-checkpoint/files/pm/reports/cross-realm-action-token-search.json,1,D,0,0,,repo_file_state,projectStateDb (sync-project -> syncVersionControlState),versionControlLedger,Rebuilt from git ls-files + git status on each projectStateDb run
pm/checkpoints/20260219T194452Z-0.2.0-beta.1-checkpoint/files/pm/reports/cross-realm-token-search.json,1,D,0,0,,repo_file_state,projectStateDb (sync-project -> syncVersionControlState),versionControlLedger,Rebuilt from git ls-files + git status on each projectStateDb run
pm/checkpoints/20260219T194452Z-0.2.0-beta.1-checkpoint/files/pm/reports/data-dictionary-lint.json,1,D,0,0,,repo_file_state,projectStateDb (sync-project -> syncVersionControlState),versionControlLedger,Rebuilt from git ls-files + git status on each projectStateDb run
pm/checkpoints/20260219T194452Z-0.2.0-beta.1-checkpoint/files/pm/reports/data-dictionary.json,1,D,0,0,,repo_file_state,projectStateDb (sync-project -> syncVersionControlState),versionControlLedger,Rebuilt from git ls-files + git status on each projectStateDb run
pm/checkpoints/20260219T194452Z-0.2.0-beta.1-checkpoint/files/pm/reports/decision-priority-queue.json,1,D,0,0,,repo_file_state,projectStateDb (sync-project -> syncVersionControlState),versionControlLedger,Rebuilt from git ls-files + git status on each projectStateDb run
pm/checkpoints/20260219T194452Z-0.2.0-beta.1-checkpoint/files/pm/reports/governance-alerts.json,1,D,0,0,,repo_file_state,projectStateDb (sync-project -> syncVersionControlState),versionControlLedger,Rebuilt from git ls-files + git status on each projectStateDb run
pm/checkpoints/20260219T194452Z-0.2.0-beta.1-checkpoint/files/pm/reports/identifier-registry.json,1,D,0,0,,repo_file_state,projectStateDb (sync-project -> syncVersionControlState),versionControlLedger,Rebuilt from git ls-files + git status on each projectStateDb run
pm/checkpoints/20260219T194452Z-0.2.0-beta.1-checkpoint/files/pm/reports/issues-effectiveness.json,1,D,0,0,,repo_file_state,projectStateDb (sync-project -> syncVersionControlState),versionControlLedger,Rebuilt from git ls-files + git status on each projectStateDb run
pm/checkpoints/20260219T194452Z-0.2.0-beta.1-checkpoint/files/pm/reports/issues-log-tickle.json,1,D,0,0,,repo_file_state,projectStateDb (sync-project -> syncVersionControlState),versionControlLedger,Rebuilt from git ls-files + git status on each projectStateDb run
pm/checkpoints/20260219T194452Z-0.2.0-beta.1-checkpoint/files/pm/reports/knowledge-base.json,1,D,0,0,,repo_file_state,projectStateDb (sync-project -> syncVersionControlState),versionControlLedger,Rebuilt from git ls-files + git status on each projectStateDb run
pm/checkpoints/20260219T194452Z-0.2.0-beta.1-checkpoint/files/pm/reports/pm-realm-policy.json,1,D,0,0,,repo_file_state,projectStateDb (sync-project -> syncVersionControlState),versionControlLedger,Rebuilt from git ls-files + git status on each projectStateDb run
pm/checkpoints/20260219T194452Z-0.2.0-beta.1-checkpoint/files/pm/reports/policy-rules-lint.json,1,D,0,0,,repo_file_state,projectStateDb (sync-project -> syncVersionControlState),versionControlLedger,Rebuilt from git ls-files + git status on each projectStateDb run
pm/checkpoints/20260219T194452Z-0.2.0-beta.1-checkpoint/files/pm/reports/policy-rules.json,1,D,0,0,,repo_file_state,projectStateDb (sync-project -> syncVersionControlState),versionControlLedger,Rebuilt from git ls-files + git status on each projectStateDb run
pm/checkpoints/20260219T194452Z-0.2.0-beta.1-checkpoint/files/pm/reports/presentation-ref-lint.json,1,D,0,0,,repo_file_state,projectStateDb (sync-project -> syncVersionControlState),versionControlLedger,Rebuilt from git ls-files + git status on each projectStateDb run
pm/checkpoints/20260219T194452Z-0.2.0-beta.1-checkpoint/files/pm/reports/project-plan-next-step.json,1,D,0,0,,repo_file_state,projectStateDb (sync-project -> syncVersionControlState),versionControlLedger,Rebuilt from git ls-files + git status on each projectStateDb run
pm/checkpoints/20260219T194452Z-0.2.0-beta.1-checkpoint/files/pm/reports/project-plan-progress-data.json,1,D,0,0,,repo_file_state,projectStateDb (sync-project -> syncVersionControlState),versionControlLedger,Rebuilt from git ls-files + git status on each projectStateDb run
pm/checkpoints/20260219T194452Z-0.2.0-beta.1-checkpoint/files/pm/reports/realm-knowledge-link-gate.json,1,D,0,0,,repo_file_state,projectStateDb (sync-project -> syncVersionControlState),versionControlLedger,Rebuilt from git ls-files + git status on each projectStateDb run
pm/checkpoints/20260219T194452Z-0.2.0-beta.1-checkpoint/files/pm/reports/realm-knowledge-sync.json,1,D,0,0,,repo_file_state,projectStateDb (sync-project -> syncVersionControlState),versionControlLedger,Rebuilt from git ls-files + git status on each projectStateDb run
pm/checkpoints/20260219T194452Z-0.2.0-beta.1-checkpoint/files/pm/reports/realm-policy-diff.json,1,D,0,0,,repo_file_state,projectStateDb (sync-project -> syncVersionControlState),versionControlLedger,Rebuilt from git ls-files + git status on each projectStateDb run
pm/checkpoints/20260219T194452Z-0.2.0-beta.1-checkpoint/files/pm/reports/realm-policy-sync.json,1,D,0,0,,repo_file_state,projectStateDb (sync-project -> syncVersionControlState),versionControlLedger,Rebuilt from git ls-files + git status on each projectStateDb run
pm/checkpoints/20260219T194452Z-0.2.0-beta.1-checkpoint/files/pm/reports/reasoning-drive.json,1,D,0,0,,repo_file_state,projectStateDb (sync-project -> syncVersionControlState),versionControlLedger,Rebuilt from git ls-files + git status on each projectStateDb run
pm/checkpoints/20260219T194452Z-0.2.0-beta.1-checkpoint/files/pm/reports/repo-file-inventory-with-context.csv,1,D,0,0,,repo_file_state,projectStateDb (sync-project -> syncVersionControlState),versionControlLedger,Rebuilt from git ls-files + git status on each projectStateDb run
pm/checkpoints/20260219T194452Z-0.2.0-beta.1-checkpoint/files/pm/reports/sql-authority-application.json,1,D,0,0,,repo_file_state,projectStateDb (sync-project -> syncVersionControlState),versionControlLedger,Rebuilt from git ls-files + git status on each projectStateDb run
pm/checkpoints/20260219T194452Z-0.2.0-beta.1-checkpoint/files/pm/reports/sql-authority-boilerplate.json,1,D,0,0,,repo_file_state,projectStateDb (sync-project -> syncVersionControlState),versionControlLedger,Rebuilt from git ls-files + git status on each projectStateDb run
pm/checkpoints/20260219T194452Z-0.2.0-beta.1-checkpoint/files/pm/reports/sql-authority-pm.json,1,D,0,0,,repo_file_state,projectStateDb (sync-project -> syncVersionControlState),versionControlLedger,Rebuilt from git ls-files + git status on each projectStateDb run
pm/checkpoints/20260219T194452Z-0.2.0-beta.1-checkpoint/files/pm/reports/sql-coverage-application.json,1,D,0,0,,repo_file_state,projectStateDb (sync-project -> syncVersionControlState),versionControlLedger,Rebuilt from git ls-files + git status on each projectStateDb run
pm/checkpoints/20260219T194452Z-0.2.0-beta.1-checkpoint/files/pm/reports/sql-coverage-boilerplate.json,1,D,0,0,,repo_file_state,projectStateDb (sync-project -> syncVersionControlState),versionControlLedger,Rebuilt from git ls-files + git status on each projectStateDb run
pm/checkpoints/20260219T194452Z-0.2.0-beta.1-checkpoint/files/pm/reports/sql-coverage-pm.json,1,D,0,0,,repo_file_state,projectStateDb (sync-project -> syncVersionControlState),versionControlLedger,Rebuilt from git ls-files + git status on each projectStateDb run
pm/checkpoints/20260219T194452Z-0.2.0-beta.1-checkpoint/files/pm/reports/sql-reconstruction-application.json,1,D,0,0,,repo_file_state,projectStateDb (sync-project -> syncVersionControlState),versionControlLedger,Rebuilt from git ls-files + git status on each projectStateDb run
pm/checkpoints/20260219T194452Z-0.2.0-beta.1-checkpoint/files/pm/reports/sql-reconstruction-boilerplate.json,1,D,0,0,,repo_file_state,projectStateDb (sync-project -> syncVersionControlState),versionControlLedger,Rebuilt from git ls-files + git status on each projectStateDb run
pm/checkpoints/20260219T194452Z-0.2.0-beta.1-checkpoint/files/pm/reports/sql-reconstruction-pm.json,1,D,0,0,,repo_file_state,projectStateDb (sync-project -> syncVersionControlState),versionControlLedger,Rebuilt from git ls-files + git status on each projectStateDb run
pm/checkpoints/20260219T194452Z-0.2.0-beta.1-checkpoint/files/pm/reports/version-control-ledger.json,1,D,0,0,,repo_file_state,projectStateDb (sync-project -> syncVersionControlState),versionControlLedger,Rebuilt from git ls-files + git status on each projectStateDb run
pm/checkpoints/20260219T194452Z-0.2.0-beta.1-checkpoint/files/pm/reports/version.json,1,D,0,0,,repo_file_state,projectStateDb (sync-project -> syncVersionControlState),versionControlLedger,Rebuilt from git ls-files + git status on each projectStateDb run
pm/checkpoints/20260219T194452Z-0.2.0-beta.1-checkpoint/files/pm/reports/workbook-refresh-status.json,1,D,0,0,,repo_file_state,projectStateDb (sync-project -> syncVersionControlState),versionControlLedger,Rebuilt from git ls-files + git status on each projectStateDb run
pm/checkpoints/20260219T194452Z-0.2.0-beta.1-checkpoint/files/pm/state/action-sla-history.json,1,D,0,0,,repo_file_state,projectStateDb (sync-project -> syncVersionControlState),versionControlLedger,Rebuilt from git ls-files + git status on each projectStateDb run
pm/checkpoints/20260219T194452Z-0.2.0-beta.1-checkpoint/files/pm/state/application-realm.sqlite,1,D,0,0,,repo_file_state,projectStateDb (sync-project -> syncVersionControlState),versionControlLedger,Rebuilt from git ls-files + git status on each projectStateDb run
pm/checkpoints/20260219T194452Z-0.2.0-beta.1-checkpoint/files/pm/state/boilerplate-realm.sqlite,1,D,0,0,,repo_file_state,projectStateDb (sync-project -> syncVersionControlState),versionControlLedger,Rebuilt from git ls-files + git status on each projectStateDb run
pm/checkpoints/20260219T194452Z-0.2.0-beta.1-checkpoint/files/pm/state/boilerplate-state.sqlite,1,D,0,0,,repo_file_state,projectStateDb (sync-project -> syncVersionControlState),versionControlLedger,Rebuilt from git ls-files + git status on each projectStateDb run
pm/checkpoints/20260219T194452Z-0.2.0-beta.1-checkpoint/files/pm/state/pm-realm.sqlite,1,D,0,0,,repo_file_state,projectStateDb (sync-project -> syncVersionControlState),versionControlLedger,Rebuilt from git ls-files + git status on each projectStateDb run
pm/checkpoints/20260219T194452Z-0.2.0-beta.1-checkpoint/files/pm/state/project-state.sqlite,1,D,0,0,,repo_file_state,projectStateDb (sync-project -> syncVersionControlState),versionControlLedger,Rebuilt from git ls-files + git status on each projectStateDb run
pm/checkpoints/20260219T194452Z-0.2.0-beta.1-checkpoint/files/pm/state/realm-policy-snapshot.json,1,D,0,0,,repo_file_state,projectStateDb (sync-project -> syncVersionControlState),versionControlLedger,Rebuilt from git ls-files + git status on each projectStateDb run
pm/checkpoints/20260219T194452Z-0.2.0-beta.1-checkpoint/files/pm/state/reasoning-derived.sqlite,1,D,0,0,,repo_file_state,projectStateDb (sync-project -> syncVersionControlState),versionControlLedger,Rebuilt from git ls-files + git status on each projectStateDb run
pm/checkpoints/20260219T194452Z-0.2.0-beta.1-checkpoint/files/pm/state/reasoning-experience.sqlite,1,D,0,0,,repo_file_state,projectStateDb (sync-project -> syncVersionControlState),versionControlLedger,Rebuilt from git ls-files + git status on each projectStateDb run
pm/checkpoints/20260219T194452Z-0.2.0-beta.1-checkpoint/files/preview/afp-diag.json,1,D,0,0,,repo_file_state,projectStateDb (sync-project -> syncVersionControlState),versionControlLedger,Rebuilt from git ls-files + git status on each projectStateDb run
pm/checkpoints/20260219T194452Z-0.2.0-beta.1-checkpoint/files/preview/afp-meta.json,1,D,0,0,,repo_file_state,projectStateDb (sync-project -> syncVersionControlState),versionControlLedger,Rebuilt from git ls-files + git status on each projectStateDb run
pm/checkpoints/20260219T194452Z-0.2.0-beta.1-checkpoint/files/preview/afp-output.html,1,D,0,0,,repo_file_state,projectStateDb (sync-project -> syncVersionControlState),versionControlLedger,Rebuilt from git ls-files + git status on each projectStateDb run
pm/checkpoints/20260219T194452Z-0.2.0-beta.1-checkpoint/files/preview/afp-output.pdf,1,D,0,0,,repo_file_state,projectStateDb (sync-project -> syncVersionControlState),versionControlLedger,Rebuilt from git ls-files + git status on each projectStateDb run
pm/checkpoints/20260219T194452Z-0.2.0-beta.1-checkpoint/files/preview/fidelity-report.json,1,D,0,0,,repo_file_state,projectStateDb (sync-project -> syncVersionControlState),versionControlLedger,Rebuilt from git ls-files + git status on each projectStateDb run
pm/checkpoints/20260219T194452Z-0.2.0-beta.1-checkpoint/files/settings.gradle,1,D,0,0,,repo_file_state,projectStateDb (sync-project -> syncVersionControlState),versionControlLedger,Rebuilt from git ls-files + git status on each projectStateDb run
pm/checkpoints/20260219T194452Z-0.2.0-beta.1-checkpoint/manifest.json,1,D,0,0,,repo_file_state,projectStateDb (sync-project -> syncVersionControlState),versionControlLedger,Rebuilt from git ls-files + git status on each projectStateDb run
pm/checkpoints/20260219T195123Z-0.2.0-beta.1-checkpoint/files/AI-POLICY.md,1,D,0,0,,repo_file_state,projectStateDb (sync-project -> syncVersionControlState),versionControlLedger,Rebuilt from git ls-files + git status on each projectStateDb run
pm/checkpoints/20260219T195123Z-0.2.0-beta.1-checkpoint/files/README.md,1,D,0,0,,repo_file_state,projectStateDb (sync-project -> syncVersionControlState),versionControlLedger,Rebuilt from git ls-files + git status on each projectStateDb run
pm/checkpoints/20260219T195123Z-0.2.0-beta.1-checkpoint/files/SESSION_CHANGELOG.md,1,D,0,0,,repo_file_state,projectStateDb (sync-project -> syncVersionControlState),versionControlLedger,Rebuilt from git ls-files + git status on each projectStateDb run
pm/checkpoints/20260219T195123Z-0.2.0-beta.1-checkpoint/files/VERSION,1,D,0,0,,repo_file_state,projectStateDb (sync-project -> syncVersionControlState),versionControlLedger,Rebuilt from git ls-files + git status on each projectStateDb run
pm/checkpoints/20260219T195123Z-0.2.0-beta.1-checkpoint/files/build.gradle,1,D,0,0,,repo_file_state,projectStateDb (sync-project -> syncVersionControlState),versionControlLedger,Rebuilt from git ls-files + git status on each projectStateDb run
pm/checkpoints/20260219T195123Z-0.2.0-beta.1-checkpoint/files/docs/API.md,1,D,0,0,,repo_file_state,projectStateDb (sync-project -> syncVersionControlState),versionControlLedger,Rebuilt from git ls-files + git status on each projectStateDb run
pm/checkpoints/20260219T195123Z-0.2.0-beta.1-checkpoint/files/docs/NEW_MACHINE_BOOTSTRAP.md,1,D,0,0,,repo_file_state,projectStateDb (sync-project -> syncVersionControlState),versionControlLedger,Rebuilt from git ls-files + git status on each projectStateDb run
pm/checkpoints/20260219T195123Z-0.2.0-beta.1-checkpoint/files/docs/PM_CONSOLE_EXCHANGE_FORMAT.md,1,D,0,0,,repo_file_state,projectStateDb (sync-project -> syncVersionControlState),versionControlLedger,Rebuilt from git ls-files + git status on each projectStateDb run
pm/checkpoints/20260219T195123Z-0.2.0-beta.1-checkpoint/files/docs/PRESENTATION_ID_MIGRATION.md,1,D,0,0,,repo_file_state,projectStateDb (sync-project -> syncVersionControlState),versionControlLedger,Rebuilt from git ls-files + git status on each projectStateDb run
pm/checkpoints/20260219T195123Z-0.2.0-beta.1-checkpoint/files/docs/SQL_FIRST_WORKFLOW.md,1,D,0,0,,repo_file_state,projectStateDb (sync-project -> syncVersionControlState),versionControlLedger,Rebuilt from git ls-files + git status on each projectStateDb run
pm/checkpoints/20260219T195123Z-0.2.0-beta.1-checkpoint/files/docs/boilerplate-sync-candidates.xlsx,1,D,0,0,,repo_file_state,projectStateDb (sync-project -> syncVersionControlState),versionControlLedger,Rebuilt from git ls-files + git status on each projectStateDb run
pm/checkpoints/20260219T195123Z-0.2.0-beta.1-checkpoint/files/docs/issues-log-template.csv,1,D,0,0,,repo_file_state,projectStateDb (sync-project -> syncVersionControlState),versionControlLedger,Rebuilt from git ls-files + git status on each projectStateDb run
pm/checkpoints/20260219T195123Z-0.2.0-beta.1-checkpoint/files/docs/issues-log.csv,1,D,0,0,,repo_file_state,projectStateDb (sync-project -> syncVersionControlState),versionControlLedger,Rebuilt from git ls-files + git status on each projectStateDb run
pm/checkpoints/20260219T195123Z-0.2.0-beta.1-checkpoint/files/docs/policy-governance-events.csv,1,D,0,0,,repo_file_state,projectStateDb (sync-project -> syncVersionControlState),versionControlLedger,Rebuilt from git ls-files + git status on each projectStateDb run
pm/checkpoints/20260219T195123Z-0.2.0-beta.1-checkpoint/files/docs/policy-governance-events.xlsx,1,D,0,0,,repo_file_state,projectStateDb (sync-project -> syncVersionControlState),versionControlLedger,Rebuilt from git ls-files + git status on each projectStateDb run
pm/checkpoints/20260219T195123Z-0.2.0-beta.1-checkpoint/files/docs/project-plan-progress.csv,1,D,0,0,,repo_file_state,projectStateDb (sync-project -> syncVersionControlState),versionControlLedger,Rebuilt from git ls-files + git status on each projectStateDb run
pm/checkpoints/20260219T195123Z-0.2.0-beta.1-checkpoint/files/docs/project-plan-progress.xlsx,1,D,0,0,,repo_file_state,projectStateDb (sync-project -> syncVersionControlState),versionControlLedger,Rebuilt from git ls-files + git status on each projectStateDb run
pm/checkpoints/20260219T195123Z-0.2.0-beta.1-checkpoint/files/docs/project-plan.md,1,D,0,0,,repo_file_state,projectStateDb (sync-project -> syncVersionControlState),versionControlLedger,Rebuilt from git ls-files + git status on each projectStateDb run
pm/checkpoints/20260219T195123Z-0.2.0-beta.1-checkpoint/files/docs/update-packages/README.md,1,D,0,0,,repo_file_state,projectStateDb (sync-project -> syncVersionControlState),versionControlLedger,Rebuilt from git ls-files + git status on each projectStateDb run
pm/checkpoints/20260219T195123Z-0.2.0-beta.1-checkpoint/files/pm/policy/policy-rule-tables.sql,1,D,0,0,,repo_file_state,projectStateDb (sync-project -> syncVersionControlState),versionControlLedger,Rebuilt from git ls-files + git status on each projectStateDb run
pm/checkpoints/20260219T195123Z-0.2.0-beta.1-checkpoint/files/pm/reports/action-decision-suggestions.json,1,D,0,0,,repo_file_state,projectStateDb (sync-project -> syncVersionControlState),versionControlLedger,Rebuilt from git ls-files + git status on each projectStateDb run
pm/checkpoints/20260219T195123Z-0.2.0-beta.1-checkpoint/files/pm/reports/action-ingest-strict.json,1,D,0,0,,repo_file_state,projectStateDb (sync-project -> syncVersionControlState),versionControlLedger,Rebuilt from git ls-files + git status on each projectStateDb run
pm/checkpoints/20260219T195123Z-0.2.0-beta.1-checkpoint/files/pm/reports/action-items.json,1,D,0,0,,repo_file_state,projectStateDb (sync-project -> syncVersionControlState),versionControlLedger,Rebuilt from git ls-files + git status on each projectStateDb run
pm/checkpoints/20260219T195123Z-0.2.0-beta.1-checkpoint/files/pm/reports/action-owner-summary.json,1,D,0,0,,repo_file_state,projectStateDb (sync-project -> syncVersionControlState),versionControlLedger,Rebuilt from git ls-files + git status on each projectStateDb run
pm/checkpoints/20260219T195123Z-0.2.0-beta.1-checkpoint/files/pm/reports/action-sla-trend.json,1,D,0,0,,repo_file_state,projectStateDb (sync-project -> syncVersionControlState),versionControlLedger,Rebuilt from git ls-files + git status on each projectStateDb run
pm/checkpoints/20260219T195123Z-0.2.0-beta.1-checkpoint/files/pm/reports/application-realm-policy.json,1,D,0,0,,repo_file_state,projectStateDb (sync-project -> syncVersionControlState),versionControlLedger,Rebuilt from git ls-files + git status on each projectStateDb run
pm/checkpoints/20260219T195123Z-0.2.0-beta.1-checkpoint/files/pm/reports/boilerplate-package-files-with-context.csv,1,D,0,0,,repo_file_state,projectStateDb (sync-project -> syncVersionControlState),versionControlLedger,Rebuilt from git ls-files + git status on each projectStateDb run
pm/checkpoints/20260219T195123Z-0.2.0-beta.1-checkpoint/files/pm/reports/boilerplate-promotion-status.json,1,D,0,0,,repo_file_state,projectStateDb (sync-project -> syncVersionControlState),versionControlLedger,Rebuilt from git ls-files + git status on each projectStateDb run
pm/checkpoints/20260219T195123Z-0.2.0-beta.1-checkpoint/files/pm/reports/boilerplate-realm-policy.json,1,D,0,0,,repo_file_state,projectStateDb (sync-project -> syncVersionControlState),versionControlLedger,Rebuilt from git ls-files + git status on each projectStateDb run
pm/checkpoints/20260219T195123Z-0.2.0-beta.1-checkpoint/files/pm/reports/cross-realm-action-token-search.json,1,D,0,0,,repo_file_state,projectStateDb (sync-project -> syncVersionControlState),versionControlLedger,Rebuilt from git ls-files + git status on each projectStateDb run
pm/checkpoints/20260219T195123Z-0.2.0-beta.1-checkpoint/files/pm/reports/cross-realm-token-search.json,1,D,0,0,,repo_file_state,projectStateDb (sync-project -> syncVersionControlState),versionControlLedger,Rebuilt from git ls-files + git status on each projectStateDb run
pm/checkpoints/20260219T195123Z-0.2.0-beta.1-checkpoint/files/pm/reports/data-dictionary-lint.json,1,D,0,0,,repo_file_state,projectStateDb (sync-project -> syncVersionControlState),versionControlLedger,Rebuilt from git ls-files + git status on each projectStateDb run
pm/checkpoints/20260219T195123Z-0.2.0-beta.1-checkpoint/files/pm/reports/data-dictionary.json,1,D,0,0,,repo_file_state,projectStateDb (sync-project -> syncVersionControlState),versionControlLedger,Rebuilt from git ls-files + git status on each projectStateDb run
pm/checkpoints/20260219T195123Z-0.2.0-beta.1-checkpoint/files/pm/reports/decision-priority-queue.json,1,D,0,0,,repo_file_state,projectStateDb (sync-project -> syncVersionControlState),versionControlLedger,Rebuilt from git ls-files + git status on each projectStateDb run
pm/checkpoints/20260219T195123Z-0.2.0-beta.1-checkpoint/files/pm/reports/governance-alerts.json,1,D,0,0,,repo_file_state,projectStateDb (sync-project -> syncVersionControlState),versionControlLedger,Rebuilt from git ls-files + git status on each projectStateDb run
pm/checkpoints/20260219T195123Z-0.2.0-beta.1-checkpoint/files/pm/reports/identifier-registry.json,1,D,0,0,,repo_file_state,projectStateDb (sync-project -> syncVersionControlState),versionControlLedger,Rebuilt from git ls-files + git status on each projectStateDb run
pm/checkpoints/20260219T195123Z-0.2.0-beta.1-checkpoint/files/pm/reports/issues-effectiveness.json,1,D,0,0,,repo_file_state,projectStateDb (sync-project -> syncVersionControlState),versionControlLedger,Rebuilt from git ls-files + git status on each projectStateDb run
pm/checkpoints/20260219T195123Z-0.2.0-beta.1-checkpoint/files/pm/reports/issues-log-tickle.json,1,D,0,0,,repo_file_state,projectStateDb (sync-project -> syncVersionControlState),versionControlLedger,Rebuilt from git ls-files + git status on each projectStateDb run
pm/checkpoints/20260219T195123Z-0.2.0-beta.1-checkpoint/files/pm/reports/knowledge-base.json,1,D,0,0,,repo_file_state,projectStateDb (sync-project -> syncVersionControlState),versionControlLedger,Rebuilt from git ls-files + git status on each projectStateDb run
pm/checkpoints/20260219T195123Z-0.2.0-beta.1-checkpoint/files/pm/reports/pm-realm-policy.json,1,D,0,0,,repo_file_state,projectStateDb (sync-project -> syncVersionControlState),versionControlLedger,Rebuilt from git ls-files + git status on each projectStateDb run
pm/checkpoints/20260219T195123Z-0.2.0-beta.1-checkpoint/files/pm/reports/policy-rules-lint.json,1,D,0,0,,repo_file_state,projectStateDb (sync-project -> syncVersionControlState),versionControlLedger,Rebuilt from git ls-files + git status on each projectStateDb run
pm/checkpoints/20260219T195123Z-0.2.0-beta.1-checkpoint/files/pm/reports/policy-rules.json,1,D,0,0,,repo_file_state,projectStateDb (sync-project -> syncVersionControlState),versionControlLedger,Rebuilt from git ls-files + git status on each projectStateDb run
pm/checkpoints/20260219T195123Z-0.2.0-beta.1-checkpoint/files/pm/reports/presentation-ref-lint.json,1,D,0,0,,repo_file_state,projectStateDb (sync-project -> syncVersionControlState),versionControlLedger,Rebuilt from git ls-files + git status on each projectStateDb run
pm/checkpoints/20260219T195123Z-0.2.0-beta.1-checkpoint/files/pm/reports/project-plan-next-step.json,1,D,0,0,,repo_file_state,projectStateDb (sync-project -> syncVersionControlState),versionControlLedger,Rebuilt from git ls-files + git status on each projectStateDb run
pm/checkpoints/20260219T195123Z-0.2.0-beta.1-checkpoint/files/pm/reports/project-plan-progress-data.json,1,D,0,0,,repo_file_state,projectStateDb (sync-project -> syncVersionControlState),versionControlLedger,Rebuilt from git ls-files + git status on each projectStateDb run
pm/checkpoints/20260219T195123Z-0.2.0-beta.1-checkpoint/files/pm/reports/realm-knowledge-link-gate.json,1,D,0,0,,repo_file_state,projectStateDb (sync-project -> syncVersionControlState),versionControlLedger,Rebuilt from git ls-files + git status on each projectStateDb run
pm/checkpoints/20260219T195123Z-0.2.0-beta.1-checkpoint/files/pm/reports/realm-knowledge-sync.json,1,D,0,0,,repo_file_state,projectStateDb (sync-project -> syncVersionControlState),versionControlLedger,Rebuilt from git ls-files + git status on each projectStateDb run
pm/checkpoints/20260219T195123Z-0.2.0-beta.1-checkpoint/files/pm/reports/realm-policy-diff.json,1,D,0,0,,repo_file_state,projectStateDb (sync-project -> syncVersionControlState),versionControlLedger,Rebuilt from git ls-files + git status on each projectStateDb run
pm/checkpoints/20260219T195123Z-0.2.0-beta.1-checkpoint/files/pm/reports/realm-policy-sync.json,1,D,0,0,,repo_file_state,projectStateDb (sync-project -> syncVersionControlState),versionControlLedger,Rebuilt from git ls-files + git status on each projectStateDb run
pm/checkpoints/20260219T195123Z-0.2.0-beta.1-checkpoint/files/pm/reports/reasoning-drive.json,1,D,0,0,,repo_file_state,projectStateDb (sync-project -> syncVersionControlState),versionControlLedger,Rebuilt from git ls-files + git status on each projectStateDb run
pm/checkpoints/20260219T195123Z-0.2.0-beta.1-checkpoint/files/pm/reports/repo-file-inventory-with-context.csv,1,D,0,0,,repo_file_state,projectStateDb (sync-project -> syncVersionControlState),versionControlLedger,Rebuilt from git ls-files + git status on each projectStateDb run
pm/checkpoints/20260219T195123Z-0.2.0-beta.1-checkpoint/files/pm/reports/sql-authority-application.json,1,D,0,0,,repo_file_state,projectStateDb (sync-project -> syncVersionControlState),versionControlLedger,Rebuilt from git ls-files + git status on each projectStateDb run
pm/checkpoints/20260219T195123Z-0.2.0-beta.1-checkpoint/files/pm/reports/sql-authority-boilerplate.json,1,D,0,0,,repo_file_state,projectStateDb (sync-project -> syncVersionControlState),versionControlLedger,Rebuilt from git ls-files + git status on each projectStateDb run
pm/checkpoints/20260219T195123Z-0.2.0-beta.1-checkpoint/files/pm/reports/sql-authority-pm.json,1,D,0,0,,repo_file_state,projectStateDb (sync-project -> syncVersionControlState),versionControlLedger,Rebuilt from git ls-files + git status on each projectStateDb run
pm/checkpoints/20260219T195123Z-0.2.0-beta.1-checkpoint/files/pm/reports/sql-coverage-application.json,1,D,0,0,,repo_file_state,projectStateDb (sync-project -> syncVersionControlState),versionControlLedger,Rebuilt from git ls-files + git status on each projectStateDb run
pm/checkpoints/20260219T195123Z-0.2.0-beta.1-checkpoint/files/pm/reports/sql-coverage-boilerplate.json,1,D,0,0,,repo_file_state,projectStateDb (sync-project -> syncVersionControlState),versionControlLedger,Rebuilt from git ls-files + git status on each projectStateDb run
pm/checkpoints/20260219T195123Z-0.2.0-beta.1-checkpoint/files/pm/reports/sql-coverage-pm.json,1,D,0,0,,repo_file_state,projectStateDb (sync-project -> syncVersionControlState),versionControlLedger,Rebuilt from git ls-files + git status on each projectStateDb run
pm/checkpoints/20260219T195123Z-0.2.0-beta.1-checkpoint/files/pm/reports/sql-reconstruction-application.json,1,D,0,0,,repo_file_state,projectStateDb (sync-project -> syncVersionControlState),versionControlLedger,Rebuilt from git ls-files + git status on each projectStateDb run
pm/checkpoints/20260219T195123Z-0.2.0-beta.1-checkpoint/files/pm/reports/sql-reconstruction-boilerplate.json,1,D,0,0,,repo_file_state,projectStateDb (sync-project -> syncVersionControlState),versionControlLedger,Rebuilt from git ls-files + git status on each projectStateDb run
pm/checkpoints/20260219T195123Z-0.2.0-beta.1-checkpoint/files/pm/reports/sql-reconstruction-pm.json,1,D,0,0,,repo_file_state,projectStateDb (sync-project -> syncVersionControlState),versionControlLedger,Rebuilt from git ls-files + git status on each projectStateDb run
pm/checkpoints/20260219T195123Z-0.2.0-beta.1-checkpoint/files/pm/reports/version-control-ledger.json,1,D,0,0,,repo_file_state,projectStateDb (sync-project -> syncVersionControlState),versionControlLedger,Rebuilt from git ls-files + git status on each projectStateDb run
pm/checkpoints/20260219T195123Z-0.2.0-beta.1-checkpoint/files/pm/reports/version.json,1,D,0,0,,repo_file_state,projectStateDb (sync-project -> syncVersionControlState),versionControlLedger,Rebuilt from git ls-files + git status on each projectStateDb run
pm/checkpoints/20260219T195123Z-0.2.0-beta.1-checkpoint/files/pm/reports/workbook-refresh-status.json,1,D,0,0,,repo_file_state,projectStateDb (sync-project -> syncVersionControlState),versionControlLedger,Rebuilt from git ls-files + git status on each projectStateDb run
pm/checkpoints/20260219T195123Z-0.2.0-beta.1-checkpoint/files/pm/state/action-sla-history.json,1,D,0,0,,repo_file_state,projectStateDb (sync-project -> syncVersionControlState),versionControlLedger,Rebuilt from git ls-files + git status on each projectStateDb run
pm/checkpoints/20260219T195123Z-0.2.0-beta.1-checkpoint/files/pm/state/application-realm.sqlite,1,D,0,0,,repo_file_state,projectStateDb (sync-project -> syncVersionControlState),versionControlLedger,Rebuilt from git ls-files + git status on each projectStateDb run
pm/checkpoints/20260219T195123Z-0.2.0-beta.1-checkpoint/files/pm/state/boilerplate-realm.sqlite,1,D,0,0,,repo_file_state,projectStateDb (sync-project -> syncVersionControlState),versionControlLedger,Rebuilt from git ls-files + git status on each projectStateDb run
pm/checkpoints/20260219T195123Z-0.2.0-beta.1-checkpoint/files/pm/state/boilerplate-state.sqlite,1,D,0,0,,repo_file_state,projectStateDb (sync-project -> syncVersionControlState),versionControlLedger,Rebuilt from git ls-files + git status on each projectStateDb run
pm/checkpoints/20260219T195123Z-0.2.0-beta.1-checkpoint/files/pm/state/pm-realm.sqlite,1,D,0,0,,repo_file_state,projectStateDb (sync-project -> syncVersionControlState),versionControlLedger,Rebuilt from git ls-files + git status on each projectStateDb run
pm/checkpoints/20260219T195123Z-0.2.0-beta.1-checkpoint/files/pm/state/project-state.sqlite,1,D,0,0,,repo_file_state,projectStateDb (sync-project -> syncVersionControlState),versionControlLedger,Rebuilt from git ls-files + git status on each projectStateDb run
pm/checkpoints/20260219T195123Z-0.2.0-beta.1-checkpoint/files/pm/state/realm-policy-snapshot.json,1,D,0,0,,repo_file_state,projectStateDb (sync-project -> syncVersionControlState),versionControlLedger,Rebuilt from git ls-files + git status on each projectStateDb run
pm/checkpoints/20260219T195123Z-0.2.0-beta.1-checkpoint/files/pm/state/reasoning-derived.sqlite,1,D,0,0,,repo_file_state,projectStateDb (sync-project -> syncVersionControlState),versionControlLedger,Rebuilt from git ls-files + git status on each projectStateDb run
pm/checkpoints/20260219T195123Z-0.2.0-beta.1-checkpoint/files/pm/state/reasoning-experience.sqlite,1,D,0,0,,repo_file_state,projectStateDb (sync-project -> syncVersionControlState),versionControlLedger,Rebuilt from git ls-files + git status on each projectStateDb run
pm/checkpoints/20260219T195123Z-0.2.0-beta.1-checkpoint/files/preview/afp-diag.json,1,D,0,0,,repo_file_state,projectStateDb (sync-project -> syncVersionControlState),versionControlLedger,Rebuilt from git ls-files + git status on each projectStateDb run
pm/checkpoints/20260219T195123Z-0.2.0-beta.1-checkpoint/files/preview/afp-meta.json,1,D,0,0,,repo_file_state,projectStateDb (sync-project -> syncVersionControlState),versionControlLedger,Rebuilt from git ls-files + git status on each projectStateDb run
pm/checkpoints/20260219T195123Z-0.2.0-beta.1-checkpoint/files/preview/afp-output.html,1,D,0,0,,repo_file_state,projectStateDb (sync-project -> syncVersionControlState),versionControlLedger,Rebuilt from git ls-files + git status on each projectStateDb run
pm/checkpoints/20260219T195123Z-0.2.0-beta.1-checkpoint/files/preview/afp-output.pdf,1,D,0,0,,repo_file_state,projectStateDb (sync-project -> syncVersionControlState),versionControlLedger,Rebuilt from git ls-files + git status on each projectStateDb run
pm/checkpoints/20260219T195123Z-0.2.0-beta.1-checkpoint/files/preview/fidelity-report.json,1,D,0,0,,repo_file_state,projectStateDb (sync-project -> syncVersionControlState),versionControlLedger,Rebuilt from git ls-files + git status on each projectStateDb run
pm/checkpoints/20260219T195123Z-0.2.0-beta.1-checkpoint/files/settings.gradle,1,D,0,0,,repo_file_state,projectStateDb (sync-project -> syncVersionControlState),versionControlLedger,Rebuilt from git ls-files + git status on each projectStateDb run
pm/checkpoints/20260219T195123Z-0.2.0-beta.1-checkpoint/manifest.json,1,D,0,0,,repo_file_state,projectStateDb (sync-project -> syncVersionControlState),versionControlLedger,Rebuilt from git ls-files + git status on each projectStateDb run
pm/checkpoints/20260223T173429Z-0.2.0-beta.1-2026-02-23-clean-recovery/,0,??,1,128,,repo_file_state,projectStateDb (sync-project -> syncVersionControlState),versionControlLedger,Rebuilt from git ls-files + git status on each projectStateDb run
pm/checkpoints/index.json,1,M,1,342,5f876fb656fc0778e17a678c57ab58df948d9b5138ab722eb2c496a93d5b9f20,repo_file_state,projectStateDb (sync-project -> syncVersionControlState),versionControlLedger,Rebuilt from git ls-files + git status on each projectStateDb run
pm/policy/policy-rule-tables.sql,1,,1,25325,8fe5937e646c0318f12ac9011727b7cf7185e3daf300235dff2002d1e69c9f2b,repo_file_state,projectStateDb (sync-project -> syncVersionControlState),versionControlLedger,Rebuilt from git ls-files + git status on each projectStateDb run
pm/reports/action-decision-suggestions.json,1,M,1,232,ac06fa64316898c20db995685eb1156c2b6a1e0bc48d92f353f6d7a4eef92c35,repo_file_state,projectStateDb (sync-project -> syncVersionControlState),versionControlLedger,Rebuilt from git ls-files + git status on each projectStateDb run
pm/reports/action-ingest-strict.json,1,M,1,254,ba651e13c2a8e1424725382c32f0e20cd5fdfd014aa291d88a1b01bf61e1071d,repo_file_state,projectStateDb (sync-project -> syncVersionControlState),versionControlLedger,Rebuilt from git ls-files + git status on each projectStateDb run
pm/reports/action-items.json,1,M,1,2218,dbdfcd9470806d64c809aca1d0bb172eeddefc726a2a48db53cc50ad2de1c2ee,repo_file_state,projectStateDb (sync-project -> syncVersionControlState),versionControlLedger,Rebuilt from git ls-files + git status on each projectStateDb run
pm/reports/action-owner-summary.json,1,M,1,282,65ae1cf43a949636963795cdff5009fc4ac3ca77e61a101b668b4d807cae21fc,repo_file_state,projectStateDb (sync-project -> syncVersionControlState),versionControlLedger,Rebuilt from git ls-files + git status on each projectStateDb run
pm/reports/action-sla-trend.json,1,M,1,808,017e42dc435c38e7fa13f23e64cd69000fcc524163f8a04c797ff63e0128bb95,repo_file_state,projectStateDb (sync-project -> syncVersionControlState),versionControlLedger,Rebuilt from git ls-files + git status on each projectStateDb run
pm/reports/application-realm-policy.json,1,M,1,23969,fa37751f5731ebb6375131810a6a7671c9eaa643d842bb32626946b916e9e9a6,repo_file_state,projectStateDb (sync-project -> syncVersionControlState),versionControlLedger,Rebuilt from git ls-files + git status on each projectStateDb run
pm/reports/application-realm-token-search.json,1,D,0,0,,repo_file_state,projectStateDb (sync-project -> syncVersionControlState),versionControlLedger,Rebuilt from git ls-files + git status on each projectStateDb run
pm/reports/boilerplate-package-files-with-context.csv,1,M,1,32652,df87368f1c881e5c25429256420d0b4a1599949c94f47084833d6c9e2a94c8cd,repo_file_state,projectStateDb (sync-project -> syncVersionControlState),versionControlLedger,Rebuilt from git ls-files + git status on each projectStateDb run
pm/reports/boilerplate-promotion-status.json,1,M,1,12883,854b9d5b7b3d6190bdaa4b46e1be99809dcaba38f00d6161bd29621c1d1e97f9,repo_file_state,projectStateDb (sync-project -> syncVersionControlState),versionControlLedger,Rebuilt from git ls-files + git status on each projectStateDb run
pm/reports/boilerplate-realm-policy.json,1,M,1,24934,1bc7996770c613227c0b5c19028351d681aa4cfa721db6660d4dc05dae571e36,repo_file_state,projectStateDb (sync-project -> syncVersionControlState),versionControlLedger,Rebuilt from git ls-files + git status on each projectStateDb run
pm/reports/cross-realm-action-token-search.json,1,M,1,122,8e92002cc4d25ddc304c78b0fc45aa48d0c05d1a7e1df79bb9727e239fbb344c,repo_file_state,projectStateDb (sync-project -> syncVersionControlState),versionControlLedger,Rebuilt from git ls-files + git status on each projectStateDb run
pm/reports/cross-realm-token-search.json,1,M,1,12976,0aa162105631562dc09a04e08cbfc9178d63531dbabcaea0ce5afcb89426a0b4,repo_file_state,projectStateDb (sync-project -> syncVersionControlState),versionControlLedger,Rebuilt from git ls-files + git status on each projectStateDb run
pm/reports/data-dictionary-lint.json,1,M,1,822,33758abb481ee0c457e23ad607eb0306289433a911015e8ac04a73d81393b290,repo_file_state,projectStateDb (sync-project -> syncVersionControlState),versionControlLedger,Rebuilt from git ls-files + git status on each projectStateDb run
pm/reports/data-dictionary.json,1,M,1,14793,044b8983acb4f0e4915e1ed6273f1f71e4698b3143102cf0b38de5a8047d0098,repo_file_state,projectStateDb (sync-project -> syncVersionControlState),versionControlLedger,Rebuilt from git ls-files + git status on each projectStateDb run
pm/reports/decision-priority-queue.json,1,M,1,3751,fd92b543afd6432fe7aac1c8f488d748566de9aa2849f3e8c6e8f9987f451c96,repo_file_state,projectStateDb (sync-project -> syncVersionControlState),versionControlLedger,Rebuilt from git ls-files + git status on each projectStateDb run
pm/reports/documentation-manifest.json,1,M,1,17263,e34efeca5c029ac3de527988e06e690a4bb41915caec95253ed31a53cb5d143e,repo_file_state,projectStateDb (sync-project -> syncVersionControlState),versionControlLedger,Rebuilt from git ls-files + git status on each projectStateDb run
pm/reports/environment-dashboard.json,1,M,1,531,900f663885363b3fb9b69730cca53b20d79f241593ea0857409b29ceb0a45345,repo_file_state,projectStateDb (sync-project -> syncVersionControlState),versionControlLedger,Rebuilt from git ls-files + git status on each projectStateDb run
pm/reports/environment-health.json,1,M,1,1127,a1b2028ffc0356ed87211a71ae56fcc32445065e7c8c2a9991280950b65aab9b,repo_file_state,projectStateDb (sync-project -> syncVersionControlState),versionControlLedger,Rebuilt from git ls-files + git status on each projectStateDb run
pm/reports/governance-alerts.json,1,M,1,4162,c4e58a61a249645b05dd20887cb14dfdcf471d17dd3794966c7885bf3d466eff,repo_file_state,projectStateDb (sync-project -> syncVersionControlState),versionControlLedger,Rebuilt from git ls-files + git status on each projectStateDb run
pm/reports/identifier-registry.json,1,M,1,51173,bf9f04d895b575492dbf332a40ee68031bcfc43458204b0308d56fa442ceeb05,repo_file_state,projectStateDb (sync-project -> syncVersionControlState),versionControlLedger,Rebuilt from git ls-files + git status on each projectStateDb run
pm/reports/issues-effectiveness.json,1,M,1,4878,6cbb21edf62bd7070a59498dfd14a4e6d825f724414f4c42ec4731e32903905b,repo_file_state,projectStateDb (sync-project -> syncVersionControlState),versionControlLedger,Rebuilt from git ls-files + git status on each projectStateDb run
pm/reports/issues-log-tickle.json,1,M,1,3660,6f04aed3696f0ff0db3ce1f41e30d21a23be77a6c29a89147aba20282b39813c,repo_file_state,projectStateDb (sync-project -> syncVersionControlState),versionControlLedger,Rebuilt from git ls-files + git status on each projectStateDb run
pm/reports/knowledge-base.json,1,M,1,13598,d0c8b873455381b45f2332f2ae8a9d3db8d2af00ec4332a8aa4d4f0cad758dd6,repo_file_state,projectStateDb (sync-project -> syncVersionControlState),versionControlLedger,Rebuilt from git ls-files + git status on each projectStateDb run
pm/reports/pm-console-stale-cleanup.json,1,M,1,428,c4dab6f2e6504619e9f9a512e74eb52bb053d2c4b583acdeb413215e963cd42c,repo_file_state,projectStateDb (sync-project -> syncVersionControlState),versionControlLedger,Rebuilt from git ls-files + git status on each projectStateDb run
pm/reports/pm-realm-policy.json,1,M,1,23230,d3586a37bd564c21b5ce5b2aaed733fd85eff893828b81375cc93e03e1b45a44,repo_file_state,projectStateDb (sync-project -> syncVersionControlState),versionControlLedger,Rebuilt from git ls-files + git status on each projectStateDb run
pm/reports/pm-realm-token-search.json,1,D,0,0,,repo_file_state,projectStateDb (sync-project -> syncVersionControlState),versionControlLedger,Rebuilt from git ls-files + git status on each projectStateDb run
pm/reports/policy-rules-lint.json,1,M,1,487,295c02d1f4f2076232be2572a96ae50f3bd1143ccf925195bb36bbecdb58fad2,repo_file_state,projectStateDb (sync-project -> syncVersionControlState),versionControlLedger,Rebuilt from git ls-files + git status on each projectStateDb run
pm/reports/policy-rules.json,1,M,1,28246,bded2265b8ef79a4a63be8116c796996e9f8ac8b2da3ce042f50b229837adc9e,repo_file_state,projectStateDb (sync-project -> syncVersionControlState),versionControlLedger,Rebuilt from git ls-files + git status on each projectStateDb run
pm/reports/presentation-ref-lint.json,1,M,1,398,b51f3e5ef1d64a6da741e44d847d4ecbb63eb46032f53de8ac61687441bf7c22,repo_file_state,projectStateDb (sync-project -> syncVersionControlState),versionControlLedger,Rebuilt from git ls-files + git status on each projectStateDb run
pm/reports/project-plan-next-step.json,1,M,1,5064,ad1e1ffa39dc97aa1c4b9f87d015c080bb7e03661245b366a808892aaf4f45a1,repo_file_state,projectStateDb (sync-project -> syncVersionControlState),versionControlLedger,Rebuilt from git ls-files + git status on each projectStateDb run
pm/reports/project-plan-progress-data.json,1,M,1,17363,beb5acbd8e54134f8da1c56ebd7a17282d3cc1fbc445d919ed9550c80b561d23,repo_file_state,projectStateDb (sync-project -> syncVersionControlState),versionControlLedger,Rebuilt from git ls-files + git status on each projectStateDb run
pm/reports/realm-knowledge-link-gate.json,1,M,1,838,5afb3934405ee1ddd06f5bba1987a08a0bd5f1325c10f2d2650bdbb728542d35,repo_file_state,projectStateDb (sync-project -> syncVersionControlState),versionControlLedger,Rebuilt from git ls-files + git status on each projectStateDb run
pm/reports/realm-knowledge-sync.json,1,M,1,1077,15f256415c3a69c17b1dd22c3ace904eecae7cbb4011c3b267d7f54ce425a2b6,repo_file_state,projectStateDb (sync-project -> syncVersionControlState),versionControlLedger,Rebuilt from git ls-files + git status on each projectStateDb run
pm/reports/realm-policy-diff.json,1,M,1,660,7cec08a58c3b66e5a1a34f1ec26bd8725cf7f38a94b0ba5c1b1b45c295a03b05,repo_file_state,projectStateDb (sync-project -> syncVersionControlState),versionControlLedger,Rebuilt from git ls-files + git status on each projectStateDb run
pm/reports/realm-policy-sync.json,1,M,1,456,82009db7a6e9619245c7619fe90c76d29372040410e668432994e15d62dcc322,repo_file_state,projectStateDb (sync-project -> syncVersionControlState),versionControlLedger,Rebuilt from git ls-files + git status on each projectStateDb run
pm/reports/reasoning-drive.json,1,M,1,3507,b4abb7ca32325a0ce8036fdb0dcdf049fe005c2d383a39692122c0d41144d7e0,repo_file_state,projectStateDb (sync-project -> syncVersionControlState),versionControlLedger,Rebuilt from git ls-files + git status on each projectStateDb run
pm/reports/recovery-status.json,1,D,0,0,,repo_file_state,projectStateDb (sync-project -> syncVersionControlState),versionControlLedger,Rebuilt from git ls-files + git status on each projectStateDb run
pm/reports/remanifest-drill.json,1,D,0,0,,repo_file_state,projectStateDb (sync-project -> syncVersionControlState),versionControlLedger,Rebuilt from git ls-files + git status on each projectStateDb run
pm/reports/repo-file-inventory-with-context.csv,1,M,1,256395,114068971461c1407ca1ea697b2d36b84d15a8d0b338e8c683c95f69cc894af7,repo_file_state,projectStateDb (sync-project -> syncVersionControlState),versionControlLedger,Rebuilt from git ls-files + git status on each projectStateDb run
pm/reports/sql-authority-application.json,1,M,1,226,9c3b7b490f4a1bd2d050634516005ee561f00ede78cbb32cc4ccddd2e2a0d956,repo_file_state,projectStateDb (sync-project -> syncVersionControlState),versionControlLedger,Rebuilt from git ls-files + git status on each projectStateDb run
pm/reports/sql-authority-boilerplate.json,1,M,1,227,b6683bf8b6fececf1a7749f0f78294e1aaaa97619ee5205af7943d96a11bb542,repo_file_state,projectStateDb (sync-project -> syncVersionControlState),versionControlLedger,Rebuilt from git ls-files + git status on each projectStateDb run
pm/reports/sql-authority-pm.json,1,M,1,218,efae17b75f77f668735e63841c4d1cbfbf7e6a7e2a19df737f4b1969e0de465d,repo_file_state,projectStateDb (sync-project -> syncVersionControlState),versionControlLedger,Rebuilt from git ls-files + git status on each projectStateDb run
pm/reports/sql-coverage-application.json,1,M,1,328,df4ab29a7176799ec7b110288a1c557c2d2d665fdb93195128e62d5b3f56f70d,repo_file_state,projectStateDb (sync-project -> syncVersionControlState),versionControlLedger,Rebuilt from git ls-files + git status on each projectStateDb run
pm/reports/sql-coverage-boilerplate.json,1,M,1,330,021b0757944ff20b2bad725fb5bb77956fb8225ed7285565a09be94f8a48b79d,repo_file_state,projectStateDb (sync-project -> syncVersionControlState),versionControlLedger,Rebuilt from git ls-files + git status on each projectStateDb run
pm/reports/sql-coverage-pm.json,1,M,1,321,554c2aec01edf74aa393649c32ca2ec9ad3ccc306771ba77cd7a93d6922c26b5,repo_file_state,projectStateDb (sync-project -> syncVersionControlState),versionControlLedger,Rebuilt from git ls-files + git status on each projectStateDb run
pm/reports/sql-drift-summary.json,1,D,0,0,,repo_file_state,projectStateDb (sync-project -> syncVersionControlState),versionControlLedger,Rebuilt from git ls-files + git status on each projectStateDb run
pm/reports/sql-reconstruction-application.json,1,M,1,226,5b112be957302206f4a30316f8ef311fdb298e17580a5c714070b8578795320f,repo_file_state,projectStateDb (sync-project -> syncVersionControlState),versionControlLedger,Rebuilt from git ls-files + git status on each projectStateDb run
pm/reports/sql-reconstruction-boilerplate.json,1,M,1,227,39a321f49722e13f3e652dbe8fa188512cd70be3bb074d515f711b92d4b6b454,repo_file_state,projectStateDb (sync-project -> syncVersionControlState),versionControlLedger,Rebuilt from git ls-files + git status on each projectStateDb run
pm/reports/sql-reconstruction-pm.json,1,M,1,218,8eac5bf121ba1c8b338e4a68ad14b9fd94e61dd453c45e728db7a0d443940120,repo_file_state,projectStateDb (sync-project -> syncVersionControlState),versionControlLedger,Rebuilt from git ls-files + git status on each projectStateDb run
pm/reports/version-control-ledger.json,1,M,1,237800,2384003e6cb40db3c545f5cf0488a3cc56dbe7c70073f4bb7e405e95b3e14737,repo_file_state,projectStateDb (sync-project -> syncVersionControlState),versionControlLedger,Rebuilt from git ls-files + git status on each projectStateDb run
pm/reports/version.json,1,M,1,208,3a3eae8971a222cee2a43d32ff31673dbc77127ff7f97af9a907bb069f19bde8,repo_file_state,projectStateDb (sync-project -> syncVersionControlState),versionControlLedger,Rebuilt from git ls-files + git status on each projectStateDb run
pm/reports/workbook-refresh-status.json,1,D,0,0,,repo_file_state,projectStateDb (sync-project -> syncVersionControlState),versionControlLedger,Rebuilt from git ls-files + git status on each projectStateDb run
pm/security/authorized-databases.json,1,,1,1546,abeba60225e5904f72280e0ba9bf8291642d1b5c3e572d9a7255d174c025e28d,repo_file_state,projectStateDb (sync-project -> syncVersionControlState),versionControlLedger,Rebuilt from git ls-files + git status on each projectStateDb run
pm/state/action-sla-history.json,1,M,1,629,9d3cf2bd5dd1e8f6c801a62bcd3e625ac37b3ffce1ff5bd9084c74f93f3e8854,repo_file_state,projectStateDb (sync-project -> syncVersionControlState),versionControlLedger,Rebuilt from git ls-files + git status on each projectStateDb run
pm/state/application-realm.sqlite,1,M,1,4497408,f1c8fa224ca3d2a5c0234dde5b7ea4051c11af3a452152d11f1e3f7d498a0d4c,repo_file_state,projectStateDb (sync-project -> syncVersionControlState),versionControlLedger,Rebuilt from git ls-files + git status on each projectStateDb run
pm/state/boilerplate-realm.sqlite,1,M,1,2617344,e495af6adc91e87b3866e00a4b2d3907f7eea02e71a9df5716ea0943e6bb1dba,repo_file_state,projectStateDb (sync-project -> syncVersionControlState),versionControlLedger,Rebuilt from git ls-files + git status on each projectStateDb run
pm/state/boilerplate-state.sqlite,1,M,1,90112,e14443e29ae7ced95ac9959e3196a2cfbe8b3f9745383faf10d89e9fd153c3f6,repo_file_state,projectStateDb (sync-project -> syncVersionControlState),versionControlLedger,Rebuilt from git ls-files + git status on each projectStateDb run
pm/state/critical-db-sha256.txt,1,,1,690,b5e8d8379a1a101874ff25ed6238c92ce4c9aaf925951a7c7be57b86942e3e9a,repo_file_state,projectStateDb (sync-project -> syncVersionControlState),versionControlLedger,Rebuilt from git ls-files + git status on each projectStateDb run
pm/state/managed-delete-manifest.txt,1,,1,17719,8cb40cd57143f28ccd75a04877129b1e04629db60d3274396326fff04aa1b644,repo_file_state,projectStateDb (sync-project -> syncVersionControlState),versionControlLedger,Rebuilt from git ls-files + git status on each projectStateDb run
pm/state/pm-console-stale-history.json,1,M,1,2514,edaa640bee2e77b68953b0971751167cc81c743a82e391d9849f9fc0b00c5d7d,repo_file_state,projectStateDb (sync-project -> syncVersionControlState),versionControlLedger,Rebuilt from git ls-files + git status on each projectStateDb run
pm/state/pm-realm.sqlite,1,M,1,24350720,b878d64c6cd0d3b74d75a23a9d03e72e73d71a478dc7ea8689958b25114700b1,repo_file_state,projectStateDb (sync-project -> syncVersionControlState),versionControlLedger,Rebuilt from git ls-files + git status on each projectStateDb run
pm/state/project-state.sqlite,1,M,1,565248,62bd205b64a34941a02f654db918ed72398d64fb9648434d73882283d1f45714,repo_file_state,projectStateDb (sync-project -> syncVersionControlState),versionControlLedger,Rebuilt from git ls-files + git status on each projectStateDb run
pm/state/realm-policy-snapshot.json,1,M,1,79566,9df1931c31e9a5054d8fe528faf3b4fdc5e3e1cc105a4efb1a291c30ca550192,repo_file_state,projectStateDb (sync-project -> syncVersionControlState),versionControlLedger,Rebuilt from git ls-files + git status on each projectStateDb run
pm/state/reasoning-derived.sqlite,1,M,1,24576,dca86b0fd30e85e3b6bdaf52a4b066737a4edbacdab033a8b6d8eda815209761,repo_file_state,projectStateDb (sync-project -> syncVersionControlState),versionControlLedger,Rebuilt from git ls-files + git status on each projectStateDb run
pm/state/reasoning-experience.sqlite,1,M,1,28672,15377f5c1255d109784271333927f8e0fa3615aec1040a0293a1545e3a2595ed,repo_file_state,projectStateDb (sync-project -> syncVersionControlState),versionControlLedger,Rebuilt from git ls-files + git status on each projectStateDb run
pm/workflow/binary-artifact-policy.txt,1,,1,1090,2bce1e3d8e7d4b7f0d90e2bea0e60ce6cf14735d1ad1e43bc1d62372f7ab49f0,repo_file_state,projectStateDb (sync-project -> syncVersionControlState),versionControlLedger,Rebuilt from git ls-files + git status on each projectStateDb run
pm/workflow/minimal-snapshot-keep.txt,1,,1,987,db33a9951f43c49e65b534e68c863437e89302abb7ee619616fc4c0d96ce2dff,repo_file_state,projectStateDb (sync-project -> syncVersionControlState),versionControlLedger,Rebuilt from git ls-files + git status on each projectStateDb run
pm/workflow/realm-managed-manifest.json,1,,1,1945,483e9a739e78b935aebf7e7047f505ab66caaeb0df06f7a02cbb300374e3073d,repo_file_state,projectStateDb (sync-project -> syncVersionControlState),versionControlLedger,Rebuilt from git ls-files + git status on each projectStateDb run
pm/workflow/workflow-manifest.json,1,,1,2580,a9af8d64cc05b1a3cce65fd96a482ee3bc17f4c1cf38e8b5e54980b1e1b6b213,repo_file_state,projectStateDb (sync-project -> syncVersionControlState),versionControlLedger,Rebuilt from git ls-files + git status on each projectStateDb run
policy/,0,??,1,96,,repo_file_state,projectStateDb (sync-project -> syncVersionControlState),versionControlLedger,Rebuilt from git ls-files + git status on each projectStateDb run
preview/afp-diag.json,1,,1,15959,a86944092b6ef9e0761e99481e32841052928cbbcf130ad08e75f813ad2f2a56,repo_file_state,projectStateDb (sync-project -> syncVersionControlState),versionControlLedger,Rebuilt from git ls-files + git status on each projectStateDb run
preview/afp-meta.json,1,,1,59533,d2d8d379db1f5f0cc38b7c59ec32648aa8029aea109b860cb2c3722ced44c2c1,repo_file_state,projectStateDb (sync-project -> syncVersionControlState),versionControlLedger,Rebuilt from git ls-files + git status on each projectStateDb run
preview/afp-output.html,1,,1,3461,f9028529313a32541fadf1c16ac3deb8f209a6970046bbe83a2805afa186ef9b,repo_file_state,projectStateDb (sync-project -> syncVersionControlState),versionControlLedger,Rebuilt from git ls-files + git status on each projectStateDb run
preview/afp-output.pdf,1,M,1,1957,ac9ff6bf681ba9b49660e87068c7289c13fe8a0bf57f2498003635ad88a22ffa,repo_file_state,projectStateDb (sync-project -> syncVersionControlState),versionControlLedger,Rebuilt from git ls-files + git status on each projectStateDb run
preview/ci-artifacts/latest/AI-POLICY.md,1,M,1,22762,4a734050bc862773de546bcbf2fb6aab6b96689fe45d61e36877619722c20563,repo_file_state,projectStateDb (sync-project -> syncVersionControlState),versionControlLedger,Rebuilt from git ls-files + git status on each projectStateDb run
preview/ci-artifacts/latest/NATIVE_RENDERER_PLAN.md,1,,1,6528,c48ff48d8f9b0e36a4afbd14e02ac60e2c335b2439c64055a8bbb7b357645391,repo_file_state,projectStateDb (sync-project -> syncVersionControlState),versionControlLedger,Rebuilt from git ls-files + git status on each projectStateDb run
preview/ci-artifacts/latest/PRESENTATION_ID_MIGRATION.md,1,,1,895,30ba16906901115d798d706cfe603c981e1de15e4b318597ea50079d6a0596d3,repo_file_state,projectStateDb (sync-project -> syncVersionControlState),versionControlLedger,Rebuilt from git ls-files + git status on each projectStateDb run
preview/ci-artifacts/latest/SESSION_CHANGELOG.md,1,M,1,65575,3dfd0f59abf5526d69f15694c5c903319a5ab998e06c6d097b36c79e5252a171,repo_file_state,projectStateDb (sync-project -> syncVersionControlState),versionControlLedger,Rebuilt from git ls-files + git status on each projectStateDb run
preview/ci-artifacts/latest/VERSION,1,,1,13,214374e4ab6ceb79d5fa5ff001fe9bbcbea31c3fd8c6bd42d48e7efaf6b2ce9f,repo_file_state,projectStateDb (sync-project -> syncVersionControlState),versionControlLedger,Rebuilt from git ls-files + git status on each projectStateDb run
preview/ci-artifacts/latest/action-decision-suggestions.json,1,M,1,232,f92682cc261ba5dc13bc2d02f5aa89800542c445bd30c49d0ec8070eba013edd,repo_file_state,projectStateDb (sync-project -> syncVersionControlState),versionControlLedger,Rebuilt from git ls-files + git status on each projectStateDb run
preview/ci-artifacts/latest/action-ingest-strict.json,1,M,1,254,ba651e13c2a8e1424725382c32f0e20cd5fdfd014aa291d88a1b01bf61e1071d,repo_file_state,projectStateDb (sync-project -> syncVersionControlState),versionControlLedger,Rebuilt from git ls-files + git status on each projectStateDb run
preview/ci-artifacts/latest/action-items.json,1,M,1,2218,19e5b0765f938d29d11e8a063397fc9c7c409afe182c23549b8e26f065dab8af,repo_file_state,projectStateDb (sync-project -> syncVersionControlState),versionControlLedger,Rebuilt from git ls-files + git status on each projectStateDb run
preview/ci-artifacts/latest/action-owner-summary.json,1,M,1,282,9b271cf31b424f5ea4e0f0613d6867bc691069cd6991cf09ab6648bbe4c24ae5,repo_file_state,projectStateDb (sync-project -> syncVersionControlState),versionControlLedger,Rebuilt from git ls-files + git status on each projectStateDb run
preview/ci-artifacts/latest/action-sla-history.json,1,M,1,629,f7cfa365cb077edd928610bcdb903b08cbc30901abf02e1984503b00de47c493,repo_file_state,projectStateDb (sync-project -> syncVersionControlState),versionControlLedger,Rebuilt from git ls-files + git status on each projectStateDb run
preview/ci-artifacts/latest/action-sla-trend.json,1,M,1,808,dfd36fb221411f0d1c8e6045784892077d999052adb329d5ede418c271b22b45,repo_file_state,projectStateDb (sync-project -> syncVersionControlState),versionControlLedger,Rebuilt from git ls-files + git status on each projectStateDb run
preview/ci-artifacts/latest/afp-diag.json,1,,1,15959,a86944092b6ef9e0761e99481e32841052928cbbcf130ad08e75f813ad2f2a56,repo_file_state,projectStateDb (sync-project -> syncVersionControlState),versionControlLedger,Rebuilt from git ls-files + git status on each projectStateDb run
preview/ci-artifacts/latest/afp-meta.json,1,,1,59533,d2d8d379db1f5f0cc38b7c59ec32648aa8029aea109b860cb2c3722ced44c2c1,repo_file_state,projectStateDb (sync-project -> syncVersionControlState),versionControlLedger,Rebuilt from git ls-files + git status on each projectStateDb run
preview/ci-artifacts/latest/afp-output.html,1,,1,3461,f9028529313a32541fadf1c16ac3deb8f209a6970046bbe83a2805afa186ef9b,repo_file_state,projectStateDb (sync-project -> syncVersionControlState),versionControlLedger,Rebuilt from git ls-files + git status on each projectStateDb run
preview/ci-artifacts/latest/afp-output.pdf,1,M,1,1957,280dc454943808f3e197cd839923aa9b392ae1df41ee3f810539819bf9e659b6,repo_file_state,projectStateDb (sync-project -> syncVersionControlState),versionControlLedger,Rebuilt from git ls-files + git status on each projectStateDb run
preview/ci-artifacts/latest/application-realm-policy.json,1,M,1,23969,e2aa5c25bfa99646fb1607f9b731f76fc300447faf9ba1f94577f406bcb00a67,repo_file_state,projectStateDb (sync-project -> syncVersionControlState),versionControlLedger,Rebuilt from git ls-files + git status on each projectStateDb run
preview/ci-artifacts/latest/application-realm.sqlite,1,M,1,4497408,02715c1d766c4b81f7a1a183d8b79d16439a36983d647c1cda5068695dd75c1f,repo_file_state,projectStateDb (sync-project -> syncVersionControlState),versionControlLedger,Rebuilt from git ls-files + git status on each projectStateDb run
preview/ci-artifacts/latest/boilerplate-package-files-with-context.csv,1,M,1,32652,df87368f1c881e5c25429256420d0b4a1599949c94f47084833d6c9e2a94c8cd,repo_file_state,projectStateDb (sync-project -> syncVersionControlState),versionControlLedger,Rebuilt from git ls-files + git status on each projectStateDb run
preview/ci-artifacts/latest/boilerplate-promotion-status.json,1,M,1,12883,75f485a7fdca006942c2ba720cb7961752336dc0b9c011731724df78fdb2f960,repo_file_state,projectStateDb (sync-project -> syncVersionControlState),versionControlLedger,Rebuilt from git ls-files + git status on each projectStateDb run
preview/ci-artifacts/latest/boilerplate-realm-policy.json,1,M,1,24934,9cee942f952098f171a55cdfff012a8c3e6852b0f340c6f25e7153e16b682faa,repo_file_state,projectStateDb (sync-project -> syncVersionControlState),versionControlLedger,Rebuilt from git ls-files + git status on each projectStateDb run
preview/ci-artifacts/latest/boilerplate-realm.sqlite,1,M,1,2613248,bd81f6dcd560a7cdb9ca833de6ca93490d2b6ba78cb277e11776f602d86e4511,repo_file_state,projectStateDb (sync-project -> syncVersionControlState),versionControlLedger,Rebuilt from git ls-files + git status on each projectStateDb run
preview/ci-artifacts/latest/boilerplate-state.sqlite,1,M,1,90112,b3f10ff2250c8b2073cf58a3b2302930299556e77d384c7d6f7ac41474f3bea7,repo_file_state,projectStateDb (sync-project -> syncVersionControlState),versionControlLedger,Rebuilt from git ls-files + git status on each projectStateDb run
preview/ci-artifacts/latest/boilerplate-sync-candidates.xlsx,1,M,1,10185,17f33357f68eb0bb0c55827c40d58f8c5eb224e7f734585c6b3a796f901521d0,repo_file_state,projectStateDb (sync-project -> syncVersionControlState),versionControlLedger,Rebuilt from git ls-files + git status on each projectStateDb run
preview/ci-artifacts/latest/cross-realm-action-token-search.json,1,M,1,122,ad4ba196cbe6cccd9cc4d02b911174cca4afcd3a2b8d5bf1b528587f4b416562,repo_file_state,projectStateDb (sync-project -> syncVersionControlState),versionControlLedger,Rebuilt from git ls-files + git status on each projectStateDb run
preview/ci-artifacts/latest/cross-realm-token-search.json,1,M,1,12976,c7c8b903f98550114667cd67c6be7a79c2838e649194c5d9a555436ea9510490,repo_file_state,projectStateDb (sync-project -> syncVersionControlState),versionControlLedger,Rebuilt from git ls-files + git status on each projectStateDb run
preview/ci-artifacts/latest/data-dictionary-lint.json,1,M,1,822,950e5b5ee97c5f21d6b8116b27fd1da24300fd6e68815f081cd3d661f1bd180f,repo_file_state,projectStateDb (sync-project -> syncVersionControlState),versionControlLedger,Rebuilt from git ls-files + git status on each projectStateDb run
preview/ci-artifacts/latest/data-dictionary.json,1,M,1,14793,73874b78d1d8efc539d9703b65a96573ebd7c680cf82907fa30b2d67aaecf0d8,repo_file_state,projectStateDb (sync-project -> syncVersionControlState),versionControlLedger,Rebuilt from git ls-files + git status on each projectStateDb run
preview/ci-artifacts/latest/decision-priority-queue.json,1,M,1,3751,3600a0a1cc6c723bd5f51ba73c31d9580121bc4e4cf5674e07ae51408e50da3f,repo_file_state,projectStateDb (sync-project -> syncVersionControlState),versionControlLedger,Rebuilt from git ls-files + git status on each projectStateDb run
preview/ci-artifacts/latest/documentation-manifest.json,1,M,1,17263,a35ef04fc5d343695ecd6565a69b68830d6cbcdd7890ee26e31a54857ff2aadf,repo_file_state,projectStateDb (sync-project -> syncVersionControlState),versionControlLedger,Rebuilt from git ls-files + git status on each projectStateDb run
preview/ci-artifacts/latest/environment-dashboard.json,1,M,1,515,b82ae6044abfa8845edecb13c4f6720c184069b87556edce63335abad28b90ee,repo_file_state,projectStateDb (sync-project -> syncVersionControlState),versionControlLedger,Rebuilt from git ls-files + git status on each projectStateDb run
preview/ci-artifacts/latest/environment-health.json,1,M,1,1348,4b0ae4fa7aa40d9b4dac91c4f522515d81d7376d61bd82b5c95bbcc76a27918d,repo_file_state,projectStateDb (sync-project -> syncVersionControlState),versionControlLedger,Rebuilt from git ls-files + git status on each projectStateDb run
preview/ci-artifacts/latest/fidelity-corpus.txt,1,,1,153,e3750b6d368a66e26ac0885f120f4eaa9e3064393c2d396fbda6d942d80b8f32,repo_file_state,projectStateDb (sync-project -> syncVersionControlState),versionControlLedger,Rebuilt from git ls-files + git status on each projectStateDb run
preview/ci-artifacts/latest/fidelity-report.json,1,,1,2384,814e3f5ed0f58f5f5b0130e4f915656b877aaa38e31f27e41d13d535ad48820e,repo_file_state,projectStateDb (sync-project -> syncVersionControlState),versionControlLedger,Rebuilt from git ls-files + git status on each projectStateDb run
preview/ci-artifacts/latest/governance-alerts.json,1,M,1,4162,6c4fda19fa05b2d5f0865727e4a8a8e58d85c8307d1e2b1aecf095fdb214a5c4,repo_file_state,projectStateDb (sync-project -> syncVersionControlState),versionControlLedger,Rebuilt from git ls-files + git status on each projectStateDb run
preview/ci-artifacts/latest/identifier-registry.json,1,M,1,50759,baf499c7e8749b4f640360ab07e7ae1f679cd7c52a95ae4e0eecb264edc28ccb,repo_file_state,projectStateDb (sync-project -> syncVersionControlState),versionControlLedger,Rebuilt from git ls-files + git status on each projectStateDb run
preview/ci-artifacts/latest/index.json,1,M,1,16546,83afa74d2a8121078039e17b137948b18c54f33cc3ba30b58fd6c353d3ccfee6,repo_file_state,projectStateDb (sync-project -> syncVersionControlState),versionControlLedger,Rebuilt from git ls-files + git status on each projectStateDb run
preview/ci-artifacts/latest/issues-effectiveness.json,1,M,1,4668,41b27130e5963a8361c777a442a385423c247e7f2c6185b7a4dc6d484adb8bee,repo_file_state,projectStateDb (sync-project -> syncVersionControlState),versionControlLedger,Rebuilt from git ls-files + git status on each projectStateDb run
preview/ci-artifacts/latest/issues-log-tickle.json,1,M,1,3450,f11fc8b318ff3318532effe8814a931d57170fc90eca743f23182902c65e3c57,repo_file_state,projectStateDb (sync-project -> syncVersionControlState),versionControlLedger,Rebuilt from git ls-files + git status on each projectStateDb run
preview/ci-artifacts/latest/knowledge-base.json,1,M,1,13637,ec73e1023a6d6c6d464083a9cf77a0794eb9006ebaaacbae43b9178adcbbbf30,repo_file_state,projectStateDb (sync-project -> syncVersionControlState),versionControlLedger,Rebuilt from git ls-files + git status on each projectStateDb run
preview/ci-artifacts/latest/pm-console-stale-cleanup.json,1,M,1,509,903f21944760158b0dc458c927b5d4edb7a66a13b83daa2986b1f52a6afa6748,repo_file_state,projectStateDb (sync-project -> syncVersionControlState),versionControlLedger,Rebuilt from git ls-files + git status on each projectStateDb run
preview/ci-artifacts/latest/pm-console-stale-history.json,1,M,1,2059,a0df065eb04be4dd24922921670d11d9911951a8b8ffb222162831e87077cac7,repo_file_state,projectStateDb (sync-project -> syncVersionControlState),versionControlLedger,Rebuilt from git ls-files + git status on each projectStateDb run
preview/ci-artifacts/latest/pm-realm-policy.json,1,M,1,23230,44d9622456ef2ac01ed9327bc8799feaccbb199d5e8b096bec7e97b49dd4b3bf,repo_file_state,projectStateDb (sync-project -> syncVersionControlState),versionControlLedger,Rebuilt from git ls-files + git status on each projectStateDb run
preview/ci-artifacts/latest/pm-realm.sqlite,1,M,1,24350720,2983513517f436c0c0caa016726b551d5570cc5c445be41a555eb31bbee0e903,repo_file_state,projectStateDb (sync-project -> syncVersionControlState),versionControlLedger,Rebuilt from git ls-files + git status on each projectStateDb run
preview/ci-artifacts/latest/policy-governance-events.csv,1,,1,2102,bd6182cfc9a620f51f17b96e1565a3ea42650ab0f5fe1f99fb41730f0ffdf132,repo_file_state,projectStateDb (sync-project -> syncVersionControlState),versionControlLedger,Rebuilt from git ls-files + git status on each projectStateDb run
preview/ci-artifacts/latest/policy-governance-events.xlsx,1,,1,4517,f366429098a47b9bde9a54f8704548905d6c5e43f209cdd10e55241715eaebca,repo_file_state,projectStateDb (sync-project -> syncVersionControlState),versionControlLedger,Rebuilt from git ls-files + git status on each projectStateDb run
preview/ci-artifacts/latest/policy-rule-tables.sql,1,,1,25325,8fe5937e646c0318f12ac9011727b7cf7185e3daf300235dff2002d1e69c9f2b,repo_file_state,projectStateDb (sync-project -> syncVersionControlState),versionControlLedger,Rebuilt from git ls-files + git status on each projectStateDb run
preview/ci-artifacts/latest/policy-rules-lint.json,1,M,1,487,914ae4d5bd41286f5ef677456a75665e9329537ae5aa378aba2fabe1fd0a000c,repo_file_state,projectStateDb (sync-project -> syncVersionControlState),versionControlLedger,Rebuilt from git ls-files + git status on each projectStateDb run
preview/ci-artifacts/latest/policy-rules.json,1,M,1,28246,17a404e4b3274353787c11ff08724afa1da8f392bfb94767f06f6117cc80d780,repo_file_state,projectStateDb (sync-project -> syncVersionControlState),versionControlLedger,Rebuilt from git ls-files + git status on each projectStateDb run
preview/ci-artifacts/latest/presentation-ref-lint.json,1,M,1,398,b51f3e5ef1d64a6da741e44d847d4ecbb63eb46032f53de8ac61687441bf7c22,repo_file_state,projectStateDb (sync-project -> syncVersionControlState),versionControlLedger,Rebuilt from git ls-files + git status on each projectStateDb run
preview/ci-artifacts/latest/project-plan-next-step.json,1,M,1,5064,5d84acaace8d7cbbcd8745eb6e7f0ff4aa072db18f4b8999dd73328b52785a9a,repo_file_state,projectStateDb (sync-project -> syncVersionControlState),versionControlLedger,Rebuilt from git ls-files + git status on each projectStateDb run
preview/ci-artifacts/latest/project-plan-progress-data.json,1,M,1,17363,3e93f73114a6ece658355dc520e3869be60d812eeafe07eca8d03ecdbd1ac670,repo_file_state,projectStateDb (sync-project -> syncVersionControlState),versionControlLedger,Rebuilt from git ls-files + git status on each projectStateDb run
preview/ci-artifacts/latest/project-plan-progress.csv,1,M,1,11101,b477845a47c41d827aaa440b2fa73f9bb20d22388c5dc58e7c9888213a8d2489,repo_file_state,projectStateDb (sync-project -> syncVersionControlState),versionControlLedger,Rebuilt from git ls-files + git status on each projectStateDb run
preview/ci-artifacts/latest/project-plan-progress.xlsx,1,M,1,15480,6dc1f3cca5d90376746e8b0ba8814058a09744bf37b96f2695750644439ae186,repo_file_state,projectStateDb (sync-project -> syncVersionControlState),versionControlLedger,Rebuilt from git ls-files + git status on each projectStateDb run
preview/ci-artifacts/latest/project-plan.md,1,M,1,8627,1fe5e79e9abb0e253fe69767e2a59e9f7feb20319b3c6720e4b6b62a7841f862,repo_file_state,projectStateDb (sync-project -> syncVersionControlState),versionControlLedger,Rebuilt from git ls-files + git status on each projectStateDb run
preview/ci-artifacts/latest/project-state.sqlite,1,M,1,565248,7195801a189434fe8a855993da00f90ad7d840cfc24e027888c84276c1d695fd,repo_file_state,projectStateDb (sync-project -> syncVersionControlState),versionControlLedger,Rebuilt from git ls-files + git status on each projectStateDb run
preview/ci-artifacts/latest/realm-knowledge-link-gate.json,1,M,1,838,ac33f6b8efcf1bd16b6d12835b96453f367ee0b544d530b62fed1f5f656f12ad,repo_file_state,projectStateDb (sync-project -> syncVersionControlState),versionControlLedger,Rebuilt from git ls-files + git status on each projectStateDb run
preview/ci-artifacts/latest/realm-knowledge-sync.json,1,M,1,1077,9baee388d621b6c2f71fb8d4b9ad4817192b759f4db4b3460cfbf4385cce6a44,repo_file_state,projectStateDb (sync-project -> syncVersionControlState),versionControlLedger,Rebuilt from git ls-files + git status on each projectStateDb run
preview/ci-artifacts/latest/realm-policy-diff.json,1,M,1,660,ca229655bf8f921efa4f61d733f4b7d854a5f7c0e6694c2ce848ce63426b8d99,repo_file_state,projectStateDb (sync-project -> syncVersionControlState),versionControlLedger,Rebuilt from git ls-files + git status on each projectStateDb run
preview/ci-artifacts/latest/realm-policy-snapshot.json,1,M,1,79566,8c0de304a2d0f56bb046fb17a5622bdb17948b62bb50ae86326aab7680652bb7,repo_file_state,projectStateDb (sync-project -> syncVersionControlState),versionControlLedger,Rebuilt from git ls-files + git status on each projectStateDb run
preview/ci-artifacts/latest/realm-policy-sync.json,1,M,1,456,8ee3b68d169f6709e0bccd0a537e88a54c893337aca7ffc6a9b297eddc18e058,repo_file_state,projectStateDb (sync-project -> syncVersionControlState),versionControlLedger,Rebuilt from git ls-files + git status on each projectStateDb run
preview/ci-artifacts/latest/reasoning-derived.sqlite,1,M,1,24576,04cb04413d0270a412ca0c0fd38e7b8d6a9e116dfa7c8d6a01b9a03b6e8d840b,repo_file_state,projectStateDb (sync-project -> syncVersionControlState),versionControlLedger,Rebuilt from git ls-files + git status on each projectStateDb run
preview/ci-artifacts/latest/reasoning-drive.json,1,M,1,3507,62fcc10bbd3d1cbe4949c84ab94157a2dba56cd15e344b9a23e434d7364c723b,repo_file_state,projectStateDb (sync-project -> syncVersionControlState),versionControlLedger,Rebuilt from git ls-files + git status on each projectStateDb run
preview/ci-artifacts/latest/reasoning-experience.sqlite,1,M,1,28672,1544a57290d3696812493464f774d344328e6fad472efc45c901835f0217b1bc,repo_file_state,projectStateDb (sync-project -> syncVersionControlState),versionControlLedger,Rebuilt from git ls-files + git status on each projectStateDb run
preview/ci-artifacts/latest/remanifest-drill.json,1,,1,494,6e567003b10198e8b1a6825a13d0eb5b5a132f4de9797fc2741a52f6d8fd5b13,repo_file_state,projectStateDb (sync-project -> syncVersionControlState),versionControlLedger,Rebuilt from git ls-files + git status on each projectStateDb run
preview/ci-artifacts/latest/repo-file-inventory-with-context.csv,1,M,1,255284,ab153a194cd6babba6e75ba14f1c2c7d613b075bf55c97b0e11250d3079a01c8,repo_file_state,projectStateDb (sync-project -> syncVersionControlState),versionControlLedger,Rebuilt from git ls-files + git status on each projectStateDb run
preview/ci-artifacts/latest/sql-authority-application.json,1,M,1,226,334a1c0fcb66cdb2812dc161ed4fd3561deae2a47f85ae16cbfcbe56a1545a3f,repo_file_state,projectStateDb (sync-project -> syncVersionControlState),versionControlLedger,Rebuilt from git ls-files + git status on each projectStateDb run
preview/ci-artifacts/latest/sql-authority-boilerplate.json,1,M,1,227,a1e65480124bbb670f5bdc22e64ce97fc9ba926f2615f3e6b42e489cb142cab1,repo_file_state,projectStateDb (sync-project -> syncVersionControlState),versionControlLedger,Rebuilt from git ls-files + git status on each projectStateDb run
preview/ci-artifacts/latest/sql-authority-pm.json,1,M,1,218,8704883cff721d417cfd8ebaf3a2171fb5d9a82cb9bdfdbb5b24890605ba5e02,repo_file_state,projectStateDb (sync-project -> syncVersionControlState),versionControlLedger,Rebuilt from git ls-files + git status on each projectStateDb run
preview/ci-artifacts/latest/sql-coverage-application.json,1,M,1,328,0c6e22e1b00e3d83d75ba81585a9c8c485f50c468fd6ab70e570e2b805938fd7,repo_file_state,projectStateDb (sync-project -> syncVersionControlState),versionControlLedger,Rebuilt from git ls-files + git status on each projectStateDb run
preview/ci-artifacts/latest/sql-coverage-boilerplate.json,1,M,1,330,3b363294915e69f238e2ab61dc501dfb2aaa01947d32c5e7a676a812533254a0,repo_file_state,projectStateDb (sync-project -> syncVersionControlState),versionControlLedger,Rebuilt from git ls-files + git status on each projectStateDb run
preview/ci-artifacts/latest/sql-coverage-pm.json,1,M,1,321,81a20381cb33501d6bda7613f5db33481e59b847c12a8623ee644ee8bf71dc7c,repo_file_state,projectStateDb (sync-project -> syncVersionControlState),versionControlLedger,Rebuilt from git ls-files + git status on each projectStateDb run
preview/ci-artifacts/latest/sql-reconstruction-application.json,1,M,1,227,8d8eee12bf8e7e4029e154715fe2a521c6915807a57e1e7a62fdc4b0ab49bc14,repo_file_state,projectStateDb (sync-project -> syncVersionControlState),versionControlLedger,Rebuilt from git ls-files + git status on each projectStateDb run
preview/ci-artifacts/latest/sql-reconstruction-boilerplate.json,1,M,1,227,eeaada9fbb7ceddfa35fafdf5685ae718ce394e4b0d062407dc1668bea670218,repo_file_state,projectStateDb (sync-project -> syncVersionControlState),versionControlLedger,Rebuilt from git ls-files + git status on each projectStateDb run
preview/ci-artifacts/latest/sql-reconstruction-pm.json,1,M,1,218,455051f10ba5ae683ddf47aa1471bd78ff9805637a38c295bf288ac2d8f5c18b,repo_file_state,projectStateDb (sync-project -> syncVersionControlState),versionControlLedger,Rebuilt from git ls-files + git status on each projectStateDb run
preview/ci-artifacts/latest/version-control-ledger.json,1,M,1,236756,d55eed06fb89003fd3c17a8e66a2d41b7d7234bfb4d5c22ec598974840f2cee8,repo_file_state,projectStateDb (sync-project -> syncVersionControlState),versionControlLedger,Rebuilt from git ls-files + git status on each projectStateDb run
preview/ci-artifacts/latest/version.json,1,M,1,208,55f37b24395492885f3f61ce9effddef8d104c6d7a338feacd64f1869aadb6a4,repo_file_state,projectStateDb (sync-project -> syncVersionControlState),versionControlLedger,Rebuilt from git ls-files + git status on each projectStateDb run
preview/ci-artifacts/latest/workbook-refresh-status.json,1,,1,96,da893a9d602c4b0508338ba3e4d68b59fdd719129a918860fea05098d8091968,repo_file_state,projectStateDb (sync-project -> syncVersionControlState),versionControlLedger,Rebuilt from git ls-files + git status on each projectStateDb run
preview/fidelity-report.json,1,,1,2384,814e3f5ed0f58f5f5b0130e4f915656b877aaa38e31f27e41d13d535ad48820e,repo_file_state,projectStateDb (sync-project -> syncVersionControlState),versionControlLedger,Rebuilt from git ls-files + git status on each projectStateDb run
preview/ibm-output.html,1,,1,4820,95dd15248ddb72e4f994073ddccd1c6991219cb28f9c05957f8a28610d9aefdd,repo_file_state,projectStateDb (sync-project -> syncVersionControlState),versionControlLedger,Rebuilt from git ls-files + git status on each projectStateDb run
preview/ibm-output.pdf,1,,1,30009,51b8b17a229a690fff1ac252a5756e0b0f05958210920cfca1d4dd4431d2e7ed,repo_file_state,projectStateDb (sync-project -> syncVersionControlState),versionControlLedger,Rebuilt from git ls-files + git status on each projectStateDb run
product/,0,??,1,192,,repo_file_state,projectStateDb (sync-project -> syncVersionControlState),versionControlLedger,Rebuilt from git ls-files + git status on each projectStateDb run
sampleData/image-heavy.afp,1,,1,826,ba58ab856de5c92ea28b854470468b8fd600901396f6f3ee2e06fb4f0cb280fd,repo_file_state,projectStateDb (sync-project -> syncVersionControlState),versionControlLedger,Rebuilt from git ls-files + git status on each projectStateDb run
sampleData/sample.afp,1,,1,12784,553a336db9283ebbf85092320b68c060aacdbea4138fa720810f09431f86b73a,repo_file_state,projectStateDb (sync-project -> syncVersionControlState),versionControlLedger,Rebuilt from git ls-files + git status on each projectStateDb run
sampleOutput/image-heavy.pdf,1,,1,3591,85af77367093207e01dc2f4e2eee9569b29e37038c67f441d0d5608e046bb362,repo_file_state,projectStateDb (sync-project -> syncVersionControlState),versionControlLedger,Rebuilt from git ls-files + git status on each projectStateDb run
sampleOutput/sample.html,1,,1,4820,95dd15248ddb72e4f994073ddccd1c6991219cb28f9c05957f8a28610d9aefdd,repo_file_state,projectStateDb (sync-project -> syncVersionControlState),versionControlLedger,Rebuilt from git ls-files + git status on each projectStateDb run
sampleOutput/sample.pdf,1,,1,30009,51b8b17a229a690fff1ac252a5756e0b0f05958210920cfca1d4dd4431d2e7ed,repo_file_state,projectStateDb (sync-project -> syncVersionControlState),versionControlLedger,Rebuilt from git ls-files + git status on each projectStateDb run
settings.gradle,1,M,1,411,d86ce6066d9bb15aa98aba7b025487f1f7afae0c8038048cf5e6d3e3c943ed33,repo_file_state,projectStateDb (sync-project -> syncVersionControlState),versionControlLedger,Rebuilt from git ls-files + git status on each projectStateDb run
tools/WorkbookUpdater.bas,1,,1,20889,c642b5542ded981e16d4ee8c016eefd64972ab7abe4f46a59bd988a18d9a4747,repo_file_state,projectStateDb (sync-project -> syncVersionControlState),versionControlLedger,Rebuilt from git ls-files + git status on each projectStateDb run
tools/action_decision_suggestions.py,1,,1,3368,671597703e6cfd921c4ed3678dbcde43b75519a552c9ba13f6654f689b09e47b,repo_file_state,projectStateDb (sync-project -> syncVersionControlState),versionControlLedger,Rebuilt from git ls-files + git status on each projectStateDb run
tools/action_owner_summary.py,1,,1,2054,a74e9a34ff9053dbca6cfd40d1ce5b594c0fc76605ed81c0e261edbe8ea4b199,repo_file_state,projectStateDb (sync-project -> syncVersionControlState),versionControlLedger,Rebuilt from git ls-files + git status on each projectStateDb run
tools/action_sla_trend.py,1,,1,2739,30d1836695b541be0fc4bff5067af23b1ff13f9429445cecb40ee60be7233d22,repo_file_state,projectStateDb (sync-project -> syncVersionControlState),versionControlLedger,Rebuilt from git ls-files + git status on each projectStateDb run
tools/check_action_ingest_strict.py,1,,1,2196,d90beb6eb1dce0689b25f8de14e0a488cb22982864668a45a7d796b170f67612,repo_file_state,projectStateDb (sync-project -> syncVersionControlState),versionControlLedger,Rebuilt from git ls-files + git status on each projectStateDb run
tools/check_critical_db_hashes.sh,1,,1,1635,49bd3bdec54f03c787d22eb9626281985459747b4c3b8670dcc1b3bcffd6b546,repo_file_state,projectStateDb (sync-project -> syncVersionControlState),versionControlLedger,Rebuilt from git ls-files + git status on each projectStateDb run
tools/environment_dashboard_report.py,1,,1,2314,cf6e4c62e7cece7644f67a01ae768bea3d4d6258a5de6487126f84355678e044,repo_file_state,projectStateDb (sync-project -> syncVersionControlState),versionControlLedger,Rebuilt from git ls-files + git status on each projectStateDb run
tools/environment_health_check.py,1,M,1,10356,dae3310dc6de1a5c4443c4b9b447aaaf8dab901570ff1f2cbe65b2dbab30b67e,repo_file_state,projectStateDb (sync-project -> syncVersionControlState),versionControlLedger,Rebuilt from git ls-files + git status on each projectStateDb run
tools/export_boilerplate_package.sh,1,,1,774,90953c47064fbd81678196d3ce74354861833872556b53aef53346275755f084,repo_file_state,projectStateDb (sync-project -> syncVersionControlState),versionControlLedger,Rebuilt from git ls-files + git status on each projectStateDb run
tools/export_project_plan_progress_json.py,1,,1,2000,0d6a05bf144fbe6bb82031b0840f18dbd4af898bb8d7c5531f1eeef3307292df,repo_file_state,projectStateDb (sync-project -> syncVersionControlState),versionControlLedger,Rebuilt from git ls-files + git status on each projectStateDb run
tools/fake-afp-engine.ps1,1,,1,3119,3f36ffd92760e942f5b1819ca99a53c1c9c6236eb809c778bccdba2549d97417,repo_file_state,projectStateDb (sync-project -> syncVersionControlState),versionControlLedger,Rebuilt from git ls-files + git status on each projectStateDb run
tools/fake-afp-engine.sh,1,,1,2219,170a1abb14151ec3c16441df7b565342fb412488a5f807fae84e25004c54b70b,repo_file_state,projectStateDb (sync-project -> syncVersionControlState),versionControlLedger,Rebuilt from git ls-files + git status on each projectStateDb run
tools/git-hooks/pre-commit,1,,1,287,6c4ebc33e8797c1cb8218e1816634419dce8dfc8c3d2072513673fc4a2598c6f,repo_file_state,projectStateDb (sync-project -> syncVersionControlState),versionControlLedger,Rebuilt from git ls-files + git status on each projectStateDb run
tools/init_update_package.sh,1,,1,1078,c9812c3ae85ae0b77866d1d25334497d6ea4615990779d56b7d2cec6938712a3,repo_file_state,projectStateDb (sync-project -> syncVersionControlState),versionControlLedger,Rebuilt from git ls-files + git status on each projectStateDb run
tools/install_git_hooks.sh,1,,1,460,9b1db4139fb2a2bcb1506045c9049d51d79943d5ec3bd7edb5deaa66625d5c0f,repo_file_state,projectStateDb (sync-project -> syncVersionControlState),versionControlLedger,Rebuilt from git ls-files + git status on each projectStateDb run
tools/issues_effectiveness_report.py,1,,1,4759,6d61de78ab21a300e394a93906f1e7efff7f8b985e576a8a165428c0a1842ea3,repo_file_state,projectStateDb (sync-project -> syncVersionControlState),versionControlLedger,Rebuilt from git ls-files + git status on each projectStateDb run
tools/issues_log_tickle.py,1,,1,3881,fdb93bc1d2c66a9b67c75d4af787af39a067e47bd83c4f19d89d0cf882562e4a,repo_file_state,projectStateDb (sync-project -> syncVersionControlState),versionControlLedger,Rebuilt from git ls-files + git status on each projectStateDb run
tools/lint_environment_policy_defaults.py,1,,1,1354,bc2c52d327db4fa423636988aa468544c23a76e5987d88fb913a6a4794de935f,repo_file_state,projectStateDb (sync-project -> syncVersionControlState),versionControlLedger,Rebuilt from git ls-files + git status on each projectStateDb run
tools/manifest_from_sql.py,1,,1,1609,3405abb7a0d041e5c98a08ab6cf070e54766b12b8bb5e5104295e1cde19ce4e2,repo_file_state,projectStateDb (sync-project -> syncVersionControlState),versionControlLedger,Rebuilt from git ls-files + git status on each projectStateDb run
tools/manifest_from_sql.sh,1,,1,115,30172866465791be5e9fcd00164e5c7fe564e7dd0fc8e98ab00cf31bfd7b3060,repo_file_state,projectStateDb (sync-project -> syncVersionControlState),versionControlLedger,Rebuilt from git ls-files + git status on each projectStateDb run
tools/minimal_snapshot.sh,1,,1,1108,a50701be2fc4c3f37363ae2fc9300e7d953d4cf12180388c635aa153ccc1c93c,repo_file_state,projectStateDb (sync-project -> syncVersionControlState),versionControlLedger,Rebuilt from git ls-files + git status on each projectStateDb run
tools/minimal_snapshot_guard.sh,1,,1,596,177333d028bcd8aa54eb672cdb4dc359b7adb786426df5ec17fea02d143a54de,repo_file_state,projectStateDb (sync-project -> syncVersionControlState),versionControlLedger,Rebuilt from git ls-files + git status on each projectStateDb run
tools/pm_console_cleanup.py,1,,1,5271,995482c001e54f08afdd5e926992200927d347331e12aeb3cd556c63f895fd9a,repo_file_state,projectStateDb (sync-project -> syncVersionControlState),versionControlLedger,Rebuilt from git ls-files + git status on each projectStateDb run
tools/pm_console_live_daemon.sh,1,,1,2028,5042396361742cd26c2ef5526bc677875098b230d314d6fe9d74d427bf97b976,repo_file_state,projectStateDb (sync-project -> syncVersionControlState),versionControlLedger,Rebuilt from git ls-files + git status on each projectStateDb run
tools/pm_workflow.py,1,,1,4813,c9a8b5e1105fd7b4157b44809bd15a9c818edc86aa19b9506bcb2baa6d2eb56d,repo_file_state,projectStateDb (sync-project -> syncVersionControlState),versionControlLedger,Rebuilt from git ls-files + git status on each projectStateDb run
tools/presentation_ref_lint.py,1,,1,5282,7b86d47ea0ba707836cc40622f0b805253c1f150f1d8ab8bb091df28a9eef025,repo_file_state,projectStateDb (sync-project -> syncVersionControlState),versionControlLedger,Rebuilt from git ls-files + git status on each projectStateDb run
tools/realm_drift_verify.sh,1,,1,1394,25a3ff67a4f52a10fac035946022416e9e0ec73430d3ef9f0c151925b167a690,repo_file_state,projectStateDb (sync-project -> syncVersionControlState),versionControlLedger,Rebuilt from git ls-files + git status on each projectStateDb run
tools/realm_knowledge_link_gate.py,1,,1,3658,18629e459468a9c05caba4e6b1fc2e91723cf4291d3b0a5ce2b3e286e790fa20,repo_file_state,projectStateDb (sync-project -> syncVersionControlState),versionControlLedger,Rebuilt from git ls-files + git status on each projectStateDb run
tools/realm_knowledge_sync.py,1,,1,9274,d56b2ba96c68315099516badcd095b81fb1f746b9291047e69d737e877001a1d,repo_file_state,projectStateDb (sync-project -> syncVersionControlState),versionControlLedger,Rebuilt from git ls-files + git status on each projectStateDb run
tools/realm_policy_diff.py,1,,1,3361,cf6925d470d60dade48839642bce500546d2c52d1375c5b30433cc19a40795a5,repo_file_state,projectStateDb (sync-project -> syncVersionControlState),versionControlLedger,Rebuilt from git ls-files + git status on each projectStateDb run
tools/realm_policy_sync.py,1,,1,4385,37cb3ce6cc5463ab39aaba7c6055fc8556dd7a00fe9de624144dadc0ee268ea7,repo_file_state,projectStateDb (sync-project -> syncVersionControlState),versionControlLedger,Rebuilt from git ls-files + git status on each projectStateDb run
tools/reasoning_sync.py,1,,1,13278,d542c1ec4e136ad9f87484ac7c69a391d7d1054007150c5afa384e94a2341944,repo_file_state,projectStateDb (sync-project -> syncVersionControlState),versionControlLedger,Rebuilt from git ls-files + git status on each projectStateDb run
tools/recovery_doctor.md,1,,1,1136,96f7231190c14b5856d535ac442f341e79844c5af68a71fd56391eca5e813918,repo_file_state,projectStateDb (sync-project -> syncVersionControlState),versionControlLedger,Rebuilt from git ls-files + git status on each projectStateDb run
tools/recovery_doctor.sh,1,,1,3672,2ab6da103f8d8100374833a90922b4151ce9dae7b522db7e256399ab3d7b723a,repo_file_state,projectStateDb (sync-project -> syncVersionControlState),versionControlLedger,Rebuilt from git ls-files + git status on each projectStateDb run
tools/recovery_quick_check.sh,1,,1,668,bcabdce7f87db44f2ee09928a3ac6668c535f6758a3419648fe52a2ac46453f0,repo_file_state,projectStateDb (sync-project -> syncVersionControlState),versionControlLedger,Rebuilt from git ls-files + git status on each projectStateDb run
tools/remanifest_drill.py,1,,1,5137,4767f40d35049977666ac693b901502b68d5d7a229544a1806bea70bfeceac96,repo_file_state,projectStateDb (sync-project -> syncVersionControlState),versionControlLedger,Rebuilt from git ls-files + git status on each projectStateDb run
tools/restore_binary_artifacts.sh,1,,1,1989,b29a0a1b5d54887064a508cd2e1d4cc42f4d4c6aa15d53f38701fae2b07d8cf3,repo_file_state,projectStateDb (sync-project -> syncVersionControlState),versionControlLedger,Rebuilt from git ls-files + git status on each projectStateDb run
tools/restore_recovery_checkpoint.sh,1,,1,990,06226913da9186de2aaffa162f89944da941d62f534e08eb723fd3377d1a153c,repo_file_state,projectStateDb (sync-project -> syncVersionControlState),versionControlLedger,Rebuilt from git ls-files + git status on each projectStateDb run
tools/rollback_manager.py,1,,1,7448,9ed6a5025ab7925dfd27b76551cec5fbf3e2eccc19c5500e7ad3d8b5524c795c,repo_file_state,projectStateDb (sync-project -> syncVersionControlState),versionControlLedger,Rebuilt from git ls-files + git status on each projectStateDb run
tools/run_excel_workbook_refresh.applescript,1,,1,580,25a5cb93a637a93e718b4b52eb25b8e6acab423a1f8bfb3af761526217bf4977,repo_file_state,projectStateDb (sync-project -> syncVersionControlState),versionControlLedger,Rebuilt from git ls-files + git status on each projectStateDb run
tools/run_excel_workbook_refresh.py,1,,1,4806,5b6a762726ac55db885875b6f2ce740367729beb0fdfb5b468a52f2215492860,repo_file_state,projectStateDb (sync-project -> syncVersionControlState),versionControlLedger,Rebuilt from git ls-files + git status on each projectStateDb run
tools/sql_code_workflow.sh,1,,1,3260,d249a3eabe98807a498e788e634fab0452beab05c8e0e25f8e3a7564c642e2bc,repo_file_state,projectStateDb (sync-project -> syncVersionControlState),versionControlLedger,Rebuilt from git ls-files + git status on each projectStateDb run
tools/sql_drift_summary.py,1,,1,2441,b06dbdc859d9e1bbe1fac0cf7077e958359e2c731a037109b61969f83a4e5b37,repo_file_state,projectStateDb (sync-project -> syncVersionControlState),versionControlLedger,Rebuilt from git ls-files + git status on each projectStateDb run
tools/sql_upsert_text_files.sh,1,,1,828,0019be0e59e98cde53c37c62c4595ba94bcace98cd1455f390c0a57b1f4b15ac,repo_file_state,projectStateDb (sync-project -> syncVersionControlState),versionControlLedger,Rebuilt from git ls-files + git status on each projectStateDb run
tools/tests/test_check_action_ingest_strict.py,1,,1,1542,3b26d902bd80a171341d828f464fe32c2a506c6899a67c97fc2e682a2135f96f,repo_file_state,projectStateDb (sync-project -> syncVersionControlState),versionControlLedger,Rebuilt from git ls-files + git status on each projectStateDb run
tools/tests/test_environment_health_check.py,1,,1,1642,c8d8ab446844ae1d5c076d24db52809f837ffeb405bff74d42753af7bd7b0cbb,repo_file_state,projectStateDb (sync-project -> syncVersionControlState),versionControlLedger,Rebuilt from git ls-files + git status on each projectStateDb run
tools/tests/test_pm_console_cleanup.py,1,,1,1432,c4bcf8f35c3e926f8726eb0d36106008361e3490b4a1b185ff57a4abdfca1900,repo_file_state,projectStateDb (sync-project -> syncVersionControlState),versionControlLedger,Rebuilt from git ls-files + git status on each projectStateDb run
tools/tests/test_pm_environment_ready_chain.py,1,,1,832,a6f7aefb482b2ff6fcd3b141f82d388809c03eb23bf241cde397c7eb71c8d770,repo_file_state,projectStateDb (sync-project -> syncVersionControlState),versionControlLedger,Rebuilt from git ls-files + git status on each projectStateDb run
tools/tests/test_presentation_ref_lint.py,1,,1,3118,aad701e259eb4c01068289e4379c2326f77599798ca3b2101d6f15ada123ada7,repo_file_state,projectStateDb (sync-project -> syncVersionControlState),versionControlLedger,Rebuilt from git ls-files + git status on each projectStateDb run
tools/tests/test_realm_knowledge_link_gate.py,1,,1,2105,6f3a11ac64480bbd4e1dd153d3eec1ec5a2611452e7b96da47cff83ae0d6f690,repo_file_state,projectStateDb (sync-project -> syncVersionControlState),versionControlLedger,Rebuilt from git ls-files + git status on each projectStateDb run
tools/tests/test_realm_policy_diff.py,1,,1,2207,af813c95e0390461dfd92108d49418fa6987f7dbe18d6f00d069ee1d95ce5724,repo_file_state,projectStateDb (sync-project -> syncVersionControlState),versionControlLedger,Rebuilt from git ls-files + git status on each projectStateDb run
tools/tests/test_realm_policy_sync.py,1,,1,3001,f8682cfb573a64ca995003bb930761a6263275b11301e887f67ee93ca603a2e6,repo_file_state,projectStateDb (sync-project -> syncVersionControlState),versionControlLedger,Rebuilt from git ls-files + git status on each projectStateDb run
tools/tests/test_validate_stale_history_report.py,1,,1,1018,66f39a115ff6e0f10c66150e067c8e829422afb16580ebcd54bb894dc4b166eb,repo_file_state,projectStateDb (sync-project -> syncVersionControlState),versionControlLedger,Rebuilt from git ls-files + git status on each projectStateDb run
tools/update_project_plan_workbook.py,1,,1,49008,d97e46ed93d987a9ef52e8a53967c9531762f4fa2cc7a3daea9ca2c1e795b9f4,repo_file_state,projectStateDb (sync-project -> syncVersionControlState),versionControlLedger,Rebuilt from git ls-files + git status on each projectStateDb run
tools/validate_boilerplate_package.sh,1,,1,2019,46f52cc99aadd63c681c59f335c5d33ff482e020179a8f7d8bc47221d25ae15d,repo_file_state,projectStateDb (sync-project -> syncVersionControlState),versionControlLedger,Rebuilt from git ls-files + git status on each projectStateDb run
tools/validate_environment_health_report.py,1,,1,1477,4a1064a1886d36d3e5a752fcbe3e313002692cfb5acde56fcd197ac14397cc2d,repo_file_state,projectStateDb (sync-project -> syncVersionControlState),versionControlLedger,Rebuilt from git ls-files + git status on each projectStateDb run
tools/validate_stale_history_report.py,1,,1,1286,637b6c756ff39611f7e8b3e697c7cc266d32589232349090523cd83ad242a24e,repo_file_state,projectStateDb (sync-project -> syncVersionControlState),versionControlLedger,Rebuilt from git ls-files + git status on each projectStateDb run
tools/versioning.py,1,,1,3244,de3d379787bce83501416e7a3a5bbd73fb9ea9ac731b637b3eacd75ad7738ec9,repo_file_state,projectStateDb (sync-project -> syncVersionControlState),versionControlLedger,Rebuilt from git ls-files + git status on each projectStateDb run
