path,tracked,status_code,exists_on_disk,size_bytes,sha256,source_table,generated_by,reporting_task,maintenance_context
.github/CODEOWNERS,1,,1,251,07b233684c8c4468d3615890eae6d757940dc7d087f2f78da0966c50af786e53,repo_file_state,projectStateDb (sync-project -> syncVersionControlState),versionControlLedger,Rebuilt from git ls-files + git status on each projectStateDb run
.github/ISSUE_TEMPLATE/bug_report.yml,1,,1,1088,7134dd2c5a44268d1bb8c01f6076cc6394a5d07ca987b73aed9bacce76af9ef2,repo_file_state,projectStateDb (sync-project -> syncVersionControlState),versionControlLedger,Rebuilt from git ls-files + git status on each projectStateDb run
.github/ISSUE_TEMPLATE/config.yml,1,,1,242,d37a30db65f2e6d074049d1ce955c6417e88e2ff5e51aa6bcae8b912ff832fee,repo_file_state,projectStateDb (sync-project -> syncVersionControlState),versionControlLedger,Rebuilt from git ls-files + git status on each projectStateDb run
.github/ISSUE_TEMPLATE/feature_request.yml,1,,1,706,4327b00cd9241d69750de1b160c552a5ed9bdadbf218ac1c9fa10eabee6f06e0,repo_file_state,projectStateDb (sync-project -> syncVersionControlState),versionControlLedger,Rebuilt from git ls-files + git status on each projectStateDb run
.github/workflows/ci.yml,1,,1,594,98e16c51ac61f364d210322344f2d76b03345b43f9f0379bb34f242af578efb0,repo_file_state,projectStateDb (sync-project -> syncVersionControlState),versionControlLedger,Rebuilt from git ls-files + git status on each projectStateDb run
.gitignore,1,,1,594,35deceac052823dc25f7ee6f13fd2053ebb27021a228e06b9b32020464a0e759,repo_file_state,projectStateDb (sync-project -> syncVersionControlState),versionControlLedger,Rebuilt from git ls-files + git status on each projectStateDb run
.gradle-home/,0,??,1,288,,repo_file_state,projectStateDb (sync-project -> syncVersionControlState),versionControlLedger,Rebuilt from git ls-files + git status on each projectStateDb run
.idea/.gitignore,1,,1,228,be4cc3de7958b6a973a8c1b41479eed7a40d1bf1a6b9e10402f3e3aead933fd4,repo_file_state,projectStateDb (sync-project -> syncVersionControlState),versionControlLedger,Rebuilt from git ls-files + git status on each projectStateDb run
.idea/gradle.xml,1,M,1,830,d0573a72be98b5c43f1f0eb49f2744f5ca987e83d1ef2c0629dbc0d7049b94f4,repo_file_state,projectStateDb (sync-project -> syncVersionControlState),versionControlLedger,Rebuilt from git ls-files + git status on each projectStateDb run
.idea/misc.xml,1,,1,481,fe12aa4c0e0da45b1d9c81b7718b09e62def4cbd8d38d2458c7ed9e2c600df6d,repo_file_state,projectStateDb (sync-project -> syncVersionControlState),versionControlLedger,Rebuilt from git ls-files + git status on each projectStateDb run
.idea/vcs.xml,1,,1,256,5b4f26b78b8ec69328357c1d667151a572f59c1a9a8cf6080b326d0784ee878e,repo_file_state,projectStateDb (sync-project -> syncVersionControlState),versionControlLedger,Rebuilt from git ls-files + git status on each projectStateDb run
AI-POLICY.md,1,,1,20331,85e084a1b754b66e1cec8a991603f97abdd022f4355f1fe255643e97bb671c92,repo_file_state,projectStateDb (sync-project -> syncVersionControlState),versionControlLedger,Rebuilt from git ls-files + git status on each projectStateDb run
README.md,1,,1,15657,b7e2cdf82425009185a16023ff608734ce953fce0500c4e71d04e662610a7546,repo_file_state,projectStateDb (sync-project -> syncVersionControlState),versionControlLedger,Rebuilt from git ls-files + git status on each projectStateDb run
SESSION_CHANGELOG.md,1,,1,60284,ae528f89b4ffb448d8249da9489f57f393dc19ad9e1a1a106a3fd73263bcf2be,repo_file_state,projectStateDb (sync-project -> syncVersionControlState),versionControlLedger,Rebuilt from git ls-files + git status on each projectStateDb run
VERSION,1,,1,13,214374e4ab6ceb79d5fa5ff001fe9bbcbea31c3fd8c6bd42d48e7efaf6b2ce9f,repo_file_state,projectStateDb (sync-project -> syncVersionControlState),versionControlLedger,Rebuilt from git ls-files + git status on each projectStateDb run
afp-api/build.gradle,1,,1,34,208442ed66a7a17a4f1b6bfb9c660912eb511de0a6e48e17ed10551e6d999d31,repo_file_state,projectStateDb (sync-project -> syncVersionControlState),versionControlLedger,Rebuilt from git ls-files + git status on each projectStateDb run
afp-api/src/main/java/solutions/pointzero/symphony/afp/api/AfpConverter.java,1,,1,738,9efcb28b21d20d56ab6757bd7b248064d56db7078577ed9955225e656e2514d2,repo_file_state,projectStateDb (sync-project -> syncVersionControlState),versionControlLedger,Rebuilt from git ls-files + git status on each projectStateDb run
afp-api/src/main/java/solutions/pointzero/symphony/afp/api/AfpConverterConfig.java,1,,1,2713,20024ed2b3c5e0df228926fef9919b14e7908fdb1c93f92961f0e45ece42d22a,repo_file_state,projectStateDb (sync-project -> syncVersionControlState),versionControlLedger,Rebuilt from git ls-files + git status on each projectStateDb run
afp-api/src/main/java/solutions/pointzero/symphony/afp/api/AfpConverterFactory.java,1,,1,5457,e7ecea19cb0d78573977155d3933ccaec75b8a9d5339aace0cdd04eb6b3fb4c2,repo_file_state,projectStateDb (sync-project -> syncVersionControlState),versionControlLedger,Rebuilt from git ls-files + git status on each projectStateDb run
afp-api/src/main/java/solutions/pointzero/symphony/afp/api/CancellationToken.java,1,,1,284,8c621468d97c5fa5afec91bfab2e1db02c637084b78945dd6e9c5afc2fac22fe,repo_file_state,projectStateDb (sync-project -> syncVersionControlState),versionControlLedger,Rebuilt from git ls-files + git status on each projectStateDb run
afp-api/src/main/java/solutions/pointzero/symphony/afp/api/ConfigurationException.java,1,,1,358,fed01e17bcd7cec83b6cfec650ca8fb83c02db43361b508ba6dde59183df01a8,repo_file_state,projectStateDb (sync-project -> syncVersionControlState),versionControlLedger,Rebuilt from git ls-files + git status on each projectStateDb run
afp-api/src/main/java/solutions/pointzero/symphony/afp/api/ConversionException.java,1,,1,563,00f652854acc28084bc555effca2aec17863b0071475dce616746baacd0e2934,repo_file_state,projectStateDb (sync-project -> syncVersionControlState),versionControlLedger,Rebuilt from git ls-files + git status on each projectStateDb run
afp-api/src/main/java/solutions/pointzero/symphony/afp/api/ConversionOptions.java,1,,1,3912,7d9419013d440ec994b68aec9d09dc57b37c575bf6a9b22b8ec083ba0c29fb12,repo_file_state,projectStateDb (sync-project -> syncVersionControlState),versionControlLedger,Rebuilt from git ls-files + git status on each projectStateDb run
afp-api/src/main/java/solutions/pointzero/symphony/afp/api/ConversionRequest.java,1,,1,2253,12b0035b5076b46177f07b68e01f1aa5985fca688661f54f3f69874c996415c1,repo_file_state,projectStateDb (sync-project -> syncVersionControlState),versionControlLedger,Rebuilt from git ls-files + git status on each projectStateDb run
afp-api/src/main/java/solutions/pointzero/symphony/afp/api/ConversionResult.java,1,,1,1714,9e2ee7536a55645219ff2945f6f1717e139932fe8152bfb836321492d9a93fe3,repo_file_state,projectStateDb (sync-project -> syncVersionControlState),versionControlLedger,Rebuilt from git ls-files + git status on each projectStateDb run
afp-api/src/main/java/solutions/pointzero/symphony/afp/api/ConversionWarning.java,1,,1,310,6754512c2ae6099e4939fe54c2ae8fdc90d9c3b431e7a5bc912ac67cd8e57925,repo_file_state,projectStateDb (sync-project -> syncVersionControlState),versionControlLedger,Rebuilt from git ls-files + git status on each projectStateDb run
afp-api/src/main/java/solutions/pointzero/symphony/afp/api/DiagnosticsPolicy.java,1,,1,384,f1206d8c535be35897ae6ae7057a733b8fb2853fd5bff8440629ba8e852e0031,repo_file_state,projectStateDb (sync-project -> syncVersionControlState),versionControlLedger,Rebuilt from git ls-files + git status on each projectStateDb run
afp-api/src/main/java/solutions/pointzero/symphony/afp/api/FontPolicy.java,1,,1,256,ee310bbef353dc037c318fa2ecc67b539b0c18c594a923380649eba8e29706bd,repo_file_state,projectStateDb (sync-project -> syncVersionControlState),versionControlLedger,Rebuilt from git ls-files + git status on each projectStateDb run
afp-api/src/main/java/solutions/pointzero/symphony/afp/api/GeometryPolicy.java,1,,1,268,5f6ed64bee33a9532740c9bd10d5d4db2891cc9ebe8e790a6bc24c6c06c508c6,repo_file_state,projectStateDb (sync-project -> syncVersionControlState),versionControlLedger,Rebuilt from git ls-files + git status on each projectStateDb run
afp-api/src/main/java/solutions/pointzero/symphony/afp/api/Limits.java,1,,1,731,4afadaed12f80b3ac6a8946a9fd1d6e7a8d748ccfb7242f73efc29eae8070717,repo_file_state,projectStateDb (sync-project -> syncVersionControlState),versionControlLedger,Rebuilt from git ls-files + git status on each projectStateDb run
afp-api/src/main/java/solutions/pointzero/symphony/afp/api/MetadataPolicy.java,1,,1,268,d58165ec69efd592953dcbe15e990f132fae22e18da07cc66e68514fb6b1e227,repo_file_state,projectStateDb (sync-project -> syncVersionControlState),versionControlLedger,Rebuilt from git ls-files + git status on each projectStateDb run
afp-api/src/main/java/solutions/pointzero/symphony/afp/api/RenderPolicy.java,1,,1,900,6481ee5624a7805597c3d34ea46d1b27c2104aaaff807187f07d3811e25b84f2,repo_file_state,projectStateDb (sync-project -> syncVersionControlState),versionControlLedger,Rebuilt from git ls-files + git status on each projectStateDb run
afp-api/src/main/java/solutions/pointzero/symphony/afp/api/ResourceContext.java,1,,1,1716,9020acba0ad5785b8d377eafd1d42c4e58d62591093d5e868ad4fbcf902340a2,repo_file_state,projectStateDb (sync-project -> syncVersionControlState),versionControlLedger,Rebuilt from git ls-files + git status on each projectStateDb run
afp-api/src/main/java/solutions/pointzero/symphony/afp/api/Severity.java,1,,1,270,c5d452aded55fde44e7b382df60f37bdf872afcb4a2f842ad40992b499e05515,repo_file_state,projectStateDb (sync-project -> syncVersionControlState),versionControlLedger,Rebuilt from git ls-files + git status on each projectStateDb run
afp-api/src/main/java/solutions/pointzero/symphony/afp/api/TextFallback.java,1,,1,379,0409c043767b3b0a6e6a3b20ad01ba1bdf745b8530daec1d48038cb42e1ee605,repo_file_state,projectStateDb (sync-project -> syncVersionControlState),versionControlLedger,Rebuilt from git ls-files + git status on each projectStateDb run
afp-api/src/main/java/solutions/pointzero/symphony/afp/api/TextPolicy.java,1,,1,419,2611e79fb498b4d2dfc1de8de64e559c619a159161e80ee79fa42d5ba9437c6a,repo_file_state,projectStateDb (sync-project -> syncVersionControlState),versionControlLedger,Rebuilt from git ls-files + git status on each projectStateDb run
afp-cli/build.gradle,1,,1,1926,18f508fe3c915f16b32c6a70d7aefd06e59d06e8fa80928c57c2cf1a036939cb,repo_file_state,projectStateDb (sync-project -> syncVersionControlState),versionControlLedger,Rebuilt from git ls-files + git status on each projectStateDb run
afp-cli/src/main/java/solutions/pointzero/symphony/afp/cli/Afp2PdfMain.java,1,,1,7361,e503eddb6d8a97690f92eca8195ab4985b9e84773ba6184544541a03c2d919de,repo_file_state,projectStateDb (sync-project -> syncVersionControlState),versionControlLedger,Rebuilt from git ls-files + git status on each projectStateDb run
afp-engine/build.gradle,1,,1,2229,743e4fea5ce22dba81a42f728316e1b7fbe57f2f84356190fb14fe0d7a697e6b,repo_file_state,projectStateDb (sync-project -> syncVersionControlState),versionControlLedger,Rebuilt from git ls-files + git status on each projectStateDb run
afp-engine/src/main/java/solutions/pointzero/symphony/afp/engine/AfpCodePageProfile.java,1,,1,559,b0c8f29b69e4967d031ab3bda0d033ce210d4b76486ee3b7991b17bebf5de359,repo_file_state,projectStateDb (sync-project -> syncVersionControlState),versionControlLedger,Rebuilt from git ls-files + git status on each projectStateDb run
afp-engine/src/main/java/solutions/pointzero/symphony/afp/engine/AfpCodePageResolver.java,1,,1,7646,61abae9ad8f4f9613fcef5e4fd0c7eabbe73b244613cd1c3d530fe204d3d6fcd,repo_file_state,projectStateDb (sync-project -> syncVersionControlState),versionControlLedger,Rebuilt from git ls-files + git status on each projectStateDb run
afp-engine/src/main/java/solutions/pointzero/symphony/afp/engine/AfpDocumentLayout.java,1,,1,436,607d27eddc59c21781180569b72bd699927d684b58989162b6024797431adc2a,repo_file_state,projectStateDb (sync-project -> syncVersionControlState),versionControlLedger,Rebuilt from git ls-files + git status on each projectStateDb run
afp-engine/src/main/java/solutions/pointzero/symphony/afp/engine/AfpEngineAdapter.java,1,,1,316,2eef427b630c6248bb054f2eda9117dd7d77d19bb7cd25758f05aa47c22f92e2,repo_file_state,projectStateDb (sync-project -> syncVersionControlState),versionControlLedger,Rebuilt from git ls-files + git status on each projectStateDb run
afp-engine/src/main/java/solutions/pointzero/symphony/afp/engine/AfpHtmlRenderer.java,1,,1,3468,10f97246a56f02f85e5ac6c650d2d04f9ca1427a12d40b5cc262fbc5cffa53c9,repo_file_state,projectStateDb (sync-project -> syncVersionControlState),versionControlLedger,Rebuilt from git ls-files + git status on each projectStateDb run
afp-engine/src/main/java/solutions/pointzero/symphony/afp/engine/AfpInterpretation.java,1,,1,768,1ed8443af4985891ee2fe56d6f84422161158909ccfd814d5ecb0a7097bc737d,repo_file_state,projectStateDb (sync-project -> syncVersionControlState),versionControlLedger,Rebuilt from git ls-files + git status on each projectStateDb run
afp-engine/src/main/java/solutions/pointzero/symphony/afp/engine/AfpInterpreter.java,1,,1,7283,acbb8c150d5a241aeced82746f594257a7dc92640464ee9eef2a144df9bf491e,repo_file_state,projectStateDb (sync-project -> syncVersionControlState),versionControlLedger,Rebuilt from git ls-files + git status on each projectStateDb run
afp-engine/src/main/java/solutions/pointzero/symphony/afp/engine/AfpLayoutInterpreter.java,1,,1,5496,8044de24d3bf8c26fe5a04e154d94cc49a12ee9d265f716a7a9fd34d2d02b044,repo_file_state,projectStateDb (sync-project -> syncVersionControlState),versionControlLedger,Rebuilt from git ls-files + git status on each projectStateDb run
afp-engine/src/main/java/solutions/pointzero/symphony/afp/engine/AfpNativePdfRenderer.java,1,M,1,156042,599eeee239c7d7a91dad49af01eabb91ef74eda00d4a0bb3feba24970d6cdda5,repo_file_state,projectStateDb (sync-project -> syncVersionControlState),versionControlLedger,Rebuilt from git ls-files + git status on each projectStateDb run
afp-engine/src/main/java/solutions/pointzero/symphony/afp/engine/AfpOptionRow.java,1,,1,123,c25c6dc9ed05a862b4bc53063e50721dcd35156ac19da0615ed744e6c6389e64,repo_file_state,projectStateDb (sync-project -> syncVersionControlState),versionControlLedger,Rebuilt from git ls-files + git status on each projectStateDb run
afp-engine/src/main/java/solutions/pointzero/symphony/afp/engine/AfpParseResult.java,1,,1,287,ba95b321cfb729e47b0e25b870f5085166f0c4d8e555790165b5da69d553686b,repo_file_state,projectStateDb (sync-project -> syncVersionControlState),versionControlLedger,Rebuilt from git ls-files + git status on each projectStateDb run
afp-engine/src/main/java/solutions/pointzero/symphony/afp/engine/AfpPrintCentricTraceEngine.java,1,,1,16223,a91d2c5f8f8c1520429e84e2a780215a79ca8705092a39b416c2cafeaa22d203,repo_file_state,projectStateDb (sync-project -> syncVersionControlState),versionControlLedger,Rebuilt from git ls-files + git status on each projectStateDb run
afp-engine/src/main/java/solutions/pointzero/symphony/afp/engine/AfpSemantics.java,1,,1,980,2d2e4deff2e84c83965f6939f5b5ef58b98854158af1b0be672aebafca502a15,repo_file_state,projectStateDb (sync-project -> syncVersionControlState),versionControlLedger,Rebuilt from git ls-files + git status on each projectStateDb run
afp-engine/src/main/java/solutions/pointzero/symphony/afp/engine/AfpStructuredField.java,1,,1,604,a30092045e7730608da4e680d2b80a868e8ac05d11fbec7af779703f5675fc8a,repo_file_state,projectStateDb (sync-project -> syncVersionControlState),versionControlLedger,Rebuilt from git ls-files + git status on each projectStateDb run
afp-engine/src/main/java/solutions/pointzero/symphony/afp/engine/AfpStructuredFieldParser.java,1,,1,2620,eaccc425aad82867dca253f16f83575101ffbf2bf9c53212481179919294af05,repo_file_state,projectStateDb (sync-project -> syncVersionControlState),versionControlLedger,Rebuilt from git ls-files + git status on each projectStateDb run
afp-engine/src/main/java/solutions/pointzero/symphony/afp/engine/AfpTextDecoders.java,1,,1,10921,324cbfcb3f10f1d26be4270de4a36d5421760ba95194366ad4b5d06d9f924a05,repo_file_state,projectStateDb (sync-project -> syncVersionControlState),versionControlLedger,Rebuilt from git ls-files + git status on each projectStateDb run
afp-engine/src/main/java/solutions/pointzero/symphony/afp/engine/AfplibSemanticPass.java,1,,1,6720,66333d661c379a25f047dafeaced3d3aec195bc81e55b5b88b7bf9fced67dde9,repo_file_state,projectStateDb (sync-project -> syncVersionControlState),versionControlLedger,Rebuilt from git ls-files + git status on each projectStateDb run
afp-engine/src/main/java/solutions/pointzero/symphony/afp/engine/CliAfpEngineAdapter.java,1,,1,4530,b070a0a8db69dc0d037fb5f6046242d15ebc0324ab03fa72d0aab99540786130,repo_file_state,projectStateDb (sync-project -> syncVersionControlState),versionControlLedger,Rebuilt from git ls-files + git status on each projectStateDb run
afp-engine/src/main/java/solutions/pointzero/symphony/afp/engine/DefaultAfpConverter.java,1,,1,12864,b357afc47cb1b98763063082b24ab6dd34a1ddf1089723e35b0c55cfed336110,repo_file_state,projectStateDb (sync-project -> syncVersionControlState),versionControlLedger,Rebuilt from git ls-files + git status on each projectStateDb run
afp-engine/src/main/java/solutions/pointzero/symphony/afp/engine/EngineIdentity.java,1,,1,126,7614d75d29d332e71a9fd5c1d64bff9bdff0175074f868e714da10218423958c,repo_file_state,projectStateDb (sync-project -> syncVersionControlState),versionControlLedger,Rebuilt from git ls-files + git status on each projectStateDb run
afp-engine/src/main/java/solutions/pointzero/symphony/afp/engine/EngineInputs.java,1,,1,653,fc6c0efb8f612875718eeeb0de6496fc25390abbdca3d927b251fbdfd32e118c,repo_file_state,projectStateDb (sync-project -> syncVersionControlState),versionControlLedger,Rebuilt from git ls-files + git status on each projectStateDb run
afp-engine/src/main/java/solutions/pointzero/symphony/afp/engine/EngineOutputs.java,1,,1,265,6614255cff22adaa119f537932e0a237f2945852cd712182138f12e99a44d9c1,repo_file_state,projectStateDb (sync-project -> syncVersionControlState),versionControlLedger,Rebuilt from git ls-files + git status on each projectStateDb run
afp-engine/src/main/java/solutions/pointzero/symphony/afp/engine/EngineStats.java,1,,1,191,eef448515ae29df6598974b7788fa8b338373b46208971e3692556827845ed90,repo_file_state,projectStateDb (sync-project -> syncVersionControlState),versionControlLedger,Rebuilt from git ls-files + git status on each projectStateDb run
afp-engine/src/main/java/solutions/pointzero/symphony/afp/engine/FakeEngineOutputGenerator.java,1,M,1,131325,ec2506eb237f07feb226833a5991ebb30c2b7180ee109ca51b8452377c2dbd04,repo_file_state,projectStateDb (sync-project -> syncVersionControlState),versionControlLedger,Rebuilt from git ls-files + git status on each projectStateDb run
afp-engine/src/main/java/solutions/pointzero/symphony/afp/engine/Fingerprints.java,1,,1,5378,cfd84e1439a7235f9fed3f06ff63aed5cfc52910be06d792188b700a2b5e74df,repo_file_state,projectStateDb (sync-project -> syncVersionControlState),versionControlLedger,Rebuilt from git ls-files + git status on each projectStateDb run
afp-engine/src/main/java/solutions/pointzero/symphony/afp/engine/ImageResolutionService.java,1,,1,7604,65f56c86e464342b6076109ecf59782f3a2c9806d1be9d56d595ee374f0969f5,repo_file_state,projectStateDb (sync-project -> syncVersionControlState),versionControlLedger,Rebuilt from git ls-files + git status on each projectStateDb run
afp-engine/src/main/java/solutions/pointzero/symphony/afp/engine/InProcAfpEngineAdapter.java,1,,1,1744,a541dfc65ce03277009e2d94b636aa845c211cafb7fa8fb082667a564d61a117,repo_file_state,projectStateDb (sync-project -> syncVersionControlState),versionControlLedger,Rebuilt from git ls-files + git status on each projectStateDb run
afp-engine/src/main/java/solutions/pointzero/symphony/afp/engine/PdfBoxPdfWriter.java,1,,1,3951,6a446397c167b01bdfc5a8ea8ef5d4aa2bb91e777163060235b0a9a1e68e9078,repo_file_state,projectStateDb (sync-project -> syncVersionControlState),versionControlLedger,Rebuilt from git ls-files + git status on each projectStateDb run
afp-engine/src/main/java/solutions/pointzero/symphony/afp/engine/PdfWriter.java,1,,1,709,9ad62342375f8ca49295efc87246cc241d5875bf459dff0c5bfc8fb7b8170367,repo_file_state,projectStateDb (sync-project -> syncVersionControlState),versionControlLedger,Rebuilt from git ls-files + git status on each projectStateDb run
afp-engine/src/test/java/solutions/pointzero/symphony/afp/engine/AfpGroundTruthComparisonTest.java,1,,1,3209,e6847ec4eec36ac3a8f3a7e437b6ad72f22eee4c336c8cbade346d9b2535d994,repo_file_state,projectStateDb (sync-project -> syncVersionControlState),versionControlLedger,Rebuilt from git ls-files + git status on each projectStateDb run
afp-engine/src/test/java/solutions/pointzero/symphony/afp/engine/AfpInterpreterTest.java,1,,1,3912,49bbff0930c535005527f7617f18136d455816ddb16ea553e00c78b1d7fa040a,repo_file_state,projectStateDb (sync-project -> syncVersionControlState),versionControlLedger,Rebuilt from git ls-files + git status on each projectStateDb run
afp-engine/src/test/java/solutions/pointzero/symphony/afp/engine/AfpNativePdfRendererTest.java,1,,1,12999,0388f0496f153d853a2f70390ae259b84d456f8459ee556d6ef992c064dc2c42,repo_file_state,projectStateDb (sync-project -> syncVersionControlState),versionControlLedger,Rebuilt from git ls-files + git status on each projectStateDb run
afp-engine/src/test/java/solutions/pointzero/symphony/afp/engine/AfpPdfFidelityReportIT.java,1,M,1,22737,a80c090060895492078c065c627c1811d692d594324f0eedd0bdf984936fe8ca,repo_file_state,projectStateDb (sync-project -> syncVersionControlState),versionControlLedger,Rebuilt from git ls-files + git status on each projectStateDb run
afp-engine/src/test/java/solutions/pointzero/symphony/afp/engine/AfpPrintCentricTraceEngineTest.java,1,,1,3973,95f55bc25cafdae8b7051fdad1afab53618eed73c7e1c4613de3df03dfd1cf36,repo_file_state,projectStateDb (sync-project -> syncVersionControlState),versionControlLedger,Rebuilt from git ls-files + git status on each projectStateDb run
afp-engine/src/test/java/solutions/pointzero/symphony/afp/engine/AfpStructuredFieldParserTest.java,1,,1,1556,21a8c4761dcb898f87d45a4bc7d5bd7919b6277091dface97fb86c5053072981,repo_file_state,projectStateDb (sync-project -> syncVersionControlState),versionControlLedger,Rebuilt from git ls-files + git status on each projectStateDb run
afp-engine/src/test/java/solutions/pointzero/symphony/afp/engine/AfpTextDecodersTest.java,1,,1,1171,a84d4f72f10092337d1e06ffc9875262699cfd0043cf94bbac1f170492e2f0ad,repo_file_state,projectStateDb (sync-project -> syncVersionControlState),versionControlLedger,Rebuilt from git ls-files + git status on each projectStateDb run
afp-engine/src/test/java/solutions/pointzero/symphony/afp/engine/DefaultAfpConverterTest.java,1,,1,7960,2aaee301d5dbfd5dfc99cf06736a2fde26d452660bf2a13c31b194288bfca6c7,repo_file_state,projectStateDb (sync-project -> syncVersionControlState),versionControlLedger,Rebuilt from git ls-files + git status on each projectStateDb run
afp-engine/src/test/java/solutions/pointzero/symphony/afp/engine/ImageResolutionServiceTest.java,1,,1,3169,02561754e30649238e01f306896426f1be2dddaf5a323fdab0eeb06cd3874f79,repo_file_state,projectStateDb (sync-project -> syncVersionControlState),versionControlLedger,Rebuilt from git ls-files + git status on each projectStateDb run
afp-engine/src/test/java/solutions/pointzero/symphony/afp/engine/InProcAfpEngineAdapterTest.java,1,M,1,19723,008a40718fa056c12b0c691257a12f578d234ce6aa5151830778b0aaf64572df,repo_file_state,projectStateDb (sync-project -> syncVersionControlState),versionControlLedger,Rebuilt from git ls-files + git status on each projectStateDb run
afp-engine/src/test/java/solutions/pointzero/symphony/afp/engine/PdfBoxPdfWriterTest.java,1,,1,1051,4f9c8c2db39dba9829e4d5fc29b5d85c72fa7bb1dd7b715f52c0796d4c0a3941,repo_file_state,projectStateDb (sync-project -> syncVersionControlState),versionControlLedger,Rebuilt from git ls-files + git status on each projectStateDb run
boilerplate/update-packages/README.md,1,,1,928,b8b37264b059acbfdaa89b7b4b762185a34975d0ba6776c4ebdbccebe94452cd,repo_file_state,projectStateDb (sync-project -> syncVersionControlState),versionControlLedger,Rebuilt from git ls-files + git status on each projectStateDb run
boilerplate/update-packages/pz-boilerplate-intelliJ/2026-02-18-boilerplate-sync-triage-workbook.zip,1,,1,17545,c412f2cf5714a5d05b067ca40b9446583c16cec59b5456b6ef1e2e3fe5936238,repo_file_state,projectStateDb (sync-project -> syncVersionControlState),versionControlLedger,Rebuilt from git ls-files + git status on each projectStateDb run
boilerplate/update-packages/pz-boilerplate-intelliJ/2026-02-18-boilerplate-sync-triage-workbook/README.md,1,,1,725,26b9d7445301219b65ac7a5c271e0dadf87861b4c9c7e2103f2e0bf4be1d0825,repo_file_state,projectStateDb (sync-project -> syncVersionControlState),versionControlLedger,Rebuilt from git ls-files + git status on each projectStateDb run
boilerplate/update-packages/pz-boilerplate-intelliJ/2026-02-18-boilerplate-sync-triage-workbook/apply-checklist.md,1,,1,974,1e0ce98edcc240eee05ca1f0861da1818fdc3e52a685b9700eecb767defccd41,repo_file_state,projectStateDb (sync-project -> syncVersionControlState),versionControlLedger,Rebuilt from git ls-files + git status on each projectStateDb run
boilerplate/update-packages/pz-boilerplate-intelliJ/2026-02-18-boilerplate-sync-triage-workbook/fresh-session-prompt.md,1,,1,348,567a6d9cbeaa1606aeaacbecfc4c82ffeaf22af89307db651f87119cd9cb6270,repo_file_state,projectStateDb (sync-project -> syncVersionControlState),versionControlLedger,Rebuilt from git ls-files + git status on each projectStateDb run
boilerplate/update-packages/pz-boilerplate-intelliJ/2026-02-18-boilerplate-sync-triage-workbook/package-manifest.json,1,,1,1393,188f72f5ac7feb5bcb9405c3cfb03ecbc11f7e1a90dbe0bf5b76b74f828af3f1,repo_file_state,projectStateDb (sync-project -> syncVersionControlState),versionControlLedger,Rebuilt from git ls-files + git status on each projectStateDb run
boilerplate/update-packages/pz-boilerplate-intelliJ/2026-02-18-boilerplate-sync-triage-workbook/patches/0001-boilerplate-sync-triage-framework.patch,1,,1,30117,8a193644f0b55ac5c26a8b21a4d63301d16d4b1b6d30be06483252af9789a964,repo_file_state,projectStateDb (sync-project -> syncVersionControlState),versionControlLedger,Rebuilt from git ls-files + git status on each projectStateDb run
boilerplate/update-packages/pz-boilerplate-intelliJ/2026-02-18-boilerplate-sync-triage-workbook/templates/BoilerplateSyncWorkbookUpdater.java,1,,1,13855,68981a5ff5695f4a688b977e82c636d57e08283a8730f6164b84065b25a8b444,repo_file_state,projectStateDb (sync-project -> syncVersionControlState),versionControlLedger,Rebuilt from git ls-files + git status on each projectStateDb run
boilerplate/update-packages/pz-boilerplate-intelliJ/2026-02-18-boilerplate-sync-triage-workbook/templates/build-gradle-snippets.md,1,,1,2675,b848a3bcf13bc1152c6a2c6513af777fad78b9a13241b25160d1f0a71ddaa0ea,repo_file_state,projectStateDb (sync-project -> syncVersionControlState),versionControlLedger,Rebuilt from git ls-files + git status on each projectStateDb run
boilerplate/update-packages/pz-boilerplate-intelliJ/2026-02-18-boilerplate-sync-triage-workbook/templates/policy-readme-snippets.md,1,,1,551,4b0b90c6a65cf5fe9928f7241993e85bf83003e4eeabbdb08b7431e32c96ad53,repo_file_state,projectStateDb (sync-project -> syncVersionControlState),versionControlLedger,Rebuilt from git ls-files + git status on each projectStateDb run
boilerplate/update-packages/pz-boilerplate-intelliJ/2026-02-18-consolidated-framework-sync.zip,1,,1,14171,53f5f83adcc325aedf469a2f610463d30950fb9d43922bc8ca377495c646a095,repo_file_state,projectStateDb (sync-project -> syncVersionControlState),versionControlLedger,Rebuilt from git ls-files + git status on each projectStateDb run
boilerplate/update-packages/pz-boilerplate-intelliJ/2026-02-18-consolidated-framework-sync/README.md,1,,1,947,1b139f93d20e267115fbc052eff0097dee08d900e7871ff7668c9f1ca4e50b03,repo_file_state,projectStateDb (sync-project -> syncVersionControlState),versionControlLedger,Rebuilt from git ls-files + git status on each projectStateDb run
boilerplate/update-packages/pz-boilerplate-intelliJ/2026-02-18-consolidated-framework-sync/apply-checklist.md,1,,1,1275,093083eeee79f860007469bcf8722f32490de88981bebb8d31059eb131193a6c,repo_file_state,projectStateDb (sync-project -> syncVersionControlState),versionControlLedger,Rebuilt from git ls-files + git status on each projectStateDb run
boilerplate/update-packages/pz-boilerplate-intelliJ/2026-02-18-consolidated-framework-sync/fresh-session-prompt.md,1,,1,505,d3cf6bdcb7c9fe56ff1f258382d8bcd156bb9f2c26937432aab46bb5eea19b3e,repo_file_state,projectStateDb (sync-project -> syncVersionControlState),versionControlLedger,Rebuilt from git ls-files + git status on each projectStateDb run
boilerplate/update-packages/pz-boilerplate-intelliJ/2026-02-18-consolidated-framework-sync/package-manifest.json,1,,1,1411,fc65af996e014626012d738d747bb134c411ade8aa0e19b907b2b7cd3a773420,repo_file_state,projectStateDb (sync-project -> syncVersionControlState),versionControlLedger,Rebuilt from git ls-files + git status on each projectStateDb run
boilerplate/update-packages/pz-boilerplate-intelliJ/2026-02-18-consolidated-framework-sync/patches/0001-consolidated-framework-sync.patch,1,,1,35359,bdb96f024329fce6966286aeea62aee0728d628eb6a1c04cf15c2c20cea80f67,repo_file_state,projectStateDb (sync-project -> syncVersionControlState),versionControlLedger,Rebuilt from git ls-files + git status on each projectStateDb run
boilerplate/update-packages/pz-boilerplate-intelliJ/2026-02-18-consolidated-framework-sync/templates/changelog-entry.md,1,,1,320,03cd0ab4670073728606694553fb8bfd448c74e3a7e1fa5d124e04e7f568ac99,repo_file_state,projectStateDb (sync-project -> syncVersionControlState),versionControlLedger,Rebuilt from git ls-files + git status on each projectStateDb run
boilerplate/update-packages/pz-boilerplate-intelliJ/2026-02-18-governance-alerts-trust-sot/README.md,1,,1,443,37f28bd38ba56bcaa7878520a83b02a1908509e0baf3de956ac0c6a15904976a,repo_file_state,projectStateDb (sync-project -> syncVersionControlState),versionControlLedger,Rebuilt from git ls-files + git status on each projectStateDb run
boilerplate/update-packages/pz-boilerplate-intelliJ/2026-02-18-governance-alerts-trust-sot/apply-checklist.md,1,,1,116,90e9b9c71fa2f7a93527bb7b8762329e58cc980fe86143fa1bc5e0b4b5340f4c,repo_file_state,projectStateDb (sync-project -> syncVersionControlState),versionControlLedger,Rebuilt from git ls-files + git status on each projectStateDb run
boilerplate/update-packages/pz-boilerplate-intelliJ/2026-02-18-governance-alerts-trust-sot/fresh-session-prompt.md,1,,1,70,ea7d6de41bfeef2fff5f60789d824a4c767d5532e5d4de43969913c3eefb3ad4,repo_file_state,projectStateDb (sync-project -> syncVersionControlState),versionControlLedger,Rebuilt from git ls-files + git status on each projectStateDb run
boilerplate/update-packages/pz-boilerplate-intelliJ/2026-02-18-governance-alerts-trust-sot/package-manifest.json,1,,1,828,794f36fe0fe2261a438007670102a8b1f4f55a5a8476fd127daae4912c14ac58,repo_file_state,projectStateDb (sync-project -> syncVersionControlState),versionControlLedger,Rebuilt from git ls-files + git status on each projectStateDb run
boilerplate/update-packages/pz-boilerplate-intelliJ/2026-02-18-governance-events-workbook/README.md,1,,1,454,0e44bd96549cdd73a0dd9ef4d285e9392e11e466893957c6348bffcffcb11d10,repo_file_state,projectStateDb (sync-project -> syncVersionControlState),versionControlLedger,Rebuilt from git ls-files + git status on each projectStateDb run
boilerplate/update-packages/pz-boilerplate-intelliJ/2026-02-18-governance-events-workbook/apply-checklist.md,1,,1,116,90e9b9c71fa2f7a93527bb7b8762329e58cc980fe86143fa1bc5e0b4b5340f4c,repo_file_state,projectStateDb (sync-project -> syncVersionControlState),versionControlLedger,Rebuilt from git ls-files + git status on each projectStateDb run
boilerplate/update-packages/pz-boilerplate-intelliJ/2026-02-18-governance-events-workbook/fresh-session-prompt.md,1,,1,70,ea7d6de41bfeef2fff5f60789d824a4c767d5532e5d4de43969913c3eefb3ad4,repo_file_state,projectStateDb (sync-project -> syncVersionControlState),versionControlLedger,Rebuilt from git ls-files + git status on each projectStateDb run
boilerplate/update-packages/pz-boilerplate-intelliJ/2026-02-18-governance-events-workbook/package-manifest.json,1,,1,893,dbec441bbbd4a2ada1662d8ea8499d45bdb06fda93527b1f50226e666d614fb6,repo_file_state,projectStateDb (sync-project -> syncVersionControlState),versionControlLedger,Rebuilt from git ls-files + git status on each projectStateDb run
boilerplate/update-packages/pz-boilerplate-intelliJ/2026-02-18-managed-tooling-registration-gate/README.md,1,,1,342,97b775c002364e62a5050f36de22989b27a17be741404eb6cc43c1924eec8330,repo_file_state,projectStateDb (sync-project -> syncVersionControlState),versionControlLedger,Rebuilt from git ls-files + git status on each projectStateDb run
boilerplate/update-packages/pz-boilerplate-intelliJ/2026-02-18-managed-tooling-registration-gate/apply-checklist.md,1,,1,116,90e9b9c71fa2f7a93527bb7b8762329e58cc980fe86143fa1bc5e0b4b5340f4c,repo_file_state,projectStateDb (sync-project -> syncVersionControlState),versionControlLedger,Rebuilt from git ls-files + git status on each projectStateDb run
boilerplate/update-packages/pz-boilerplate-intelliJ/2026-02-18-managed-tooling-registration-gate/fresh-session-prompt.md,1,,1,70,ea7d6de41bfeef2fff5f60789d824a4c767d5532e5d4de43969913c3eefb3ad4,repo_file_state,projectStateDb (sync-project -> syncVersionControlState),versionControlLedger,Rebuilt from git ls-files + git status on each projectStateDb run
boilerplate/update-packages/pz-boilerplate-intelliJ/2026-02-18-managed-tooling-registration-gate/package-manifest.json,1,,1,606,56d70baffd3671bdf85e78173c8c9eba84dbb195474e14ebe7870ee46deca58c,repo_file_state,projectStateDb (sync-project -> syncVersionControlState),versionControlLedger,Rebuilt from git ls-files + git status on each projectStateDb run
boilerplate/update-packages/pz-boilerplate-intelliJ/2026-02-18-pm-realm-console-sql-rules-rollup/README.md,1,,1,978,16fefb1a607c15255dd3f63920b82358ca066307d71ef21b66b4e14aea9c3120,repo_file_state,projectStateDb (sync-project -> syncVersionControlState),versionControlLedger,Rebuilt from git ls-files + git status on each projectStateDb run
boilerplate/update-packages/pz-boilerplate-intelliJ/2026-02-18-pm-realm-console-sql-rules-rollup/apply-checklist.md,1,,1,999,4a34acf13ab9a692f27fa9dc9b41fee8e8409c73b1c77a590efeaa697d5a4bd0,repo_file_state,projectStateDb (sync-project -> syncVersionControlState),versionControlLedger,Rebuilt from git ls-files + git status on each projectStateDb run
boilerplate/update-packages/pz-boilerplate-intelliJ/2026-02-18-pm-realm-console-sql-rules-rollup/fresh-session-prompt.md,1,,1,573,51f466f30a84d1d8ce13cc3363832b81acfe29446cc6b6ab70418bafbc760245,repo_file_state,projectStateDb (sync-project -> syncVersionControlState),versionControlLedger,Rebuilt from git ls-files + git status on each projectStateDb run
boilerplate/update-packages/pz-boilerplate-intelliJ/2026-02-18-pm-realm-console-sql-rules-rollup/package-manifest.json,1,,1,1622,c31ecb3177a63d43eb251285a9c3c11c94a4fa5c97efec25328af2a9a1c4f44f,repo_file_state,projectStateDb (sync-project -> syncVersionControlState),versionControlLedger,Rebuilt from git ls-files + git status on each projectStateDb run
boilerplate/update-packages/pz-boilerplate-intelliJ/2026-02-18-pm-realm-console-sql-rules-rollup/patches/0001-pm-realm-console-sql-rules-rollup.patch,1,,1,159406,2f1983a68c72507ec14ec2ca4a4626a52961d3475d800437005a6f4871d13243,repo_file_state,projectStateDb (sync-project -> syncVersionControlState),versionControlLedger,Rebuilt from git ls-files + git status on each projectStateDb run
boilerplate/update-packages/pz-boilerplate-intelliJ/2026-02-18-product-management-boundary-gate/README.md,1,,1,296,1226a752824034d73f72068985f689f70f89e06c6ab04a562a1f4cbb5f06c15d,repo_file_state,projectStateDb (sync-project -> syncVersionControlState),versionControlLedger,Rebuilt from git ls-files + git status on each projectStateDb run
boilerplate/update-packages/pz-boilerplate-intelliJ/2026-02-18-product-management-boundary-gate/apply-checklist.md,1,,1,116,90e9b9c71fa2f7a93527bb7b8762329e58cc980fe86143fa1bc5e0b4b5340f4c,repo_file_state,projectStateDb (sync-project -> syncVersionControlState),versionControlLedger,Rebuilt from git ls-files + git status on each projectStateDb run
boilerplate/update-packages/pz-boilerplate-intelliJ/2026-02-18-product-management-boundary-gate/fresh-session-prompt.md,1,,1,70,ea7d6de41bfeef2fff5f60789d824a4c767d5532e5d4de43969913c3eefb3ad4,repo_file_state,projectStateDb (sync-project -> syncVersionControlState),versionControlLedger,Rebuilt from git ls-files + git status on each projectStateDb run
boilerplate/update-packages/pz-boilerplate-intelliJ/2026-02-18-product-management-boundary-gate/package-manifest.json,1,,1,617,2e9e0ad56628977898966a24d8e129ca4b00cf03fdf16ae68ceeb1a6983e2f84,repo_file_state,projectStateDb (sync-project -> syncVersionControlState),versionControlLedger,Rebuilt from git ls-files + git status on each projectStateDb run
boilerplate/update-packages/pz-boilerplate-intelliJ/2026-02-18-project-level-rollback-governance-log-sync.zip,1,,1,5581,634cd2a351a32929e50cc569b9529742f30ad2b27215ce31c444379028f3a515,repo_file_state,projectStateDb (sync-project -> syncVersionControlState),versionControlLedger,Rebuilt from git ls-files + git status on each projectStateDb run
boilerplate/update-packages/pz-boilerplate-intelliJ/2026-02-18-project-level-rollback-governance-log-sync/README.md,1,,1,832,f509387141904b9c73fd7e4ac77b112ce790f8900ab3453e2b15c22969d1e05b,repo_file_state,projectStateDb (sync-project -> syncVersionControlState),versionControlLedger,Rebuilt from git ls-files + git status on each projectStateDb run
boilerplate/update-packages/pz-boilerplate-intelliJ/2026-02-18-project-level-rollback-governance-log-sync/apply-checklist.md,1,,1,866,ca20cb5d68edaca0713cfd2fac92ae49a810fba48a09308f8685bd4f7a270878,repo_file_state,projectStateDb (sync-project -> syncVersionControlState),versionControlLedger,Rebuilt from git ls-files + git status on each projectStateDb run
boilerplate/update-packages/pz-boilerplate-intelliJ/2026-02-18-project-level-rollback-governance-log-sync/fresh-session-prompt.md,1,,1,515,9bb5329616f56832464a918986c7596260d00e756acbf5f97a77d06822204185,repo_file_state,projectStateDb (sync-project -> syncVersionControlState),versionControlLedger,Rebuilt from git ls-files + git status on each projectStateDb run
boilerplate/update-packages/pz-boilerplate-intelliJ/2026-02-18-project-level-rollback-governance-log-sync/package-manifest.json,1,,1,1189,711cb0e761f3b5db212975d1ed5d629e659b7427cfa004f6149168c099b7de90,repo_file_state,projectStateDb (sync-project -> syncVersionControlState),versionControlLedger,Rebuilt from git ls-files + git status on each projectStateDb run
boilerplate/update-packages/pz-boilerplate-intelliJ/2026-02-18-project-level-rollback-governance-log-sync/patches/0001-log-sync-template.patch,1,,1,1120,85e51e0f271b6ece55fe7d9a1e729d24d242486b57e076f972fede89bc7e4ce8,repo_file_state,projectStateDb (sync-project -> syncVersionControlState),versionControlLedger,Rebuilt from git ls-files + git status on each projectStateDb run
boilerplate/update-packages/pz-boilerplate-intelliJ/2026-02-18-project-level-rollback-governance-log-sync/templates/process-evolution-entry.md,1,,1,347,0482dccc000409a4ceec06c2b7d906ddcaa187f6919acb0d06c984e22176ea15,repo_file_state,projectStateDb (sync-project -> syncVersionControlState),versionControlLedger,Rebuilt from git ls-files + git status on each projectStateDb run
boilerplate/update-packages/pz-boilerplate-intelliJ/2026-02-18-project-level-rollback-governance-log-sync/templates/session-changelog-entry.md,1,,1,400,d9abe6283afd29a9387b2e34e8059e6128f4bb824cbe998915d280ff61e12ab7,repo_file_state,projectStateDb (sync-project -> syncVersionControlState),versionControlLedger,Rebuilt from git ls-files + git status on each projectStateDb run
boilerplate/update-packages/pz-boilerplate-intelliJ/2026-02-18-project-level-rollback-governance.zip,1,,1,6113,f95ab9feab59c2ae35ea9dd1cd058055f5cc49b9b79e165515f06c09716e85e7,repo_file_state,projectStateDb (sync-project -> syncVersionControlState),versionControlLedger,Rebuilt from git ls-files + git status on each projectStateDb run
boilerplate/update-packages/pz-boilerplate-intelliJ/2026-02-18-project-level-rollback-governance/README.md,1,,1,960,873f815046bb80b32ca8ef159e01b08bc516cfcfbabee8f81c06427b54617dfc,repo_file_state,projectStateDb (sync-project -> syncVersionControlState),versionControlLedger,Rebuilt from git ls-files + git status on each projectStateDb run
boilerplate/update-packages/pz-boilerplate-intelliJ/2026-02-18-project-level-rollback-governance/apply-checklist.md,1,,1,1253,abd11a399b37cecc1dda33507f1bb0a04488ff022806f52163cf48286a467528,repo_file_state,projectStateDb (sync-project -> syncVersionControlState),versionControlLedger,Rebuilt from git ls-files + git status on each projectStateDb run
boilerplate/update-packages/pz-boilerplate-intelliJ/2026-02-18-project-level-rollback-governance/fresh-session-prompt.md,1,,1,642,03119f114b55dc11b0780f84469a8885074ce225e30aaa30733c301b27777538,repo_file_state,projectStateDb (sync-project -> syncVersionControlState),versionControlLedger,Rebuilt from git ls-files + git status on each projectStateDb run
boilerplate/update-packages/pz-boilerplate-intelliJ/2026-02-18-project-level-rollback-governance/package-manifest.json,1,,1,853,9a2ad0ccd868be8cc127305dd8726d4afbcdf12033a4f170ff88735cc9c75c4e,repo_file_state,projectStateDb (sync-project -> syncVersionControlState),versionControlLedger,Rebuilt from git ls-files + git status on each projectStateDb run
boilerplate/update-packages/pz-boilerplate-intelliJ/2026-02-18-project-level-rollback-governance/patches/0001-policy-and-readme-rollback-governance.patch,1,,1,5390,a71e0e5390e4f4ee93ecc275d85a0cfa584a00a89165680ebddb129808693418,repo_file_state,projectStateDb (sync-project -> syncVersionControlState),versionControlLedger,Rebuilt from git ls-files + git status on each projectStateDb run
boilerplate/update-packages/pz-boilerplate-intelliJ/2026-02-18-sqlite-state-tooling/README.md,1,,1,860,76cbc2f6c8ca4c9de676cd0ec632e08396cd94d841caef2ca2295447c9b26281,repo_file_state,projectStateDb (sync-project -> syncVersionControlState),versionControlLedger,Rebuilt from git ls-files + git status on each projectStateDb run
boilerplate/update-packages/pz-boilerplate-intelliJ/2026-02-18-sqlite-state-tooling/apply-checklist.md,1,,1,444,fef5d5e33f8d185596fb9d955170b1b5e04eee3d0b692a3be6d49a7f271a1e2a,repo_file_state,projectStateDb (sync-project -> syncVersionControlState),versionControlLedger,Rebuilt from git ls-files + git status on each projectStateDb run
boilerplate/update-packages/pz-boilerplate-intelliJ/2026-02-18-sqlite-state-tooling/fresh-session-prompt.md,1,,1,575,f8fdb28bc5f77bab09d7ecc9067f44d5f9cc66bc16387b696ace47e31e86197f,repo_file_state,projectStateDb (sync-project -> syncVersionControlState),versionControlLedger,Rebuilt from git ls-files + git status on each projectStateDb run
boilerplate/update-packages/pz-boilerplate-intelliJ/2026-02-18-sqlite-state-tooling/package-manifest.json,1,,1,829,891865d0eb02d6956ec62cc935f45403c8568832f2f2c62e1c0a823b83f1c0e8,repo_file_state,projectStateDb (sync-project -> syncVersionControlState),versionControlLedger,Rebuilt from git ls-files + git status on each projectStateDb run
boilerplate/update-packages/pz-boilerplate-intelliJ/2026-02-18-unified-framework-rollup/README.md,1,,1,544,7713457eb135da0fd08191ba5dec78f16816be59225cbce8d5be256ebcbdb611,repo_file_state,projectStateDb (sync-project -> syncVersionControlState),versionControlLedger,Rebuilt from git ls-files + git status on each projectStateDb run
boilerplate/update-packages/pz-boilerplate-intelliJ/2026-02-18-unified-framework-rollup/apply-checklist.md,1,,1,446,c329427bae1e5e78e04346986d637744594fa493aa47041a5e1c4fd22b633203,repo_file_state,projectStateDb (sync-project -> syncVersionControlState),versionControlLedger,Rebuilt from git ls-files + git status on each projectStateDb run
boilerplate/update-packages/pz-boilerplate-intelliJ/2026-02-18-unified-framework-rollup/fresh-session-prompt.md,1,,1,390,f5c83d77df57753d02665ebd6a4bc727d66c6e634158da42176cb3cb5dbab60e,repo_file_state,projectStateDb (sync-project -> syncVersionControlState),versionControlLedger,Rebuilt from git ls-files + git status on each projectStateDb run
boilerplate/update-packages/pz-boilerplate-intelliJ/2026-02-18-unified-framework-rollup/package-manifest.json,1,,1,1573,b8cc1aaf039d883463abab7ec78daf2b586e7cd9510a7cc86889ea54b5cfcfa9,repo_file_state,projectStateDb (sync-project -> syncVersionControlState),versionControlLedger,Rebuilt from git ls-files + git status on each projectStateDb run
boilerplate/update-packages/pz-boilerplate-intelliJ/2026-02-18-vcs-file-discipline-ledger/README.md,1,,1,411,90ad5668c2a6920526765d9ff031afff199dbf326f644eae6e7fa194f96f888d,repo_file_state,projectStateDb (sync-project -> syncVersionControlState),versionControlLedger,Rebuilt from git ls-files + git status on each projectStateDb run
boilerplate/update-packages/pz-boilerplate-intelliJ/2026-02-18-vcs-file-discipline-ledger/apply-checklist.md,1,,1,116,90e9b9c71fa2f7a93527bb7b8762329e58cc980fe86143fa1bc5e0b4b5340f4c,repo_file_state,projectStateDb (sync-project -> syncVersionControlState),versionControlLedger,Rebuilt from git ls-files + git status on each projectStateDb run
boilerplate/update-packages/pz-boilerplate-intelliJ/2026-02-18-vcs-file-discipline-ledger/fresh-session-prompt.md,1,,1,70,ea7d6de41bfeef2fff5f60789d824a4c767d5532e5d4de43969913c3eefb3ad4,repo_file_state,projectStateDb (sync-project -> syncVersionControlState),versionControlLedger,Rebuilt from git ls-files + git status on each projectStateDb run
boilerplate/update-packages/pz-boilerplate-intelliJ/2026-02-18-vcs-file-discipline-ledger/package-manifest.json,1,,1,797,06523f413c6728185113d1e03ac2c2c5a1e4058df25df0d2be2cf2c7365fda32,repo_file_state,projectStateDb (sync-project -> syncVersionControlState),versionControlLedger,Rebuilt from git ls-files + git status on each projectStateDb run
boilerplate/update-packages/pz-boilerplate-intelliJ/2026-02-18-workbook-change-driven-guard.zip,1,,1,5079,5744be14c5e9300b28235f86f369b266b8339a933f25fd22cfe0e4dfe94f2f93,repo_file_state,projectStateDb (sync-project -> syncVersionControlState),versionControlLedger,Rebuilt from git ls-files + git status on each projectStateDb run
boilerplate/update-packages/pz-boilerplate-intelliJ/2026-02-18-workbook-change-driven-guard/README.md,1,,1,763,954309b284dc363469a56533c38a40032379fe07599e6a843fbfd189f393fb1c,repo_file_state,projectStateDb (sync-project -> syncVersionControlState),versionControlLedger,Rebuilt from git ls-files + git status on each projectStateDb run
boilerplate/update-packages/pz-boilerplate-intelliJ/2026-02-18-workbook-change-driven-guard/apply-checklist.md,1,,1,1138,3d389a818bc39e7217093091ff06c9d8097952ac5ac2d78cff756ea679456375,repo_file_state,projectStateDb (sync-project -> syncVersionControlState),versionControlLedger,Rebuilt from git ls-files + git status on each projectStateDb run
boilerplate/update-packages/pz-boilerplate-intelliJ/2026-02-18-workbook-change-driven-guard/fresh-session-prompt.md,1,,1,423,20908684c56dc0bb2a261cc12bfa0d819408b4719e382f61963f154e1d133a77,repo_file_state,projectStateDb (sync-project -> syncVersionControlState),versionControlLedger,Rebuilt from git ls-files + git status on each projectStateDb run
boilerplate/update-packages/pz-boilerplate-intelliJ/2026-02-18-workbook-change-driven-guard/package-manifest.json,1,,1,853,c6db0c3cf3c222d34bd198bc9550f8cfc13ccbe64ac5e3822747bb0b6e07d702,repo_file_state,projectStateDb (sync-project -> syncVersionControlState),versionControlLedger,Rebuilt from git ls-files + git status on each projectStateDb run
boilerplate/update-packages/pz-boilerplate-intelliJ/2026-02-18-workbook-change-driven-guard/patches/0001-workbook-change-driven-guard.patch,1,,1,4135,d8b847eba7dad7516b2c6c06aeb4987c1bd2ac3b3e204b123e8a2bfc5b627103,repo_file_state,projectStateDb (sync-project -> syncVersionControlState),versionControlLedger,Rebuilt from git ls-files + git status on each projectStateDb run
boilerplate/update-packages/pz-boilerplate-intelliJ/2026-02-19-fresh-instance-convergence-eval/README.md,1,,1,667,fe354e1d3c762631168621ff97b79eea09223a5504d2be9f796e350ce08b7e8a,repo_file_state,projectStateDb (sync-project -> syncVersionControlState),versionControlLedger,Rebuilt from git ls-files + git status on each projectStateDb run
boilerplate/update-packages/pz-boilerplate-intelliJ/2026-02-19-fresh-instance-convergence-eval/apply-checklist.md,1,,1,781,94e0ed3ffc8efc50584088efbce1ccf10146a75724e4877cfc471ba74a221321,repo_file_state,projectStateDb (sync-project -> syncVersionControlState),versionControlLedger,Rebuilt from git ls-files + git status on each projectStateDb run
boilerplate/update-packages/pz-boilerplate-intelliJ/2026-02-19-fresh-instance-convergence-eval/comparison-checklist.md,1,,1,1345,3b3f5c6b85b3fc3530fdb2ed384889ce34b6341ad2f685afb08d1134dcb844be,repo_file_state,projectStateDb (sync-project -> syncVersionControlState),versionControlLedger,Rebuilt from git ls-files + git status on each projectStateDb run
boilerplate/update-packages/pz-boilerplate-intelliJ/2026-02-19-fresh-instance-convergence-eval/fresh-session-prompt.md,1,,1,810,9c45d235e14b95ecc8d9d962f7e6fbe65485b346194c8b9cdfba9c2e7d3b1431,repo_file_state,projectStateDb (sync-project -> syncVersionControlState),versionControlLedger,Rebuilt from git ls-files + git status on each projectStateDb run
boilerplate/update-packages/pz-boilerplate-intelliJ/2026-02-19-fresh-instance-convergence-eval/package-manifest.json,1,,1,1680,7c681df03db1bb946e9eedfb9566e63cd42dfe7ad57cc1078b1f3ed3aecf26e9,repo_file_state,projectStateDb (sync-project -> syncVersionControlState),versionControlLedger,Rebuilt from git ls-files + git status on each projectStateDb run
boilerplate/update-packages/pz-boilerplate-intelliJ/2026-02-19-namespace-root-solutions-pointzero-symphony/README.md,1,,1,484,acd1695e00000853e2ae9c7e6225ba96a380d274956fe79a373d2832550162e1,repo_file_state,projectStateDb (sync-project -> syncVersionControlState),versionControlLedger,Rebuilt from git ls-files + git status on each projectStateDb run
boilerplate/update-packages/pz-boilerplate-intelliJ/2026-02-19-namespace-root-solutions-pointzero-symphony/apply-checklist.md,1,,1,524,29462e6baf64599284a25fed5420406624a9a2cd89f1f35345eed86267e84f06,repo_file_state,projectStateDb (sync-project -> syncVersionControlState),versionControlLedger,Rebuilt from git ls-files + git status on each projectStateDb run
boilerplate/update-packages/pz-boilerplate-intelliJ/2026-02-19-namespace-root-solutions-pointzero-symphony/fresh-session-prompt.md,1,,1,422,e530120ee749278b65ce31438d5a85729355bb3f27383a68b63e1710428c0c54,repo_file_state,projectStateDb (sync-project -> syncVersionControlState),versionControlLedger,Rebuilt from git ls-files + git status on each projectStateDb run
boilerplate/update-packages/pz-boilerplate-intelliJ/2026-02-19-namespace-root-solutions-pointzero-symphony/package-manifest.json,1,,1,775,7051d6d1ac165d0507865937d3e4fd5fcb58cf6e679f081ce96a0cf1819a2795,repo_file_state,projectStateDb (sync-project -> syncVersionControlState),versionControlLedger,Rebuilt from git ls-files + git status on each projectStateDb run
build.gradle,1,M,1,49487,4914d70ae03507460ad6f5d4a6a0f49ed7745a9dadf21a7939a26c442a570a27,repo_file_state,projectStateDb (sync-project -> syncVersionControlState),versionControlLedger,Rebuilt from git ls-files + git status on each projectStateDb run
docs/API.md,1,M,1,8037,dd9c7fe211e00a7def78e85b32cb3bca6ae313719f0d2b5bab9804f53c0ed980,repo_file_state,projectStateDb (sync-project -> syncVersionControlState),versionControlLedger,Rebuilt from git ls-files + git status on each projectStateDb run
docs/boilerplate-sync-candidates.xlsx,1,,1,8390,fd955433c2b4151d815ceda9a4bef620bcd522ef582616ac4a60c0a33c6acf17,repo_file_state,projectStateDb (sync-project -> syncVersionControlState),versionControlLedger,Rebuilt from git ls-files + git status on each projectStateDb run
docs/fidelity-corpus.txt,1,,1,153,e3750b6d368a66e26ac0885f120f4eaa9e3064393c2d396fbda6d942d80b8f32,repo_file_state,projectStateDb (sync-project -> syncVersionControlState),versionControlLedger,Rebuilt from git ls-files + git status on each projectStateDb run
docs/issues-log-template.csv,1,,1,275,344c8e1f896da05226f17ce1ccc16eedb36bd7924c13f7545a3c89f5b3c176ce,repo_file_state,projectStateDb (sync-project -> syncVersionControlState),versionControlLedger,Rebuilt from git ls-files + git status on each projectStateDb run
docs/issues-log.csv,1,M,1,6098,69b23d984cf183a8f47130ed426ec66983873b8a2a04a0ca8bf3f1d9e8e996b3,repo_file_state,projectStateDb (sync-project -> syncVersionControlState),versionControlLedger,Rebuilt from git ls-files + git status on each projectStateDb run
docs/policy-governance-events.csv,1,,1,1713,2d467921ce88a08b270c72a87a0149aa0948e976e1aff13ea13f5858a9b68ea5,repo_file_state,projectStateDb (sync-project -> syncVersionControlState),versionControlLedger,Rebuilt from git ls-files + git status on each projectStateDb run
docs/policy-governance-events.xlsx,1,,1,4347,e3122f3ce9d210b4c576197a3582ef22dbb6e10df05a9d3567468554bafdb5a0,repo_file_state,projectStateDb (sync-project -> syncVersionControlState),versionControlLedger,Rebuilt from git ls-files + git status on each projectStateDb run
docs/project-plan-progress.csv,1,,1,6740,19503640e8257b8fee54a8ab8be629c783876bc52ffcf08387befeea1571fc13,repo_file_state,projectStateDb (sync-project -> syncVersionControlState),versionControlLedger,Rebuilt from git ls-files + git status on each projectStateDb run
docs/project-plan-progress.xlsx,1,,1,29961,76f07a44f12e21299ab2cc55af5ec1f2945b97a974ffafc4c2167123df27aeb7,repo_file_state,projectStateDb (sync-project -> syncVersionControlState),versionControlLedger,Rebuilt from git ls-files + git status on each projectStateDb run
docs/project-plan-progress.xlsx.zip,1,,1,17851,597dfb7316d92bbcb7b814976539c6d23ed08514ef757d478d36e45452fcf8df,repo_file_state,projectStateDb (sync-project -> syncVersionControlState),versionControlLedger,Rebuilt from git ls-files + git status on each projectStateDb run
docs/project-plan.md,1,,1,6891,4e7f6e95637a345803f098d4f00ed37560ff4141830230ce2f998fd16e93061e,repo_file_state,projectStateDb (sync-project -> syncVersionControlState),versionControlLedger,Rebuilt from git ls-files + git status on each projectStateDb run
docs/update-packages/README.md,1,,1,234,e09e6e4e07bdeac9b02180d60439f7b0a285b34c3485055dfd4531f8451cc313,repo_file_state,projectStateDb (sync-project -> syncVersionControlState),versionControlLedger,Rebuilt from git ls-files + git status on each projectStateDb run
gradle/wrapper/gradle-wrapper.jar,1,,1,60756,91a239400bb638f36a1795d8fdf7939d532cdc7d794d1119b7261aac158b1e60,repo_file_state,projectStateDb (sync-project -> syncVersionControlState),versionControlLedger,Rebuilt from git ls-files + git status on each projectStateDb run
gradle/wrapper/gradle-wrapper.properties,1,,1,232,9ba4f8c8258f3d6d74144493b9e3e80e470a7b05cf34ce392a60d0e4fb9fc504,repo_file_state,projectStateDb (sync-project -> syncVersionControlState),versionControlLedger,Rebuilt from git ls-files + git status on each projectStateDb run
gradlew,1,,1,8070,f96a757581fe5292465e3f3393380bd11fd8086d450b92e7c693da6513f583fe,repo_file_state,projectStateDb (sync-project -> syncVersionControlState),versionControlLedger,Rebuilt from git ls-files + git status on each projectStateDb run
gradlew.bat,1,,1,2763,af835f98787e9269af5a046edcb821a592fed372139df7b947b471a63cfc236b,repo_file_state,projectStateDb (sync-project -> syncVersionControlState),versionControlLedger,Rebuilt from git ls-files + git status on each projectStateDb run
pm-console/build.gradle,1,,1,454,57bf41851234afeb13a6747749524fb30a9350f5a7dc4afdf8a07767feb2052a,repo_file_state,projectStateDb (sync-project -> syncVersionControlState),versionControlLedger,Rebuilt from git ls-files + git status on each projectStateDb run
pm-console/src/main/java/solutions/pointzero/symphony/pm/console/PmConsoleMain.java,1,M,1,14060,482b6b3094254389636943d4d9c52d1e939421756de37e7385a669eae3574ed2,repo_file_state,projectStateDb (sync-project -> syncVersionControlState),versionControlLedger,Rebuilt from git ls-files + git status on each projectStateDb run
pm-tools/build.gradle,1,,1,390,b45a96a1bb89b33ff3379fe301ef21bcf3af7cd97ab5d7048099660aee5137a9,repo_file_state,projectStateDb (sync-project -> syncVersionControlState),versionControlLedger,Rebuilt from git ls-files + git status on each projectStateDb run
pm-tools/src/main/java/solutions/pointzero/symphony/pm/tools/BoilerplateSyncWorkbookUpdater.java,1,,1,18283,20c3603fe10ea33dc3d48bb2e7b6a806c19df61bf19037c53ebe0ecbc68c7c3f,repo_file_state,projectStateDb (sync-project -> syncVersionControlState),versionControlLedger,Rebuilt from git ls-files + git status on each projectStateDb run
pm-tools/src/main/java/solutions/pointzero/symphony/pm/tools/PolicyGovernanceWorkbookUpdater.java,1,,1,5953,c42bff43bb409866e8ccc7745c45e745541e8296d080665f428830bbf8a8c53c,repo_file_state,projectStateDb (sync-project -> syncVersionControlState),versionControlLedger,Rebuilt from git ls-files + git status on each projectStateDb run
pm-tools/src/main/java/solutions/pointzero/symphony/pm/tools/ProjectPlanWorkbookUpdater.java,1,,1,19958,742c4d126692f7c6bbddb4eb6d7cc7f58efc9fc75eeeb7fdd9047c669fd81694,repo_file_state,projectStateDb (sync-project -> syncVersionControlState),versionControlLedger,Rebuilt from git ls-files + git status on each projectStateDb run
pm-tools/src/main/java/solutions/pointzero/symphony/pm/tools/StateDatabaseTool.java,1,M,1,74782,7598531b8222bbdad76306af24206b2a787689e40f8d1353539bbe6f481293f6,repo_file_state,projectStateDb (sync-project -> syncVersionControlState),versionControlLedger,Rebuilt from git ls-files + git status on each projectStateDb run
pm-tools/src/test/,0,??,1,96,,repo_file_state,projectStateDb (sync-project -> syncVersionControlState),versionControlLedger,Rebuilt from git ls-files + git status on each projectStateDb run
pm/checkpoints/20260218T180055Z-0.2.0-beta.1-initial-versioning-rollback/files/AI-POLICY.md,1,,1,7497,d84481aec27a60c4e8653a176deed8cd70f963779fa6c02de46bcd57dc599deb,repo_file_state,projectStateDb (sync-project -> syncVersionControlState),versionControlLedger,Rebuilt from git ls-files + git status on each projectStateDb run
pm/checkpoints/20260218T180055Z-0.2.0-beta.1-initial-versioning-rollback/files/README.md,1,,1,9572,834918b806714c9fbe13d25b80a5c8e69bcbf13ffd6f908536e9fb2a48f082d9,repo_file_state,projectStateDb (sync-project -> syncVersionControlState),versionControlLedger,Rebuilt from git ls-files + git status on each projectStateDb run
pm/checkpoints/20260218T180055Z-0.2.0-beta.1-initial-versioning-rollback/files/SESSION_CHANGELOG.md,1,,1,40996,d9d93d17d535e16f6b90e6695a14616f30193a93f0974bbffd08f82d4357aa6d,repo_file_state,projectStateDb (sync-project -> syncVersionControlState),versionControlLedger,Rebuilt from git ls-files + git status on each projectStateDb run
pm/checkpoints/20260218T180055Z-0.2.0-beta.1-initial-versioning-rollback/files/VERSION,1,,1,13,214374e4ab6ceb79d5fa5ff001fe9bbcbea31c3fd8c6bd42d48e7efaf6b2ce9f,repo_file_state,projectStateDb (sync-project -> syncVersionControlState),versionControlLedger,Rebuilt from git ls-files + git status on each projectStateDb run
pm/checkpoints/20260218T180055Z-0.2.0-beta.1-initial-versioning-rollback/files/build.gradle,1,,1,17717,ef073b2e8955cb9124763fc90dc1e92ae1aa5fca7f9c27248ab84254e429fdff,repo_file_state,projectStateDb (sync-project -> syncVersionControlState),versionControlLedger,Rebuilt from git ls-files + git status on each projectStateDb run
pm/checkpoints/20260218T180055Z-0.2.0-beta.1-initial-versioning-rollback/files/docs/API.md,1,,1,7604,8a8899762535f469313f1d9310f5a3ace7e1abd4de7da40b70dd6362df37ec71,repo_file_state,projectStateDb (sync-project -> syncVersionControlState),versionControlLedger,Rebuilt from git ls-files + git status on each projectStateDb run
pm/checkpoints/20260218T180055Z-0.2.0-beta.1-initial-versioning-rollback/files/docs/issues-log-template.csv,1,,1,275,344c8e1f896da05226f17ce1ccc16eedb36bd7924c13f7545a3c89f5b3c176ce,repo_file_state,projectStateDb (sync-project -> syncVersionControlState),versionControlLedger,Rebuilt from git ls-files + git status on each projectStateDb run
pm/checkpoints/20260218T180055Z-0.2.0-beta.1-initial-versioning-rollback/files/docs/issues-log.csv,1,,1,1390,0066f9e14b934cb42aa52a0ca60ba78e582db5293d2af46eaf4317629d36db4a,repo_file_state,projectStateDb (sync-project -> syncVersionControlState),versionControlLedger,Rebuilt from git ls-files + git status on each projectStateDb run
pm/checkpoints/20260218T180055Z-0.2.0-beta.1-initial-versioning-rollback/files/docs/project-plan-progress.csv,1,,1,4665,545c5c3d64c98450887409f99cfab6ad5449a3a36b1e8a59407f14d3aef2fb9e,repo_file_state,projectStateDb (sync-project -> syncVersionControlState),versionControlLedger,Rebuilt from git ls-files + git status on each projectStateDb run
pm/checkpoints/20260218T180055Z-0.2.0-beta.1-initial-versioning-rollback/files/docs/project-plan-progress.xlsx,1,,1,28212,c17540709436432426cfbc92ec3491fbb8408dd42cdcd5090b8011bfc6326a9b,repo_file_state,projectStateDb (sync-project -> syncVersionControlState),versionControlLedger,Rebuilt from git ls-files + git status on each projectStateDb run
pm/checkpoints/20260218T180055Z-0.2.0-beta.1-initial-versioning-rollback/files/docs/project-plan.md,1,,1,6800,532e84c9276f9c6a48517b797b13183650c5a800385b4db613f1199e9acd6634,repo_file_state,projectStateDb (sync-project -> syncVersionControlState),versionControlLedger,Rebuilt from git ls-files + git status on each projectStateDb run
pm/checkpoints/20260218T180055Z-0.2.0-beta.1-initial-versioning-rollback/files/preview/afp-diag.json,1,,1,14879,3646c33dad1546b12854c076ca1d358c9c7fc3d1edee2819f725d4ef5e77c4b1,repo_file_state,projectStateDb (sync-project -> syncVersionControlState),versionControlLedger,Rebuilt from git ls-files + git status on each projectStateDb run
pm/checkpoints/20260218T180055Z-0.2.0-beta.1-initial-versioning-rollback/files/preview/afp-meta.json,1,,1,58455,1fd6fd98bd19bfe7cca64d00056925cf08d949c9db012a6a6553768f21030d6e,repo_file_state,projectStateDb (sync-project -> syncVersionControlState),versionControlLedger,Rebuilt from git ls-files + git status on each projectStateDb run
pm/checkpoints/20260218T180055Z-0.2.0-beta.1-initial-versioning-rollback/files/preview/afp-output.html,1,,1,3461,f9028529313a32541fadf1c16ac3deb8f209a6970046bbe83a2805afa186ef9b,repo_file_state,projectStateDb (sync-project -> syncVersionControlState),versionControlLedger,Rebuilt from git ls-files + git status on each projectStateDb run
pm/checkpoints/20260218T180055Z-0.2.0-beta.1-initial-versioning-rollback/files/preview/afp-output.pdf,1,,1,1957,bdc97f1bda0183c7879e5efaf1e846d42c3c4bbff5da5ab3853376b928acc031,repo_file_state,projectStateDb (sync-project -> syncVersionControlState),versionControlLedger,Rebuilt from git ls-files + git status on each projectStateDb run
pm/checkpoints/20260218T180055Z-0.2.0-beta.1-initial-versioning-rollback/files/preview/fidelity-report.json,1,,1,2013,9cbf974dc9596d5db8a3a85ed1580aae384c09b007c03fa024bc12e11a49c06f,repo_file_state,projectStateDb (sync-project -> syncVersionControlState),versionControlLedger,Rebuilt from git ls-files + git status on each projectStateDb run
pm/checkpoints/20260218T180055Z-0.2.0-beta.1-initial-versioning-rollback/files/preview/issues-effectiveness.json,1,,1,1315,2d2fea35c60d34246adf601cb8d02001eec85c608b5280e18676b8526a0ec51b,repo_file_state,projectStateDb (sync-project -> syncVersionControlState),versionControlLedger,Rebuilt from git ls-files + git status on each projectStateDb run
pm/checkpoints/20260218T180055Z-0.2.0-beta.1-initial-versioning-rollback/files/preview/issues-log-tickle.json,1,,1,875,79d5eb972ad0b1f79f0efe7c203d716bb91455974ac14bcba54993095e31d059,repo_file_state,projectStateDb (sync-project -> syncVersionControlState),versionControlLedger,Rebuilt from git ls-files + git status on each projectStateDb run
pm/checkpoints/20260218T180055Z-0.2.0-beta.1-initial-versioning-rollback/files/preview/project-plan-next-step.json,1,,1,3787,f04da0af0dbcb13109df91d4fd4225636c74a5dd0b3c6ba721abade56bf2d7ff,repo_file_state,projectStateDb (sync-project -> syncVersionControlState),versionControlLedger,Rebuilt from git ls-files + git status on each projectStateDb run
pm/checkpoints/20260218T180055Z-0.2.0-beta.1-initial-versioning-rollback/files/preview/project-plan-progress-data.json,1,,1,8345,a3e4088bbc2978c6816059bed6ad812a62c664182fabde0009b6e04340922436,repo_file_state,projectStateDb (sync-project -> syncVersionControlState),versionControlLedger,Rebuilt from git ls-files + git status on each projectStateDb run
pm/checkpoints/20260218T180055Z-0.2.0-beta.1-initial-versioning-rollback/files/preview/version.json,1,,1,103,60cd96a07e2706cba05e1374bc90be7a271452094f574136715ae34a1ccabf55,repo_file_state,projectStateDb (sync-project -> syncVersionControlState),versionControlLedger,Rebuilt from git ls-files + git status on each projectStateDb run
pm/checkpoints/20260218T180055Z-0.2.0-beta.1-initial-versioning-rollback/files/settings.gradle,1,,1,79,b8be9525553bf2cfa0bbad17ba3d45f727bee714d0c9ae8757f3127a4de40003,repo_file_state,projectStateDb (sync-project -> syncVersionControlState),versionControlLedger,Rebuilt from git ls-files + git status on each projectStateDb run
pm/checkpoints/20260218T180055Z-0.2.0-beta.1-initial-versioning-rollback/manifest.json,1,,1,3806,e1ea32b9af0da9d9094d67a4a4d3c6f751d25fb63ef3b616c1e071a81d7b5e24,repo_file_state,projectStateDb (sync-project -> syncVersionControlState),versionControlLedger,Rebuilt from git ls-files + git status on each projectStateDb run
pm/checkpoints/20260218T214353Z-0.2.0-beta.1-policy-first-principles-governance-fix/files/AI-POLICY.md,1,,1,15505,009fe3e0c811dda0a3d3e053194271992bec27179c3a9a0bb1a1732dbc58967a,repo_file_state,projectStateDb (sync-project -> syncVersionControlState),versionControlLedger,Rebuilt from git ls-files + git status on each projectStateDb run
pm/checkpoints/20260218T214353Z-0.2.0-beta.1-policy-first-principles-governance-fix/files/README.md,1,,1,11869,0b9d1d10f131739b1aa0aef9f3bf890f04d1bc80c4ad720df931e4039be24bc4,repo_file_state,projectStateDb (sync-project -> syncVersionControlState),versionControlLedger,Rebuilt from git ls-files + git status on each projectStateDb run
pm/checkpoints/20260218T214353Z-0.2.0-beta.1-policy-first-principles-governance-fix/files/SESSION_CHANGELOG.md,1,,1,50702,f15b01105d7bcff103b8083ce6ad076731f9e0c71d62ca0883b2d0c5ba3dd599,repo_file_state,projectStateDb (sync-project -> syncVersionControlState),versionControlLedger,Rebuilt from git ls-files + git status on each projectStateDb run
pm/checkpoints/20260218T214353Z-0.2.0-beta.1-policy-first-principles-governance-fix/files/VERSION,1,,1,13,214374e4ab6ceb79d5fa5ff001fe9bbcbea31c3fd8c6bd42d48e7efaf6b2ce9f,repo_file_state,projectStateDb (sync-project -> syncVersionControlState),versionControlLedger,Rebuilt from git ls-files + git status on each projectStateDb run
pm/checkpoints/20260218T214353Z-0.2.0-beta.1-policy-first-principles-governance-fix/files/build.gradle,1,,1,24990,d590891a62f50d03829d08eebf14503b7e6fa1b59d44e54d69ca3c45f2fbbdc5,repo_file_state,projectStateDb (sync-project -> syncVersionControlState),versionControlLedger,Rebuilt from git ls-files + git status on each projectStateDb run
pm/checkpoints/20260218T214353Z-0.2.0-beta.1-policy-first-principles-governance-fix/files/docs/API.md,1,,1,7604,8a8899762535f469313f1d9310f5a3ace7e1abd4de7da40b70dd6362df37ec71,repo_file_state,projectStateDb (sync-project -> syncVersionControlState),versionControlLedger,Rebuilt from git ls-files + git status on each projectStateDb run
pm/checkpoints/20260218T214353Z-0.2.0-beta.1-policy-first-principles-governance-fix/files/docs/boilerplate-sync-candidates.xlsx,1,,1,6023,2e391fb2fbc0af403de8c79b89411811e9b98124087c67e3611ec5812f2030ff,repo_file_state,projectStateDb (sync-project -> syncVersionControlState),versionControlLedger,Rebuilt from git ls-files + git status on each projectStateDb run
pm/checkpoints/20260218T214353Z-0.2.0-beta.1-policy-first-principles-governance-fix/files/docs/issues-log-template.csv,1,,1,275,344c8e1f896da05226f17ce1ccc16eedb36bd7924c13f7545a3c89f5b3c176ce,repo_file_state,projectStateDb (sync-project -> syncVersionControlState),versionControlLedger,Rebuilt from git ls-files + git status on each projectStateDb run
pm/checkpoints/20260218T214353Z-0.2.0-beta.1-policy-first-principles-governance-fix/files/docs/issues-log.csv,1,,1,5107,4eca7ff5807763a5169d7cc44eb7015462b10bf0fe2d7467ab987251487f9012,repo_file_state,projectStateDb (sync-project -> syncVersionControlState),versionControlLedger,Rebuilt from git ls-files + git status on each projectStateDb run
pm/checkpoints/20260218T214353Z-0.2.0-beta.1-policy-first-principles-governance-fix/files/docs/project-plan-progress.csv,1,,1,5322,9ac737fa4ab84708a3e533a26083c982a3951e7302ef57880ec193aaa2a47aad,repo_file_state,projectStateDb (sync-project -> syncVersionControlState),versionControlLedger,Rebuilt from git ls-files + git status on each projectStateDb run
pm/checkpoints/20260218T214353Z-0.2.0-beta.1-policy-first-principles-governance-fix/files/docs/project-plan-progress.xlsx,1,,1,27821,304f13a6f9bebd685b5332e2f38047516ce1e4ea9bcc2883fb9182a3226af951,repo_file_state,projectStateDb (sync-project -> syncVersionControlState),versionControlLedger,Rebuilt from git ls-files + git status on each projectStateDb run
pm/checkpoints/20260218T214353Z-0.2.0-beta.1-policy-first-principles-governance-fix/files/docs/project-plan.md,1,,1,6891,4e7f6e95637a345803f098d4f00ed37560ff4141830230ce2f998fd16e93061e,repo_file_state,projectStateDb (sync-project -> syncVersionControlState),versionControlLedger,Rebuilt from git ls-files + git status on each projectStateDb run
pm/checkpoints/20260218T214353Z-0.2.0-beta.1-policy-first-principles-governance-fix/files/docs/update-packages/README.md,1,,1,647,51fbae41fc90328204385b0332d3eb0ba87801a75f347d98fec8bfaa3ec1661c,repo_file_state,projectStateDb (sync-project -> syncVersionControlState),versionControlLedger,Rebuilt from git ls-files + git status on each projectStateDb run
pm/checkpoints/20260218T214353Z-0.2.0-beta.1-policy-first-principles-governance-fix/files/docs/update-packages/pz-boilerplate-intelliJ/2026-02-18-boilerplate-sync-triage-workbook/README.md,1,,1,715,3c883eb5a5ab2d5790bc4c1e5170afb67406b9b3beb1ae8c568f0b9f2c8d15a4,repo_file_state,projectStateDb (sync-project -> syncVersionControlState),versionControlLedger,Rebuilt from git ls-files + git status on each projectStateDb run
pm/checkpoints/20260218T214353Z-0.2.0-beta.1-policy-first-principles-governance-fix/files/docs/update-packages/pz-boilerplate-intelliJ/2026-02-18-boilerplate-sync-triage-workbook/apply-checklist.md,1,,1,964,80e4bc1b1d12505e04b8708f2e75b5c899e3aff8787c5f48be5f81a8a29b4e27,repo_file_state,projectStateDb (sync-project -> syncVersionControlState),versionControlLedger,Rebuilt from git ls-files + git status on each projectStateDb run
pm/checkpoints/20260218T214353Z-0.2.0-beta.1-policy-first-principles-governance-fix/files/docs/update-packages/pz-boilerplate-intelliJ/2026-02-18-boilerplate-sync-triage-workbook/fresh-session-prompt.md,1,,1,341,53c5e3a97385e418b0fcb631b4b72d926967e28c7209405004d80911960d47e4,repo_file_state,projectStateDb (sync-project -> syncVersionControlState),versionControlLedger,Rebuilt from git ls-files + git status on each projectStateDb run
pm/checkpoints/20260218T214353Z-0.2.0-beta.1-policy-first-principles-governance-fix/files/docs/update-packages/pz-boilerplate-intelliJ/2026-02-18-boilerplate-sync-triage-workbook/templates/build-gradle-snippets.md,1,,1,2644,0be55ecb63d9a9ab4c906f2fcc721090d9be29a7cf6fc748b73a80cdcc96f2c6,repo_file_state,projectStateDb (sync-project -> syncVersionControlState),versionControlLedger,Rebuilt from git ls-files + git status on each projectStateDb run
pm/checkpoints/20260218T214353Z-0.2.0-beta.1-policy-first-principles-governance-fix/files/docs/update-packages/pz-boilerplate-intelliJ/2026-02-18-boilerplate-sync-triage-workbook/templates/policy-readme-snippets.md,1,,1,544,ed2919736404428a8fec4d5f9d485a6fe3a04499b5ebd8c782c7de43ede8acf9,repo_file_state,projectStateDb (sync-project -> syncVersionControlState),versionControlLedger,Rebuilt from git ls-files + git status on each projectStateDb run
pm/checkpoints/20260218T214353Z-0.2.0-beta.1-policy-first-principles-governance-fix/files/docs/update-packages/pz-boilerplate-intelliJ/2026-02-18-consolidated-framework-sync/README.md,1,,1,947,1b139f93d20e267115fbc052eff0097dee08d900e7871ff7668c9f1ca4e50b03,repo_file_state,projectStateDb (sync-project -> syncVersionControlState),versionControlLedger,Rebuilt from git ls-files + git status on each projectStateDb run
pm/checkpoints/20260218T214353Z-0.2.0-beta.1-policy-first-principles-governance-fix/files/docs/update-packages/pz-boilerplate-intelliJ/2026-02-18-consolidated-framework-sync/apply-checklist.md,1,,1,1258,dbe8e14adfd686efce1a4ca0336c9c3e6b96976554f675cd8becbc56a0d73ee7,repo_file_state,projectStateDb (sync-project -> syncVersionControlState),versionControlLedger,Rebuilt from git ls-files + git status on each projectStateDb run
pm/checkpoints/20260218T214353Z-0.2.0-beta.1-policy-first-principles-governance-fix/files/docs/update-packages/pz-boilerplate-intelliJ/2026-02-18-consolidated-framework-sync/fresh-session-prompt.md,1,,1,498,8c97e855a5a617256d9c6fe637f6c69e6bf4a2077175621677caf5b7b9129f79,repo_file_state,projectStateDb (sync-project -> syncVersionControlState),versionControlLedger,Rebuilt from git ls-files + git status on each projectStateDb run
pm/checkpoints/20260218T214353Z-0.2.0-beta.1-policy-first-principles-governance-fix/files/docs/update-packages/pz-boilerplate-intelliJ/2026-02-18-consolidated-framework-sync/templates/changelog-entry.md,1,,1,320,03cd0ab4670073728606694553fb8bfd448c74e3a7e1fa5d124e04e7f568ac99,repo_file_state,projectStateDb (sync-project -> syncVersionControlState),versionControlLedger,Rebuilt from git ls-files + git status on each projectStateDb run
pm/checkpoints/20260218T214353Z-0.2.0-beta.1-policy-first-principles-governance-fix/files/docs/update-packages/pz-boilerplate-intelliJ/2026-02-18-project-level-rollback-governance-log-sync/README.md,1,,1,832,f509387141904b9c73fd7e4ac77b112ce790f8900ab3453e2b15c22969d1e05b,repo_file_state,projectStateDb (sync-project -> syncVersionControlState),versionControlLedger,Rebuilt from git ls-files + git status on each projectStateDb run
pm/checkpoints/20260218T214353Z-0.2.0-beta.1-policy-first-principles-governance-fix/files/docs/update-packages/pz-boilerplate-intelliJ/2026-02-18-project-level-rollback-governance-log-sync/apply-checklist.md,1,,1,866,ca20cb5d68edaca0713cfd2fac92ae49a810fba48a09308f8685bd4f7a270878,repo_file_state,projectStateDb (sync-project -> syncVersionControlState),versionControlLedger,Rebuilt from git ls-files + git status on each projectStateDb run
pm/checkpoints/20260218T214353Z-0.2.0-beta.1-policy-first-principles-governance-fix/files/docs/update-packages/pz-boilerplate-intelliJ/2026-02-18-project-level-rollback-governance-log-sync/fresh-session-prompt.md,1,,1,508,d6742ca82c20a431486fe11e87b62889896cd9b6ac53e193150ff1b7c9d098fc,repo_file_state,projectStateDb (sync-project -> syncVersionControlState),versionControlLedger,Rebuilt from git ls-files + git status on each projectStateDb run
pm/checkpoints/20260218T214353Z-0.2.0-beta.1-policy-first-principles-governance-fix/files/docs/update-packages/pz-boilerplate-intelliJ/2026-02-18-project-level-rollback-governance-log-sync/templates/process-evolution-entry.md,1,,1,347,0482dccc000409a4ceec06c2b7d906ddcaa187f6919acb0d06c984e22176ea15,repo_file_state,projectStateDb (sync-project -> syncVersionControlState),versionControlLedger,Rebuilt from git ls-files + git status on each projectStateDb run
pm/checkpoints/20260218T214353Z-0.2.0-beta.1-policy-first-principles-governance-fix/files/docs/update-packages/pz-boilerplate-intelliJ/2026-02-18-project-level-rollback-governance-log-sync/templates/session-changelog-entry.md,1,,1,400,d9abe6283afd29a9387b2e34e8059e6128f4bb824cbe998915d280ff61e12ab7,repo_file_state,projectStateDb (sync-project -> syncVersionControlState),versionControlLedger,Rebuilt from git ls-files + git status on each projectStateDb run
pm/checkpoints/20260218T214353Z-0.2.0-beta.1-policy-first-principles-governance-fix/files/docs/update-packages/pz-boilerplate-intelliJ/2026-02-18-project-level-rollback-governance/README.md,1,,1,960,873f815046bb80b32ca8ef159e01b08bc516cfcfbabee8f81c06427b54617dfc,repo_file_state,projectStateDb (sync-project -> syncVersionControlState),versionControlLedger,Rebuilt from git ls-files + git status on each projectStateDb run
pm/checkpoints/20260218T214353Z-0.2.0-beta.1-policy-first-principles-governance-fix/files/docs/update-packages/pz-boilerplate-intelliJ/2026-02-18-project-level-rollback-governance/apply-checklist.md,1,,1,1253,abd11a399b37cecc1dda33507f1bb0a04488ff022806f52163cf48286a467528,repo_file_state,projectStateDb (sync-project -> syncVersionControlState),versionControlLedger,Rebuilt from git ls-files + git status on each projectStateDb run
pm/checkpoints/20260218T214353Z-0.2.0-beta.1-policy-first-principles-governance-fix/files/docs/update-packages/pz-boilerplate-intelliJ/2026-02-18-project-level-rollback-governance/fresh-session-prompt.md,1,,1,635,67e5e1977c95857f3f491ebfd1769cfd4fb55798022d571f0ea056d705f92c5a,repo_file_state,projectStateDb (sync-project -> syncVersionControlState),versionControlLedger,Rebuilt from git ls-files + git status on each projectStateDb run
pm/checkpoints/20260218T214353Z-0.2.0-beta.1-policy-first-principles-governance-fix/files/docs/update-packages/pz-boilerplate-intelliJ/2026-02-18-sqlite-state-tooling/README.md,1,,1,860,76cbc2f6c8ca4c9de676cd0ec632e08396cd94d841caef2ca2295447c9b26281,repo_file_state,projectStateDb (sync-project -> syncVersionControlState),versionControlLedger,Rebuilt from git ls-files + git status on each projectStateDb run
pm/checkpoints/20260218T214353Z-0.2.0-beta.1-policy-first-principles-governance-fix/files/docs/update-packages/pz-boilerplate-intelliJ/2026-02-18-sqlite-state-tooling/apply-checklist.md,1,,1,444,fef5d5e33f8d185596fb9d955170b1b5e04eee3d0b692a3be6d49a7f271a1e2a,repo_file_state,projectStateDb (sync-project -> syncVersionControlState),versionControlLedger,Rebuilt from git ls-files + git status on each projectStateDb run
pm/checkpoints/20260218T214353Z-0.2.0-beta.1-policy-first-principles-governance-fix/files/docs/update-packages/pz-boilerplate-intelliJ/2026-02-18-sqlite-state-tooling/fresh-session-prompt.md,1,,1,575,f8fdb28bc5f77bab09d7ecc9067f44d5f9cc66bc16387b696ace47e31e86197f,repo_file_state,projectStateDb (sync-project -> syncVersionControlState),versionControlLedger,Rebuilt from git ls-files + git status on each projectStateDb run
pm/checkpoints/20260218T214353Z-0.2.0-beta.1-policy-first-principles-governance-fix/files/docs/update-packages/pz-boilerplate-intelliJ/2026-02-18-workbook-change-driven-guard/README.md,1,,1,763,954309b284dc363469a56533c38a40032379fe07599e6a843fbfd189f393fb1c,repo_file_state,projectStateDb (sync-project -> syncVersionControlState),versionControlLedger,Rebuilt from git ls-files + git status on each projectStateDb run
pm/checkpoints/20260218T214353Z-0.2.0-beta.1-policy-first-principles-governance-fix/files/docs/update-packages/pz-boilerplate-intelliJ/2026-02-18-workbook-change-driven-guard/apply-checklist.md,1,,1,1138,3d389a818bc39e7217093091ff06c9d8097952ac5ac2d78cff756ea679456375,repo_file_state,projectStateDb (sync-project -> syncVersionControlState),versionControlLedger,Rebuilt from git ls-files + git status on each projectStateDb run
pm/checkpoints/20260218T214353Z-0.2.0-beta.1-policy-first-principles-governance-fix/files/docs/update-packages/pz-boilerplate-intelliJ/2026-02-18-workbook-change-driven-guard/fresh-session-prompt.md,1,,1,416,bd46a4e240bfb04f640b3d0a446e36703ce0eca84e98205c67381c69f3237493,repo_file_state,projectStateDb (sync-project -> syncVersionControlState),versionControlLedger,Rebuilt from git ls-files + git status on each projectStateDb run
pm/checkpoints/20260218T214353Z-0.2.0-beta.1-policy-first-principles-governance-fix/files/preview/afp-diag.json,1,,1,15099,04209528b5afdc43fc8327bf632a433aa980391321e35118a820bfb9f22f2708,repo_file_state,projectStateDb (sync-project -> syncVersionControlState),versionControlLedger,Rebuilt from git ls-files + git status on each projectStateDb run
pm/checkpoints/20260218T214353Z-0.2.0-beta.1-policy-first-principles-governance-fix/files/preview/afp-meta.json,1,,1,58675,360c0e3657b4af2b676c5b6f2e2291a15b9672b0a8a613221366b690fd34b7db,repo_file_state,projectStateDb (sync-project -> syncVersionControlState),versionControlLedger,Rebuilt from git ls-files + git status on each projectStateDb run
pm/checkpoints/20260218T214353Z-0.2.0-beta.1-policy-first-principles-governance-fix/files/preview/afp-output.html,1,,1,3461,f9028529313a32541fadf1c16ac3deb8f209a6970046bbe83a2805afa186ef9b,repo_file_state,projectStateDb (sync-project -> syncVersionControlState),versionControlLedger,Rebuilt from git ls-files + git status on each projectStateDb run
pm/checkpoints/20260218T214353Z-0.2.0-beta.1-policy-first-principles-governance-fix/files/preview/afp-output.pdf,1,,1,1957,a0e17f63492d512eac21760ebc3f3f624d1c9a5cc92b3fb6b23293e4885b70fe,repo_file_state,projectStateDb (sync-project -> syncVersionControlState),versionControlLedger,Rebuilt from git ls-files + git status on each projectStateDb run
pm/checkpoints/20260218T214353Z-0.2.0-beta.1-policy-first-principles-governance-fix/files/preview/fidelity-report.json,1,,1,2013,b51069baeaa915c7472f97405b1339c44a5aa12ba00c64f3483a294b2ebc6171,repo_file_state,projectStateDb (sync-project -> syncVersionControlState),versionControlLedger,Rebuilt from git ls-files + git status on each projectStateDb run
pm/checkpoints/20260218T214353Z-0.2.0-beta.1-policy-first-principles-governance-fix/files/preview/issues-effectiveness.json,1,,1,1976,6ad8962df4279e394a4cd2ccdf0411883000ebaee2d4c36f8be041a127bf60c2,repo_file_state,projectStateDb (sync-project -> syncVersionControlState),versionControlLedger,Rebuilt from git ls-files + git status on each projectStateDb run
pm/checkpoints/20260218T214353Z-0.2.0-beta.1-policy-first-principles-governance-fix/files/preview/issues-log-tickle.json,1,,1,960,dea49db67d9d7f2ea6fe3b3c88f6433ae87ea2dae6a8cd9aee24d4f821724cb8,repo_file_state,projectStateDb (sync-project -> syncVersionControlState),versionControlLedger,Rebuilt from git ls-files + git status on each projectStateDb run
pm/checkpoints/20260218T214353Z-0.2.0-beta.1-policy-first-principles-governance-fix/files/preview/project-plan-next-step.json,1,,1,3755,978b20219e997f7395df0a1b17653f9e6ec5af0959b643bf5d445e346c22c38f,repo_file_state,projectStateDb (sync-project -> syncVersionControlState),versionControlLedger,Rebuilt from git ls-files + git status on each projectStateDb run
pm/checkpoints/20260218T214353Z-0.2.0-beta.1-policy-first-principles-governance-fix/files/preview/project-plan-progress-data.json,1,,1,9132,3796464430222064ad8a262d1e7d2cd1f36f7ddc61e0a0af82e6aa18662456e6,repo_file_state,projectStateDb (sync-project -> syncVersionControlState),versionControlLedger,Rebuilt from git ls-files + git status on each projectStateDb run
pm/checkpoints/20260218T214353Z-0.2.0-beta.1-policy-first-principles-governance-fix/files/preview/state/boilerplate-state.sqlite,1,,1,20480,2b7ff87bbaabf483f830eb59cdf81e0510e49fe610975c791b9013b88a65a338,repo_file_state,projectStateDb (sync-project -> syncVersionControlState),versionControlLedger,Rebuilt from git ls-files + git status on each projectStateDb run
pm/checkpoints/20260218T214353Z-0.2.0-beta.1-policy-first-principles-governance-fix/files/preview/state/project-state.sqlite,1,,1,40960,0d50913868b45e4dccae1d84538d91a6e7c82eedd9bd32211beddeb15bfc3070,repo_file_state,projectStateDb (sync-project -> syncVersionControlState),versionControlLedger,Rebuilt from git ls-files + git status on each projectStateDb run
pm/checkpoints/20260218T214353Z-0.2.0-beta.1-policy-first-principles-governance-fix/files/preview/version.json,1,,1,103,b1adf14d4db767f67818fbe93f38ef536cbef1ffac652ced213a6356a533feee,repo_file_state,projectStateDb (sync-project -> syncVersionControlState),versionControlLedger,Rebuilt from git ls-files + git status on each projectStateDb run
pm/checkpoints/20260218T214353Z-0.2.0-beta.1-policy-first-principles-governance-fix/files/preview/workbook-refresh-status.json,1,,1,96,da893a9d602c4b0508338ba3e4d68b59fdd719129a918860fea05098d8091968,repo_file_state,projectStateDb (sync-project -> syncVersionControlState),versionControlLedger,Rebuilt from git ls-files + git status on each projectStateDb run
pm/checkpoints/20260218T214353Z-0.2.0-beta.1-policy-first-principles-governance-fix/files/settings.gradle,1,,1,92,51df8722e091c0915963776389e7409938908ffa7944676c50d8846cde34865c,repo_file_state,projectStateDb (sync-project -> syncVersionControlState),versionControlLedger,Rebuilt from git ls-files + git status on each projectStateDb run
pm/checkpoints/20260218T214353Z-0.2.0-beta.1-policy-first-principles-governance-fix/manifest.json,1,,1,10418,9f811e3b71c0c6dbcfcfdd00f2d60c074d6da245cab5c860793705b43de3fab6,repo_file_state,projectStateDb (sync-project -> syncVersionControlState),versionControlLedger,Rebuilt from git ls-files + git status on each projectStateDb run
pm/checkpoints/20260218T214702Z-0.2.0-beta.1-governance-events-workbook/files/AI-POLICY.md,1,,1,15505,009fe3e0c811dda0a3d3e053194271992bec27179c3a9a0bb1a1732dbc58967a,repo_file_state,projectStateDb (sync-project -> syncVersionControlState),versionControlLedger,Rebuilt from git ls-files + git status on each projectStateDb run
pm/checkpoints/20260218T214702Z-0.2.0-beta.1-governance-events-workbook/files/README.md,1,,1,11869,0b9d1d10f131739b1aa0aef9f3bf890f04d1bc80c4ad720df931e4039be24bc4,repo_file_state,projectStateDb (sync-project -> syncVersionControlState),versionControlLedger,Rebuilt from git ls-files + git status on each projectStateDb run
pm/checkpoints/20260218T214702Z-0.2.0-beta.1-governance-events-workbook/files/SESSION_CHANGELOG.md,1,,1,50702,f15b01105d7bcff103b8083ce6ad076731f9e0c71d62ca0883b2d0c5ba3dd599,repo_file_state,projectStateDb (sync-project -> syncVersionControlState),versionControlLedger,Rebuilt from git ls-files + git status on each projectStateDb run
pm/checkpoints/20260218T214702Z-0.2.0-beta.1-governance-events-workbook/files/VERSION,1,,1,13,214374e4ab6ceb79d5fa5ff001fe9bbcbea31c3fd8c6bd42d48e7efaf6b2ce9f,repo_file_state,projectStateDb (sync-project -> syncVersionControlState),versionControlLedger,Rebuilt from git ls-files + git status on each projectStateDb run
pm/checkpoints/20260218T214702Z-0.2.0-beta.1-governance-events-workbook/files/build.gradle,1,,1,24990,d590891a62f50d03829d08eebf14503b7e6fa1b59d44e54d69ca3c45f2fbbdc5,repo_file_state,projectStateDb (sync-project -> syncVersionControlState),versionControlLedger,Rebuilt from git ls-files + git status on each projectStateDb run
pm/checkpoints/20260218T214702Z-0.2.0-beta.1-governance-events-workbook/files/docs/API.md,1,,1,7604,8a8899762535f469313f1d9310f5a3ace7e1abd4de7da40b70dd6362df37ec71,repo_file_state,projectStateDb (sync-project -> syncVersionControlState),versionControlLedger,Rebuilt from git ls-files + git status on each projectStateDb run
pm/checkpoints/20260218T214702Z-0.2.0-beta.1-governance-events-workbook/files/docs/boilerplate-sync-candidates.xlsx,1,,1,6023,2e391fb2fbc0af403de8c79b89411811e9b98124087c67e3611ec5812f2030ff,repo_file_state,projectStateDb (sync-project -> syncVersionControlState),versionControlLedger,Rebuilt from git ls-files + git status on each projectStateDb run
pm/checkpoints/20260218T214702Z-0.2.0-beta.1-governance-events-workbook/files/docs/issues-log-template.csv,1,,1,275,344c8e1f896da05226f17ce1ccc16eedb36bd7924c13f7545a3c89f5b3c176ce,repo_file_state,projectStateDb (sync-project -> syncVersionControlState),versionControlLedger,Rebuilt from git ls-files + git status on each projectStateDb run
pm/checkpoints/20260218T214702Z-0.2.0-beta.1-governance-events-workbook/files/docs/issues-log.csv,1,,1,5107,4eca7ff5807763a5169d7cc44eb7015462b10bf0fe2d7467ab987251487f9012,repo_file_state,projectStateDb (sync-project -> syncVersionControlState),versionControlLedger,Rebuilt from git ls-files + git status on each projectStateDb run
pm/checkpoints/20260218T214702Z-0.2.0-beta.1-governance-events-workbook/files/docs/project-plan-progress.csv,1,,1,5322,9ac737fa4ab84708a3e533a26083c982a3951e7302ef57880ec193aaa2a47aad,repo_file_state,projectStateDb (sync-project -> syncVersionControlState),versionControlLedger,Rebuilt from git ls-files + git status on each projectStateDb run
pm/checkpoints/20260218T214702Z-0.2.0-beta.1-governance-events-workbook/files/docs/project-plan-progress.xlsx,1,,1,27821,304f13a6f9bebd685b5332e2f38047516ce1e4ea9bcc2883fb9182a3226af951,repo_file_state,projectStateDb (sync-project -> syncVersionControlState),versionControlLedger,Rebuilt from git ls-files + git status on each projectStateDb run
pm/checkpoints/20260218T214702Z-0.2.0-beta.1-governance-events-workbook/files/docs/project-plan.md,1,,1,6891,4e7f6e95637a345803f098d4f00ed37560ff4141830230ce2f998fd16e93061e,repo_file_state,projectStateDb (sync-project -> syncVersionControlState),versionControlLedger,Rebuilt from git ls-files + git status on each projectStateDb run
pm/checkpoints/20260218T214702Z-0.2.0-beta.1-governance-events-workbook/files/docs/update-packages/README.md,1,,1,647,51fbae41fc90328204385b0332d3eb0ba87801a75f347d98fec8bfaa3ec1661c,repo_file_state,projectStateDb (sync-project -> syncVersionControlState),versionControlLedger,Rebuilt from git ls-files + git status on each projectStateDb run
pm/checkpoints/20260218T214702Z-0.2.0-beta.1-governance-events-workbook/files/docs/update-packages/pz-boilerplate-intelliJ/2026-02-18-boilerplate-sync-triage-workbook/README.md,1,,1,715,3c883eb5a5ab2d5790bc4c1e5170afb67406b9b3beb1ae8c568f0b9f2c8d15a4,repo_file_state,projectStateDb (sync-project -> syncVersionControlState),versionControlLedger,Rebuilt from git ls-files + git status on each projectStateDb run
pm/checkpoints/20260218T214702Z-0.2.0-beta.1-governance-events-workbook/files/docs/update-packages/pz-boilerplate-intelliJ/2026-02-18-boilerplate-sync-triage-workbook/apply-checklist.md,1,,1,964,80e4bc1b1d12505e04b8708f2e75b5c899e3aff8787c5f48be5f81a8a29b4e27,repo_file_state,projectStateDb (sync-project -> syncVersionControlState),versionControlLedger,Rebuilt from git ls-files + git status on each projectStateDb run
pm/checkpoints/20260218T214702Z-0.2.0-beta.1-governance-events-workbook/files/docs/update-packages/pz-boilerplate-intelliJ/2026-02-18-boilerplate-sync-triage-workbook/fresh-session-prompt.md,1,,1,341,53c5e3a97385e418b0fcb631b4b72d926967e28c7209405004d80911960d47e4,repo_file_state,projectStateDb (sync-project -> syncVersionControlState),versionControlLedger,Rebuilt from git ls-files + git status on each projectStateDb run
pm/checkpoints/20260218T214702Z-0.2.0-beta.1-governance-events-workbook/files/docs/update-packages/pz-boilerplate-intelliJ/2026-02-18-boilerplate-sync-triage-workbook/templates/build-gradle-snippets.md,1,,1,2644,0be55ecb63d9a9ab4c906f2fcc721090d9be29a7cf6fc748b73a80cdcc96f2c6,repo_file_state,projectStateDb (sync-project -> syncVersionControlState),versionControlLedger,Rebuilt from git ls-files + git status on each projectStateDb run
pm/checkpoints/20260218T214702Z-0.2.0-beta.1-governance-events-workbook/files/docs/update-packages/pz-boilerplate-intelliJ/2026-02-18-boilerplate-sync-triage-workbook/templates/policy-readme-snippets.md,1,,1,544,ed2919736404428a8fec4d5f9d485a6fe3a04499b5ebd8c782c7de43ede8acf9,repo_file_state,projectStateDb (sync-project -> syncVersionControlState),versionControlLedger,Rebuilt from git ls-files + git status on each projectStateDb run
pm/checkpoints/20260218T214702Z-0.2.0-beta.1-governance-events-workbook/files/docs/update-packages/pz-boilerplate-intelliJ/2026-02-18-consolidated-framework-sync/README.md,1,,1,947,1b139f93d20e267115fbc052eff0097dee08d900e7871ff7668c9f1ca4e50b03,repo_file_state,projectStateDb (sync-project -> syncVersionControlState),versionControlLedger,Rebuilt from git ls-files + git status on each projectStateDb run
pm/checkpoints/20260218T214702Z-0.2.0-beta.1-governance-events-workbook/files/docs/update-packages/pz-boilerplate-intelliJ/2026-02-18-consolidated-framework-sync/apply-checklist.md,1,,1,1258,dbe8e14adfd686efce1a4ca0336c9c3e6b96976554f675cd8becbc56a0d73ee7,repo_file_state,projectStateDb (sync-project -> syncVersionControlState),versionControlLedger,Rebuilt from git ls-files + git status on each projectStateDb run
pm/checkpoints/20260218T214702Z-0.2.0-beta.1-governance-events-workbook/files/docs/update-packages/pz-boilerplate-intelliJ/2026-02-18-consolidated-framework-sync/fresh-session-prompt.md,1,,1,498,8c97e855a5a617256d9c6fe637f6c69e6bf4a2077175621677caf5b7b9129f79,repo_file_state,projectStateDb (sync-project -> syncVersionControlState),versionControlLedger,Rebuilt from git ls-files + git status on each projectStateDb run
pm/checkpoints/20260218T214702Z-0.2.0-beta.1-governance-events-workbook/files/docs/update-packages/pz-boilerplate-intelliJ/2026-02-18-consolidated-framework-sync/templates/changelog-entry.md,1,,1,320,03cd0ab4670073728606694553fb8bfd448c74e3a7e1fa5d124e04e7f568ac99,repo_file_state,projectStateDb (sync-project -> syncVersionControlState),versionControlLedger,Rebuilt from git ls-files + git status on each projectStateDb run
pm/checkpoints/20260218T214702Z-0.2.0-beta.1-governance-events-workbook/files/docs/update-packages/pz-boilerplate-intelliJ/2026-02-18-project-level-rollback-governance-log-sync/README.md,1,,1,832,f509387141904b9c73fd7e4ac77b112ce790f8900ab3453e2b15c22969d1e05b,repo_file_state,projectStateDb (sync-project -> syncVersionControlState),versionControlLedger,Rebuilt from git ls-files + git status on each projectStateDb run
pm/checkpoints/20260218T214702Z-0.2.0-beta.1-governance-events-workbook/files/docs/update-packages/pz-boilerplate-intelliJ/2026-02-18-project-level-rollback-governance-log-sync/apply-checklist.md,1,,1,866,ca20cb5d68edaca0713cfd2fac92ae49a810fba48a09308f8685bd4f7a270878,repo_file_state,projectStateDb (sync-project -> syncVersionControlState),versionControlLedger,Rebuilt from git ls-files + git status on each projectStateDb run
pm/checkpoints/20260218T214702Z-0.2.0-beta.1-governance-events-workbook/files/docs/update-packages/pz-boilerplate-intelliJ/2026-02-18-project-level-rollback-governance-log-sync/fresh-session-prompt.md,1,,1,508,d6742ca82c20a431486fe11e87b62889896cd9b6ac53e193150ff1b7c9d098fc,repo_file_state,projectStateDb (sync-project -> syncVersionControlState),versionControlLedger,Rebuilt from git ls-files + git status on each projectStateDb run
pm/checkpoints/20260218T214702Z-0.2.0-beta.1-governance-events-workbook/files/docs/update-packages/pz-boilerplate-intelliJ/2026-02-18-project-level-rollback-governance-log-sync/templates/process-evolution-entry.md,1,,1,347,0482dccc000409a4ceec06c2b7d906ddcaa187f6919acb0d06c984e22176ea15,repo_file_state,projectStateDb (sync-project -> syncVersionControlState),versionControlLedger,Rebuilt from git ls-files + git status on each projectStateDb run
pm/checkpoints/20260218T214702Z-0.2.0-beta.1-governance-events-workbook/files/docs/update-packages/pz-boilerplate-intelliJ/2026-02-18-project-level-rollback-governance-log-sync/templates/session-changelog-entry.md,1,,1,400,d9abe6283afd29a9387b2e34e8059e6128f4bb824cbe998915d280ff61e12ab7,repo_file_state,projectStateDb (sync-project -> syncVersionControlState),versionControlLedger,Rebuilt from git ls-files + git status on each projectStateDb run
pm/checkpoints/20260218T214702Z-0.2.0-beta.1-governance-events-workbook/files/docs/update-packages/pz-boilerplate-intelliJ/2026-02-18-project-level-rollback-governance/README.md,1,,1,960,873f815046bb80b32ca8ef159e01b08bc516cfcfbabee8f81c06427b54617dfc,repo_file_state,projectStateDb (sync-project -> syncVersionControlState),versionControlLedger,Rebuilt from git ls-files + git status on each projectStateDb run
pm/checkpoints/20260218T214702Z-0.2.0-beta.1-governance-events-workbook/files/docs/update-packages/pz-boilerplate-intelliJ/2026-02-18-project-level-rollback-governance/apply-checklist.md,1,,1,1253,abd11a399b37cecc1dda33507f1bb0a04488ff022806f52163cf48286a467528,repo_file_state,projectStateDb (sync-project -> syncVersionControlState),versionControlLedger,Rebuilt from git ls-files + git status on each projectStateDb run
pm/checkpoints/20260218T214702Z-0.2.0-beta.1-governance-events-workbook/files/docs/update-packages/pz-boilerplate-intelliJ/2026-02-18-project-level-rollback-governance/fresh-session-prompt.md,1,,1,635,67e5e1977c95857f3f491ebfd1769cfd4fb55798022d571f0ea056d705f92c5a,repo_file_state,projectStateDb (sync-project -> syncVersionControlState),versionControlLedger,Rebuilt from git ls-files + git status on each projectStateDb run
pm/checkpoints/20260218T214702Z-0.2.0-beta.1-governance-events-workbook/files/docs/update-packages/pz-boilerplate-intelliJ/2026-02-18-sqlite-state-tooling/README.md,1,,1,860,76cbc2f6c8ca4c9de676cd0ec632e08396cd94d841caef2ca2295447c9b26281,repo_file_state,projectStateDb (sync-project -> syncVersionControlState),versionControlLedger,Rebuilt from git ls-files + git status on each projectStateDb run
pm/checkpoints/20260218T214702Z-0.2.0-beta.1-governance-events-workbook/files/docs/update-packages/pz-boilerplate-intelliJ/2026-02-18-sqlite-state-tooling/apply-checklist.md,1,,1,444,fef5d5e33f8d185596fb9d955170b1b5e04eee3d0b692a3be6d49a7f271a1e2a,repo_file_state,projectStateDb (sync-project -> syncVersionControlState),versionControlLedger,Rebuilt from git ls-files + git status on each projectStateDb run
pm/checkpoints/20260218T214702Z-0.2.0-beta.1-governance-events-workbook/files/docs/update-packages/pz-boilerplate-intelliJ/2026-02-18-sqlite-state-tooling/fresh-session-prompt.md,1,,1,575,f8fdb28bc5f77bab09d7ecc9067f44d5f9cc66bc16387b696ace47e31e86197f,repo_file_state,projectStateDb (sync-project -> syncVersionControlState),versionControlLedger,Rebuilt from git ls-files + git status on each projectStateDb run
pm/checkpoints/20260218T214702Z-0.2.0-beta.1-governance-events-workbook/files/docs/update-packages/pz-boilerplate-intelliJ/2026-02-18-workbook-change-driven-guard/README.md,1,,1,763,954309b284dc363469a56533c38a40032379fe07599e6a843fbfd189f393fb1c,repo_file_state,projectStateDb (sync-project -> syncVersionControlState),versionControlLedger,Rebuilt from git ls-files + git status on each projectStateDb run
pm/checkpoints/20260218T214702Z-0.2.0-beta.1-governance-events-workbook/files/docs/update-packages/pz-boilerplate-intelliJ/2026-02-18-workbook-change-driven-guard/apply-checklist.md,1,,1,1138,3d389a818bc39e7217093091ff06c9d8097952ac5ac2d78cff756ea679456375,repo_file_state,projectStateDb (sync-project -> syncVersionControlState),versionControlLedger,Rebuilt from git ls-files + git status on each projectStateDb run
pm/checkpoints/20260218T214702Z-0.2.0-beta.1-governance-events-workbook/files/docs/update-packages/pz-boilerplate-intelliJ/2026-02-18-workbook-change-driven-guard/fresh-session-prompt.md,1,,1,416,bd46a4e240bfb04f640b3d0a446e36703ce0eca84e98205c67381c69f3237493,repo_file_state,projectStateDb (sync-project -> syncVersionControlState),versionControlLedger,Rebuilt from git ls-files + git status on each projectStateDb run
pm/checkpoints/20260218T214702Z-0.2.0-beta.1-governance-events-workbook/files/preview/afp-diag.json,1,,1,15099,04209528b5afdc43fc8327bf632a433aa980391321e35118a820bfb9f22f2708,repo_file_state,projectStateDb (sync-project -> syncVersionControlState),versionControlLedger,Rebuilt from git ls-files + git status on each projectStateDb run
pm/checkpoints/20260218T214702Z-0.2.0-beta.1-governance-events-workbook/files/preview/afp-meta.json,1,,1,58675,360c0e3657b4af2b676c5b6f2e2291a15b9672b0a8a613221366b690fd34b7db,repo_file_state,projectStateDb (sync-project -> syncVersionControlState),versionControlLedger,Rebuilt from git ls-files + git status on each projectStateDb run
pm/checkpoints/20260218T214702Z-0.2.0-beta.1-governance-events-workbook/files/preview/afp-output.html,1,,1,3461,f9028529313a32541fadf1c16ac3deb8f209a6970046bbe83a2805afa186ef9b,repo_file_state,projectStateDb (sync-project -> syncVersionControlState),versionControlLedger,Rebuilt from git ls-files + git status on each projectStateDb run
pm/checkpoints/20260218T214702Z-0.2.0-beta.1-governance-events-workbook/files/preview/afp-output.pdf,1,,1,1957,5669734b3512eede73e99e489f2be260aa08cd615de0eaae0a11ca1a7330bf3c,repo_file_state,projectStateDb (sync-project -> syncVersionControlState),versionControlLedger,Rebuilt from git ls-files + git status on each projectStateDb run
pm/checkpoints/20260218T214702Z-0.2.0-beta.1-governance-events-workbook/files/preview/fidelity-report.json,1,,1,2013,b51069baeaa915c7472f97405b1339c44a5aa12ba00c64f3483a294b2ebc6171,repo_file_state,projectStateDb (sync-project -> syncVersionControlState),versionControlLedger,Rebuilt from git ls-files + git status on each projectStateDb run
pm/checkpoints/20260218T214702Z-0.2.0-beta.1-governance-events-workbook/files/preview/issues-effectiveness.json,1,,1,2274,39b54f2c45083ba46d7bb5714fc7c79d1ac59acec0617af0c0fc893b91ac975c,repo_file_state,projectStateDb (sync-project -> syncVersionControlState),versionControlLedger,Rebuilt from git ls-files + git status on each projectStateDb run
pm/checkpoints/20260218T214702Z-0.2.0-beta.1-governance-events-workbook/files/preview/issues-log-tickle.json,1,,1,1258,60b98769cecce2acb8122d992b1645891dc71994601fa7450682b8f637167732,repo_file_state,projectStateDb (sync-project -> syncVersionControlState),versionControlLedger,Rebuilt from git ls-files + git status on each projectStateDb run
pm/checkpoints/20260218T214702Z-0.2.0-beta.1-governance-events-workbook/files/preview/project-plan-next-step.json,1,,1,3755,82651caa481068260667817b08e9a930a04f2abecc3e6fd1335d7a5cd799ae0e,repo_file_state,projectStateDb (sync-project -> syncVersionControlState),versionControlLedger,Rebuilt from git ls-files + git status on each projectStateDb run
pm/checkpoints/20260218T214702Z-0.2.0-beta.1-governance-events-workbook/files/preview/project-plan-progress-data.json,1,,1,9132,70a35b881cd87e33158107da01b67cb60823b6f2d4329517169da147d1935306,repo_file_state,projectStateDb (sync-project -> syncVersionControlState),versionControlLedger,Rebuilt from git ls-files + git status on each projectStateDb run
pm/checkpoints/20260218T214702Z-0.2.0-beta.1-governance-events-workbook/files/preview/state/boilerplate-state.sqlite,1,,1,20480,b27636836165583fcfa933cd491d671a257ca1a0ef1167463c6c7c186b7c6076,repo_file_state,projectStateDb (sync-project -> syncVersionControlState),versionControlLedger,Rebuilt from git ls-files + git status on each projectStateDb run
pm/checkpoints/20260218T214702Z-0.2.0-beta.1-governance-events-workbook/files/preview/state/project-state.sqlite,1,,1,40960,1169b183cdd8e04e134af121f01071580aa40dc7ade79751410ac10b572ae8ad,repo_file_state,projectStateDb (sync-project -> syncVersionControlState),versionControlLedger,Rebuilt from git ls-files + git status on each projectStateDb run
pm/checkpoints/20260218T214702Z-0.2.0-beta.1-governance-events-workbook/files/preview/version.json,1,,1,103,d76c283d8eecd847d35abe51f2b34b2407fd13590382d7f3efe5882800873a90,repo_file_state,projectStateDb (sync-project -> syncVersionControlState),versionControlLedger,Rebuilt from git ls-files + git status on each projectStateDb run
pm/checkpoints/20260218T214702Z-0.2.0-beta.1-governance-events-workbook/files/preview/workbook-refresh-status.json,1,,1,96,da893a9d602c4b0508338ba3e4d68b59fdd719129a918860fea05098d8091968,repo_file_state,projectStateDb (sync-project -> syncVersionControlState),versionControlLedger,Rebuilt from git ls-files + git status on each projectStateDb run
pm/checkpoints/20260218T214702Z-0.2.0-beta.1-governance-events-workbook/files/settings.gradle,1,,1,92,51df8722e091c0915963776389e7409938908ffa7944676c50d8846cde34865c,repo_file_state,projectStateDb (sync-project -> syncVersionControlState),versionControlLedger,Rebuilt from git ls-files + git status on each projectStateDb run
pm/checkpoints/20260218T214702Z-0.2.0-beta.1-governance-events-workbook/manifest.json,1,,1,10395,cc427b72384e39c66a36158e216cdca3b1735cb25ecde2d1cfe2c0adbc14c471,repo_file_state,projectStateDb (sync-project -> syncVersionControlState),versionControlLedger,Rebuilt from git ls-files + git status on each projectStateDb run
pm/checkpoints/20260218T215420Z-0.2.0-beta.1-governance-breach-and-trust-sot/files/AI-POLICY.md,1,,1,15823,becb9be44b31d210c476782eb8dee99a46e123ceed245f7e10fbfe9b8e0faa9b,repo_file_state,projectStateDb (sync-project -> syncVersionControlState),versionControlLedger,Rebuilt from git ls-files + git status on each projectStateDb run
pm/checkpoints/20260218T215420Z-0.2.0-beta.1-governance-breach-and-trust-sot/files/README.md,1,,1,12232,8e6cd2598ff619c3eb048cb680b7667d5ad1856a04efb8762ff72014ca12dabf,repo_file_state,projectStateDb (sync-project -> syncVersionControlState),versionControlLedger,Rebuilt from git ls-files + git status on each projectStateDb run
pm/checkpoints/20260218T215420Z-0.2.0-beta.1-governance-breach-and-trust-sot/files/SESSION_CHANGELOG.md,1,,1,51304,a9be005b411864dc5e44ccbc9221ca42d76a16148220240b45814bf70203134e,repo_file_state,projectStateDb (sync-project -> syncVersionControlState),versionControlLedger,Rebuilt from git ls-files + git status on each projectStateDb run
pm/checkpoints/20260218T215420Z-0.2.0-beta.1-governance-breach-and-trust-sot/files/VERSION,1,,1,13,214374e4ab6ceb79d5fa5ff001fe9bbcbea31c3fd8c6bd42d48e7efaf6b2ce9f,repo_file_state,projectStateDb (sync-project -> syncVersionControlState),versionControlLedger,Rebuilt from git ls-files + git status on each projectStateDb run
pm/checkpoints/20260218T215420Z-0.2.0-beta.1-governance-breach-and-trust-sot/files/build.gradle,1,,1,26922,7ba8c151a8c6e0d7baf499cde513b54a925e7c105d8c8b8885356a140bd93bb1,repo_file_state,projectStateDb (sync-project -> syncVersionControlState),versionControlLedger,Rebuilt from git ls-files + git status on each projectStateDb run
pm/checkpoints/20260218T215420Z-0.2.0-beta.1-governance-breach-and-trust-sot/files/docs/API.md,1,,1,7604,8a8899762535f469313f1d9310f5a3ace7e1abd4de7da40b70dd6362df37ec71,repo_file_state,projectStateDb (sync-project -> syncVersionControlState),versionControlLedger,Rebuilt from git ls-files + git status on each projectStateDb run
pm/checkpoints/20260218T215420Z-0.2.0-beta.1-governance-breach-and-trust-sot/files/docs/boilerplate-sync-candidates.xlsx,1,,1,6260,6f9cf354cfecce81b742c0aaf18326764210ab422c85cb12fd962a41a0cb40f6,repo_file_state,projectStateDb (sync-project -> syncVersionControlState),versionControlLedger,Rebuilt from git ls-files + git status on each projectStateDb run
pm/checkpoints/20260218T215420Z-0.2.0-beta.1-governance-breach-and-trust-sot/files/docs/issues-log-template.csv,1,,1,275,344c8e1f896da05226f17ce1ccc16eedb36bd7924c13f7545a3c89f5b3c176ce,repo_file_state,projectStateDb (sync-project -> syncVersionControlState),versionControlLedger,Rebuilt from git ls-files + git status on each projectStateDb run
pm/checkpoints/20260218T215420Z-0.2.0-beta.1-governance-breach-and-trust-sot/files/docs/issues-log.csv,1,,1,5358,898552b05ad344375759f3aedb7d5258862be95d29a533d00f132e98434178b2,repo_file_state,projectStateDb (sync-project -> syncVersionControlState),versionControlLedger,Rebuilt from git ls-files + git status on each projectStateDb run
pm/checkpoints/20260218T215420Z-0.2.0-beta.1-governance-breach-and-trust-sot/files/docs/policy-governance-events.csv,1,,1,864,8eeb1eaaa3737c79f288135be9aeb059280015025503984de8992b47b082aa50,repo_file_state,projectStateDb (sync-project -> syncVersionControlState),versionControlLedger,Rebuilt from git ls-files + git status on each projectStateDb run
pm/checkpoints/20260218T215420Z-0.2.0-beta.1-governance-breach-and-trust-sot/files/docs/policy-governance-events.xlsx,1,,1,3937,27f12e64458d1c944203cc4f594797518de28d2da73eadaecc6cc6a2f067e18d,repo_file_state,projectStateDb (sync-project -> syncVersionControlState),versionControlLedger,Rebuilt from git ls-files + git status on each projectStateDb run
pm/checkpoints/20260218T215420Z-0.2.0-beta.1-governance-breach-and-trust-sot/files/docs/project-plan-progress.csv,1,,1,5322,9ac737fa4ab84708a3e533a26083c982a3951e7302ef57880ec193aaa2a47aad,repo_file_state,projectStateDb (sync-project -> syncVersionControlState),versionControlLedger,Rebuilt from git ls-files + git status on each projectStateDb run
pm/checkpoints/20260218T215420Z-0.2.0-beta.1-governance-breach-and-trust-sot/files/docs/project-plan-progress.xlsx,1,,1,27821,304f13a6f9bebd685b5332e2f38047516ce1e4ea9bcc2883fb9182a3226af951,repo_file_state,projectStateDb (sync-project -> syncVersionControlState),versionControlLedger,Rebuilt from git ls-files + git status on each projectStateDb run
pm/checkpoints/20260218T215420Z-0.2.0-beta.1-governance-breach-and-trust-sot/files/docs/project-plan.md,1,,1,6891,4e7f6e95637a345803f098d4f00ed37560ff4141830230ce2f998fd16e93061e,repo_file_state,projectStateDb (sync-project -> syncVersionControlState),versionControlLedger,Rebuilt from git ls-files + git status on each projectStateDb run
pm/checkpoints/20260218T215420Z-0.2.0-beta.1-governance-breach-and-trust-sot/files/docs/update-packages/README.md,1,,1,647,51fbae41fc90328204385b0332d3eb0ba87801a75f347d98fec8bfaa3ec1661c,repo_file_state,projectStateDb (sync-project -> syncVersionControlState),versionControlLedger,Rebuilt from git ls-files + git status on each projectStateDb run
pm/checkpoints/20260218T215420Z-0.2.0-beta.1-governance-breach-and-trust-sot/files/docs/update-packages/pz-boilerplate-intelliJ/2026-02-18-boilerplate-sync-triage-workbook/README.md,1,,1,715,3c883eb5a5ab2d5790bc4c1e5170afb67406b9b3beb1ae8c568f0b9f2c8d15a4,repo_file_state,projectStateDb (sync-project -> syncVersionControlState),versionControlLedger,Rebuilt from git ls-files + git status on each projectStateDb run
pm/checkpoints/20260218T215420Z-0.2.0-beta.1-governance-breach-and-trust-sot/files/docs/update-packages/pz-boilerplate-intelliJ/2026-02-18-boilerplate-sync-triage-workbook/apply-checklist.md,1,,1,964,80e4bc1b1d12505e04b8708f2e75b5c899e3aff8787c5f48be5f81a8a29b4e27,repo_file_state,projectStateDb (sync-project -> syncVersionControlState),versionControlLedger,Rebuilt from git ls-files + git status on each projectStateDb run
pm/checkpoints/20260218T215420Z-0.2.0-beta.1-governance-breach-and-trust-sot/files/docs/update-packages/pz-boilerplate-intelliJ/2026-02-18-boilerplate-sync-triage-workbook/fresh-session-prompt.md,1,,1,341,53c5e3a97385e418b0fcb631b4b72d926967e28c7209405004d80911960d47e4,repo_file_state,projectStateDb (sync-project -> syncVersionControlState),versionControlLedger,Rebuilt from git ls-files + git status on each projectStateDb run
pm/checkpoints/20260218T215420Z-0.2.0-beta.1-governance-breach-and-trust-sot/files/docs/update-packages/pz-boilerplate-intelliJ/2026-02-18-boilerplate-sync-triage-workbook/templates/build-gradle-snippets.md,1,,1,2644,0be55ecb63d9a9ab4c906f2fcc721090d9be29a7cf6fc748b73a80cdcc96f2c6,repo_file_state,projectStateDb (sync-project -> syncVersionControlState),versionControlLedger,Rebuilt from git ls-files + git status on each projectStateDb run
pm/checkpoints/20260218T215420Z-0.2.0-beta.1-governance-breach-and-trust-sot/files/docs/update-packages/pz-boilerplate-intelliJ/2026-02-18-boilerplate-sync-triage-workbook/templates/policy-readme-snippets.md,1,,1,544,ed2919736404428a8fec4d5f9d485a6fe3a04499b5ebd8c782c7de43ede8acf9,repo_file_state,projectStateDb (sync-project -> syncVersionControlState),versionControlLedger,Rebuilt from git ls-files + git status on each projectStateDb run
pm/checkpoints/20260218T215420Z-0.2.0-beta.1-governance-breach-and-trust-sot/files/docs/update-packages/pz-boilerplate-intelliJ/2026-02-18-consolidated-framework-sync/README.md,1,,1,947,1b139f93d20e267115fbc052eff0097dee08d900e7871ff7668c9f1ca4e50b03,repo_file_state,projectStateDb (sync-project -> syncVersionControlState),versionControlLedger,Rebuilt from git ls-files + git status on each projectStateDb run
pm/checkpoints/20260218T215420Z-0.2.0-beta.1-governance-breach-and-trust-sot/files/docs/update-packages/pz-boilerplate-intelliJ/2026-02-18-consolidated-framework-sync/apply-checklist.md,1,,1,1258,dbe8e14adfd686efce1a4ca0336c9c3e6b96976554f675cd8becbc56a0d73ee7,repo_file_state,projectStateDb (sync-project -> syncVersionControlState),versionControlLedger,Rebuilt from git ls-files + git status on each projectStateDb run
pm/checkpoints/20260218T215420Z-0.2.0-beta.1-governance-breach-and-trust-sot/files/docs/update-packages/pz-boilerplate-intelliJ/2026-02-18-consolidated-framework-sync/fresh-session-prompt.md,1,,1,498,8c97e855a5a617256d9c6fe637f6c69e6bf4a2077175621677caf5b7b9129f79,repo_file_state,projectStateDb (sync-project -> syncVersionControlState),versionControlLedger,Rebuilt from git ls-files + git status on each projectStateDb run
pm/checkpoints/20260218T215420Z-0.2.0-beta.1-governance-breach-and-trust-sot/files/docs/update-packages/pz-boilerplate-intelliJ/2026-02-18-consolidated-framework-sync/templates/changelog-entry.md,1,,1,320,03cd0ab4670073728606694553fb8bfd448c74e3a7e1fa5d124e04e7f568ac99,repo_file_state,projectStateDb (sync-project -> syncVersionControlState),versionControlLedger,Rebuilt from git ls-files + git status on each projectStateDb run
pm/checkpoints/20260218T215420Z-0.2.0-beta.1-governance-breach-and-trust-sot/files/docs/update-packages/pz-boilerplate-intelliJ/2026-02-18-governance-events-workbook/README.md,1,,1,454,0e44bd96549cdd73a0dd9ef4d285e9392e11e466893957c6348bffcffcb11d10,repo_file_state,projectStateDb (sync-project -> syncVersionControlState),versionControlLedger,Rebuilt from git ls-files + git status on each projectStateDb run
pm/checkpoints/20260218T215420Z-0.2.0-beta.1-governance-breach-and-trust-sot/files/docs/update-packages/pz-boilerplate-intelliJ/2026-02-18-governance-events-workbook/apply-checklist.md,1,,1,116,90e9b9c71fa2f7a93527bb7b8762329e58cc980fe86143fa1bc5e0b4b5340f4c,repo_file_state,projectStateDb (sync-project -> syncVersionControlState),versionControlLedger,Rebuilt from git ls-files + git status on each projectStateDb run
pm/checkpoints/20260218T215420Z-0.2.0-beta.1-governance-breach-and-trust-sot/files/docs/update-packages/pz-boilerplate-intelliJ/2026-02-18-governance-events-workbook/fresh-session-prompt.md,1,,1,70,ea7d6de41bfeef2fff5f60789d824a4c767d5532e5d4de43969913c3eefb3ad4,repo_file_state,projectStateDb (sync-project -> syncVersionControlState),versionControlLedger,Rebuilt from git ls-files + git status on each projectStateDb run
pm/checkpoints/20260218T215420Z-0.2.0-beta.1-governance-breach-and-trust-sot/files/docs/update-packages/pz-boilerplate-intelliJ/2026-02-18-project-level-rollback-governance-log-sync/README.md,1,,1,832,f509387141904b9c73fd7e4ac77b112ce790f8900ab3453e2b15c22969d1e05b,repo_file_state,projectStateDb (sync-project -> syncVersionControlState),versionControlLedger,Rebuilt from git ls-files + git status on each projectStateDb run
pm/checkpoints/20260218T215420Z-0.2.0-beta.1-governance-breach-and-trust-sot/files/docs/update-packages/pz-boilerplate-intelliJ/2026-02-18-project-level-rollback-governance-log-sync/apply-checklist.md,1,,1,866,ca20cb5d68edaca0713cfd2fac92ae49a810fba48a09308f8685bd4f7a270878,repo_file_state,projectStateDb (sync-project -> syncVersionControlState),versionControlLedger,Rebuilt from git ls-files + git status on each projectStateDb run
pm/checkpoints/20260218T215420Z-0.2.0-beta.1-governance-breach-and-trust-sot/files/docs/update-packages/pz-boilerplate-intelliJ/2026-02-18-project-level-rollback-governance-log-sync/fresh-session-prompt.md,1,,1,508,d6742ca82c20a431486fe11e87b62889896cd9b6ac53e193150ff1b7c9d098fc,repo_file_state,projectStateDb (sync-project -> syncVersionControlState),versionControlLedger,Rebuilt from git ls-files + git status on each projectStateDb run
pm/checkpoints/20260218T215420Z-0.2.0-beta.1-governance-breach-and-trust-sot/files/docs/update-packages/pz-boilerplate-intelliJ/2026-02-18-project-level-rollback-governance-log-sync/templates/process-evolution-entry.md,1,,1,347,0482dccc000409a4ceec06c2b7d906ddcaa187f6919acb0d06c984e22176ea15,repo_file_state,projectStateDb (sync-project -> syncVersionControlState),versionControlLedger,Rebuilt from git ls-files + git status on each projectStateDb run
pm/checkpoints/20260218T215420Z-0.2.0-beta.1-governance-breach-and-trust-sot/files/docs/update-packages/pz-boilerplate-intelliJ/2026-02-18-project-level-rollback-governance-log-sync/templates/session-changelog-entry.md,1,,1,400,d9abe6283afd29a9387b2e34e8059e6128f4bb824cbe998915d280ff61e12ab7,repo_file_state,projectStateDb (sync-project -> syncVersionControlState),versionControlLedger,Rebuilt from git ls-files + git status on each projectStateDb run
pm/checkpoints/20260218T215420Z-0.2.0-beta.1-governance-breach-and-trust-sot/files/docs/update-packages/pz-boilerplate-intelliJ/2026-02-18-project-level-rollback-governance/README.md,1,,1,960,873f815046bb80b32ca8ef159e01b08bc516cfcfbabee8f81c06427b54617dfc,repo_file_state,projectStateDb (sync-project -> syncVersionControlState),versionControlLedger,Rebuilt from git ls-files + git status on each projectStateDb run
pm/checkpoints/20260218T215420Z-0.2.0-beta.1-governance-breach-and-trust-sot/files/docs/update-packages/pz-boilerplate-intelliJ/2026-02-18-project-level-rollback-governance/apply-checklist.md,1,,1,1253,abd11a399b37cecc1dda33507f1bb0a04488ff022806f52163cf48286a467528,repo_file_state,projectStateDb (sync-project -> syncVersionControlState),versionControlLedger,Rebuilt from git ls-files + git status on each projectStateDb run
pm/checkpoints/20260218T215420Z-0.2.0-beta.1-governance-breach-and-trust-sot/files/docs/update-packages/pz-boilerplate-intelliJ/2026-02-18-project-level-rollback-governance/fresh-session-prompt.md,1,,1,635,67e5e1977c95857f3f491ebfd1769cfd4fb55798022d571f0ea056d705f92c5a,repo_file_state,projectStateDb (sync-project -> syncVersionControlState),versionControlLedger,Rebuilt from git ls-files + git status on each projectStateDb run
pm/checkpoints/20260218T215420Z-0.2.0-beta.1-governance-breach-and-trust-sot/files/docs/update-packages/pz-boilerplate-intelliJ/2026-02-18-sqlite-state-tooling/README.md,1,,1,860,76cbc2f6c8ca4c9de676cd0ec632e08396cd94d841caef2ca2295447c9b26281,repo_file_state,projectStateDb (sync-project -> syncVersionControlState),versionControlLedger,Rebuilt from git ls-files + git status on each projectStateDb run
pm/checkpoints/20260218T215420Z-0.2.0-beta.1-governance-breach-and-trust-sot/files/docs/update-packages/pz-boilerplate-intelliJ/2026-02-18-sqlite-state-tooling/apply-checklist.md,1,,1,444,fef5d5e33f8d185596fb9d955170b1b5e04eee3d0b692a3be6d49a7f271a1e2a,repo_file_state,projectStateDb (sync-project -> syncVersionControlState),versionControlLedger,Rebuilt from git ls-files + git status on each projectStateDb run
pm/checkpoints/20260218T215420Z-0.2.0-beta.1-governance-breach-and-trust-sot/files/docs/update-packages/pz-boilerplate-intelliJ/2026-02-18-sqlite-state-tooling/fresh-session-prompt.md,1,,1,575,f8fdb28bc5f77bab09d7ecc9067f44d5f9cc66bc16387b696ace47e31e86197f,repo_file_state,projectStateDb (sync-project -> syncVersionControlState),versionControlLedger,Rebuilt from git ls-files + git status on each projectStateDb run
pm/checkpoints/20260218T215420Z-0.2.0-beta.1-governance-breach-and-trust-sot/files/docs/update-packages/pz-boilerplate-intelliJ/2026-02-18-workbook-change-driven-guard/README.md,1,,1,763,954309b284dc363469a56533c38a40032379fe07599e6a843fbfd189f393fb1c,repo_file_state,projectStateDb (sync-project -> syncVersionControlState),versionControlLedger,Rebuilt from git ls-files + git status on each projectStateDb run
pm/checkpoints/20260218T215420Z-0.2.0-beta.1-governance-breach-and-trust-sot/files/docs/update-packages/pz-boilerplate-intelliJ/2026-02-18-workbook-change-driven-guard/apply-checklist.md,1,,1,1138,3d389a818bc39e7217093091ff06c9d8097952ac5ac2d78cff756ea679456375,repo_file_state,projectStateDb (sync-project -> syncVersionControlState),versionControlLedger,Rebuilt from git ls-files + git status on each projectStateDb run
pm/checkpoints/20260218T215420Z-0.2.0-beta.1-governance-breach-and-trust-sot/files/docs/update-packages/pz-boilerplate-intelliJ/2026-02-18-workbook-change-driven-guard/fresh-session-prompt.md,1,,1,416,bd46a4e240bfb04f640b3d0a446e36703ce0eca84e98205c67381c69f3237493,repo_file_state,projectStateDb (sync-project -> syncVersionControlState),versionControlLedger,Rebuilt from git ls-files + git status on each projectStateDb run
pm/checkpoints/20260218T215420Z-0.2.0-beta.1-governance-breach-and-trust-sot/files/preview/afp-diag.json,1,,1,15099,04209528b5afdc43fc8327bf632a433aa980391321e35118a820bfb9f22f2708,repo_file_state,projectStateDb (sync-project -> syncVersionControlState),versionControlLedger,Rebuilt from git ls-files + git status on each projectStateDb run
pm/checkpoints/20260218T215420Z-0.2.0-beta.1-governance-breach-and-trust-sot/files/preview/afp-meta.json,1,,1,58675,360c0e3657b4af2b676c5b6f2e2291a15b9672b0a8a613221366b690fd34b7db,repo_file_state,projectStateDb (sync-project -> syncVersionControlState),versionControlLedger,Rebuilt from git ls-files + git status on each projectStateDb run
pm/checkpoints/20260218T215420Z-0.2.0-beta.1-governance-breach-and-trust-sot/files/preview/afp-output.html,1,,1,3461,f9028529313a32541fadf1c16ac3deb8f209a6970046bbe83a2805afa186ef9b,repo_file_state,projectStateDb (sync-project -> syncVersionControlState),versionControlLedger,Rebuilt from git ls-files + git status on each projectStateDb run
pm/checkpoints/20260218T215420Z-0.2.0-beta.1-governance-breach-and-trust-sot/files/preview/afp-output.pdf,1,,1,1957,abb7b6b8e50f8031652ba88d993bcd48b013757af29b1e6c7e2c993034a3db31,repo_file_state,projectStateDb (sync-project -> syncVersionControlState),versionControlLedger,Rebuilt from git ls-files + git status on each projectStateDb run
pm/checkpoints/20260218T215420Z-0.2.0-beta.1-governance-breach-and-trust-sot/files/preview/fidelity-report.json,1,,1,2013,b51069baeaa915c7472f97405b1339c44a5aa12ba00c64f3483a294b2ebc6171,repo_file_state,projectStateDb (sync-project -> syncVersionControlState),versionControlLedger,Rebuilt from git ls-files + git status on each projectStateDb run
pm/checkpoints/20260218T215420Z-0.2.0-beta.1-governance-breach-and-trust-sot/files/preview/issues-effectiveness.json,1,,1,2882,884f22e03a4f42f37f71ae83bb0211806957be60459a4f70d5263b90f1c9e530,repo_file_state,projectStateDb (sync-project -> syncVersionControlState),versionControlLedger,Rebuilt from git ls-files + git status on each projectStateDb run
pm/checkpoints/20260218T215420Z-0.2.0-beta.1-governance-breach-and-trust-sot/files/preview/issues-log-tickle.json,1,,1,1866,f8420a92eb03dfc71de05e7d59c3d23538492c6ab6e1f7f9d4137cd047a6c50d,repo_file_state,projectStateDb (sync-project -> syncVersionControlState),versionControlLedger,Rebuilt from git ls-files + git status on each projectStateDb run
pm/checkpoints/20260218T215420Z-0.2.0-beta.1-governance-breach-and-trust-sot/files/preview/project-plan-next-step.json,1,,1,3755,014d79e7d05f949ef9399df09a12530a8ad9e054a45ab02a3f8d2c8374c6e26a,repo_file_state,projectStateDb (sync-project -> syncVersionControlState),versionControlLedger,Rebuilt from git ls-files + git status on each projectStateDb run
pm/checkpoints/20260218T215420Z-0.2.0-beta.1-governance-breach-and-trust-sot/files/preview/project-plan-progress-data.json,1,,1,9132,e8a9e110b530561bcee622f3e23b1a2601c2a7c0d73c797caa035868667f6ecf,repo_file_state,projectStateDb (sync-project -> syncVersionControlState),versionControlLedger,Rebuilt from git ls-files + git status on each projectStateDb run
pm/checkpoints/20260218T215420Z-0.2.0-beta.1-governance-breach-and-trust-sot/files/preview/state/boilerplate-state.sqlite,1,,1,20480,8540bb808f473fcc683772f9417acf5de30087324b2ef4c5213895f3f5b016e2,repo_file_state,projectStateDb (sync-project -> syncVersionControlState),versionControlLedger,Rebuilt from git ls-files + git status on each projectStateDb run
pm/checkpoints/20260218T215420Z-0.2.0-beta.1-governance-breach-and-trust-sot/files/preview/state/project-state.sqlite,1,,1,40960,f2f238e1c5afbc876528243ec8f8beb8a738b7d1c1260f8ab9b7ae4f7b8eab19,repo_file_state,projectStateDb (sync-project -> syncVersionControlState),versionControlLedger,Rebuilt from git ls-files + git status on each projectStateDb run
pm/checkpoints/20260218T215420Z-0.2.0-beta.1-governance-breach-and-trust-sot/files/preview/version.json,1,,1,103,292f14e53c0e4dc54bc00fb7dc47b5a33009cc999eda975698c991242a72f5c6,repo_file_state,projectStateDb (sync-project -> syncVersionControlState),versionControlLedger,Rebuilt from git ls-files + git status on each projectStateDb run
pm/checkpoints/20260218T215420Z-0.2.0-beta.1-governance-breach-and-trust-sot/files/preview/workbook-refresh-status.json,1,,1,96,da893a9d602c4b0508338ba3e4d68b59fdd719129a918860fea05098d8091968,repo_file_state,projectStateDb (sync-project -> syncVersionControlState),versionControlLedger,Rebuilt from git ls-files + git status on each projectStateDb run
pm/checkpoints/20260218T215420Z-0.2.0-beta.1-governance-breach-and-trust-sot/files/settings.gradle,1,,1,92,51df8722e091c0915963776389e7409938908ffa7944676c50d8846cde34865c,repo_file_state,projectStateDb (sync-project -> syncVersionControlState),versionControlLedger,Rebuilt from git ls-files + git status on each projectStateDb run
pm/checkpoints/20260218T215420Z-0.2.0-beta.1-governance-breach-and-trust-sot/manifest.json,1,,1,11461,2c377eafeae5ee8a4ce8b9f296c237e887cf9cb77d961fc9595fa8f7fe9adbb1,repo_file_state,projectStateDb (sync-project -> syncVersionControlState),versionControlLedger,Rebuilt from git ls-files + git status on each projectStateDb run
pm/checkpoints/20260218T223616Z-0.2.0-beta.1-tooling-registration-first-principle/files/AI-POLICY.md,1,,1,17250,a33262f25309eb3f68d0c24d6f305141fb4ba6fa87e7853e3385c23fbe7c70d6,repo_file_state,projectStateDb (sync-project -> syncVersionControlState),versionControlLedger,Rebuilt from git ls-files + git status on each projectStateDb run
pm/checkpoints/20260218T223616Z-0.2.0-beta.1-tooling-registration-first-principle/files/README.md,1,,1,12918,ecc6c45caada5a2a22759f68920fa5e70ef64c9c79e647babc4f17faa2048e04,repo_file_state,projectStateDb (sync-project -> syncVersionControlState),versionControlLedger,Rebuilt from git ls-files + git status on each projectStateDb run
pm/checkpoints/20260218T223616Z-0.2.0-beta.1-tooling-registration-first-principle/files/SESSION_CHANGELOG.md,1,,1,54104,c64168ace963a892801b3bea3da8deafeace1a513c023873bf655ffabe2a2eb1,repo_file_state,projectStateDb (sync-project -> syncVersionControlState),versionControlLedger,Rebuilt from git ls-files + git status on each projectStateDb run
pm/checkpoints/20260218T223616Z-0.2.0-beta.1-tooling-registration-first-principle/files/VERSION,1,,1,13,214374e4ab6ceb79d5fa5ff001fe9bbcbea31c3fd8c6bd42d48e7efaf6b2ce9f,repo_file_state,projectStateDb (sync-project -> syncVersionControlState),versionControlLedger,Rebuilt from git ls-files + git status on each projectStateDb run
pm/checkpoints/20260218T223616Z-0.2.0-beta.1-tooling-registration-first-principle/files/build.gradle,1,,1,31507,305d20c0d0094be7acffbc03814eec97f95281809a351394df531483924a6e9c,repo_file_state,projectStateDb (sync-project -> syncVersionControlState),versionControlLedger,Rebuilt from git ls-files + git status on each projectStateDb run
pm/checkpoints/20260218T223616Z-0.2.0-beta.1-tooling-registration-first-principle/files/docs/API.md,1,,1,7604,8a8899762535f469313f1d9310f5a3ace7e1abd4de7da40b70dd6362df37ec71,repo_file_state,projectStateDb (sync-project -> syncVersionControlState),versionControlLedger,Rebuilt from git ls-files + git status on each projectStateDb run
pm/checkpoints/20260218T223616Z-0.2.0-beta.1-tooling-registration-first-principle/files/docs/boilerplate-sync-candidates.xlsx,1,,1,7116,d8886fb8aca2873efe576de2f23e32d83c13e70d39dada2e7450eb02ea4cbf34,repo_file_state,projectStateDb (sync-project -> syncVersionControlState),versionControlLedger,Rebuilt from git ls-files + git status on each projectStateDb run
pm/checkpoints/20260218T223616Z-0.2.0-beta.1-tooling-registration-first-principle/files/docs/issues-log-template.csv,1,,1,275,344c8e1f896da05226f17ce1ccc16eedb36bd7924c13f7545a3c89f5b3c176ce,repo_file_state,projectStateDb (sync-project -> syncVersionControlState),versionControlLedger,Rebuilt from git ls-files + git status on each projectStateDb run
pm/checkpoints/20260218T223616Z-0.2.0-beta.1-tooling-registration-first-principle/files/docs/issues-log.csv,1,,1,6035,216a611b516d7a1a017ff4fc698f0693ff14e97233be8c0afdc7cf16fab29625,repo_file_state,projectStateDb (sync-project -> syncVersionControlState),versionControlLedger,Rebuilt from git ls-files + git status on each projectStateDb run
pm/checkpoints/20260218T223616Z-0.2.0-beta.1-tooling-registration-first-principle/files/docs/policy-governance-events.csv,1,,1,1693,b1141c8aa31cc2eeb25c9639c4ce86c2f18702f86ea788be59091d558c45d67e,repo_file_state,projectStateDb (sync-project -> syncVersionControlState),versionControlLedger,Rebuilt from git ls-files + git status on each projectStateDb run
pm/checkpoints/20260218T223616Z-0.2.0-beta.1-tooling-registration-first-principle/files/docs/policy-governance-events.xlsx,1,,1,4246,7f5a93832e8bd17e238b0c05f5062db2aa0044dcd5498e73e6075c12023e8541,repo_file_state,projectStateDb (sync-project -> syncVersionControlState),versionControlLedger,Rebuilt from git ls-files + git status on each projectStateDb run
pm/checkpoints/20260218T223616Z-0.2.0-beta.1-tooling-registration-first-principle/files/docs/project-plan-progress.csv,1,,1,6451,29ce6dd3e18d827675aeaff1b19348c37ac9ba2f9a17a953ca50efe9709fe68d,repo_file_state,projectStateDb (sync-project -> syncVersionControlState),versionControlLedger,Rebuilt from git ls-files + git status on each projectStateDb run
pm/checkpoints/20260218T223616Z-0.2.0-beta.1-tooling-registration-first-principle/files/docs/project-plan-progress.xlsx,1,,1,29340,2b0717c38e169d0d88732a6eb80eeba0284865bcc935cfab546f0a77d7da7ccb,repo_file_state,projectStateDb (sync-project -> syncVersionControlState),versionControlLedger,Rebuilt from git ls-files + git status on each projectStateDb run
pm/checkpoints/20260218T223616Z-0.2.0-beta.1-tooling-registration-first-principle/files/docs/project-plan.md,1,,1,6891,4e7f6e95637a345803f098d4f00ed37560ff4141830230ce2f998fd16e93061e,repo_file_state,projectStateDb (sync-project -> syncVersionControlState),versionControlLedger,Rebuilt from git ls-files + git status on each projectStateDb run
pm/checkpoints/20260218T223616Z-0.2.0-beta.1-tooling-registration-first-principle/files/docs/update-packages/README.md,1,,1,647,51fbae41fc90328204385b0332d3eb0ba87801a75f347d98fec8bfaa3ec1661c,repo_file_state,projectStateDb (sync-project -> syncVersionControlState),versionControlLedger,Rebuilt from git ls-files + git status on each projectStateDb run
pm/checkpoints/20260218T223616Z-0.2.0-beta.1-tooling-registration-first-principle/files/docs/update-packages/pz-boilerplate-intelliJ/2026-02-18-boilerplate-sync-triage-workbook/README.md,1,,1,715,3c883eb5a5ab2d5790bc4c1e5170afb67406b9b3beb1ae8c568f0b9f2c8d15a4,repo_file_state,projectStateDb (sync-project -> syncVersionControlState),versionControlLedger,Rebuilt from git ls-files + git status on each projectStateDb run
pm/checkpoints/20260218T223616Z-0.2.0-beta.1-tooling-registration-first-principle/files/docs/update-packages/pz-boilerplate-intelliJ/2026-02-18-boilerplate-sync-triage-workbook/apply-checklist.md,1,,1,964,80e4bc1b1d12505e04b8708f2e75b5c899e3aff8787c5f48be5f81a8a29b4e27,repo_file_state,projectStateDb (sync-project -> syncVersionControlState),versionControlLedger,Rebuilt from git ls-files + git status on each projectStateDb run
pm/checkpoints/20260218T223616Z-0.2.0-beta.1-tooling-registration-first-principle/files/docs/update-packages/pz-boilerplate-intelliJ/2026-02-18-boilerplate-sync-triage-workbook/fresh-session-prompt.md,1,,1,341,53c5e3a97385e418b0fcb631b4b72d926967e28c7209405004d80911960d47e4,repo_file_state,projectStateDb (sync-project -> syncVersionControlState),versionControlLedger,Rebuilt from git ls-files + git status on each projectStateDb run
pm/checkpoints/20260218T223616Z-0.2.0-beta.1-tooling-registration-first-principle/files/docs/update-packages/pz-boilerplate-intelliJ/2026-02-18-boilerplate-sync-triage-workbook/templates/build-gradle-snippets.md,1,,1,2644,0be55ecb63d9a9ab4c906f2fcc721090d9be29a7cf6fc748b73a80cdcc96f2c6,repo_file_state,projectStateDb (sync-project -> syncVersionControlState),versionControlLedger,Rebuilt from git ls-files + git status on each projectStateDb run
pm/checkpoints/20260218T223616Z-0.2.0-beta.1-tooling-registration-first-principle/files/docs/update-packages/pz-boilerplate-intelliJ/2026-02-18-boilerplate-sync-triage-workbook/templates/policy-readme-snippets.md,1,,1,544,ed2919736404428a8fec4d5f9d485a6fe3a04499b5ebd8c782c7de43ede8acf9,repo_file_state,projectStateDb (sync-project -> syncVersionControlState),versionControlLedger,Rebuilt from git ls-files + git status on each projectStateDb run
pm/checkpoints/20260218T223616Z-0.2.0-beta.1-tooling-registration-first-principle/files/docs/update-packages/pz-boilerplate-intelliJ/2026-02-18-consolidated-framework-sync/README.md,1,,1,947,1b139f93d20e267115fbc052eff0097dee08d900e7871ff7668c9f1ca4e50b03,repo_file_state,projectStateDb (sync-project -> syncVersionControlState),versionControlLedger,Rebuilt from git ls-files + git status on each projectStateDb run
pm/checkpoints/20260218T223616Z-0.2.0-beta.1-tooling-registration-first-principle/files/docs/update-packages/pz-boilerplate-intelliJ/2026-02-18-consolidated-framework-sync/apply-checklist.md,1,,1,1258,dbe8e14adfd686efce1a4ca0336c9c3e6b96976554f675cd8becbc56a0d73ee7,repo_file_state,projectStateDb (sync-project -> syncVersionControlState),versionControlLedger,Rebuilt from git ls-files + git status on each projectStateDb run
pm/checkpoints/20260218T223616Z-0.2.0-beta.1-tooling-registration-first-principle/files/docs/update-packages/pz-boilerplate-intelliJ/2026-02-18-consolidated-framework-sync/fresh-session-prompt.md,1,,1,498,8c97e855a5a617256d9c6fe637f6c69e6bf4a2077175621677caf5b7b9129f79,repo_file_state,projectStateDb (sync-project -> syncVersionControlState),versionControlLedger,Rebuilt from git ls-files + git status on each projectStateDb run
pm/checkpoints/20260218T223616Z-0.2.0-beta.1-tooling-registration-first-principle/files/docs/update-packages/pz-boilerplate-intelliJ/2026-02-18-consolidated-framework-sync/templates/changelog-entry.md,1,,1,320,03cd0ab4670073728606694553fb8bfd448c74e3a7e1fa5d124e04e7f568ac99,repo_file_state,projectStateDb (sync-project -> syncVersionControlState),versionControlLedger,Rebuilt from git ls-files + git status on each projectStateDb run
pm/checkpoints/20260218T223616Z-0.2.0-beta.1-tooling-registration-first-principle/files/docs/update-packages/pz-boilerplate-intelliJ/2026-02-18-governance-alerts-trust-sot/README.md,1,,1,443,37f28bd38ba56bcaa7878520a83b02a1908509e0baf3de956ac0c6a15904976a,repo_file_state,projectStateDb (sync-project -> syncVersionControlState),versionControlLedger,Rebuilt from git ls-files + git status on each projectStateDb run
pm/checkpoints/20260218T223616Z-0.2.0-beta.1-tooling-registration-first-principle/files/docs/update-packages/pz-boilerplate-intelliJ/2026-02-18-governance-alerts-trust-sot/apply-checklist.md,1,,1,116,90e9b9c71fa2f7a93527bb7b8762329e58cc980fe86143fa1bc5e0b4b5340f4c,repo_file_state,projectStateDb (sync-project -> syncVersionControlState),versionControlLedger,Rebuilt from git ls-files + git status on each projectStateDb run
pm/checkpoints/20260218T223616Z-0.2.0-beta.1-tooling-registration-first-principle/files/docs/update-packages/pz-boilerplate-intelliJ/2026-02-18-governance-alerts-trust-sot/fresh-session-prompt.md,1,,1,70,ea7d6de41bfeef2fff5f60789d824a4c767d5532e5d4de43969913c3eefb3ad4,repo_file_state,projectStateDb (sync-project -> syncVersionControlState),versionControlLedger,Rebuilt from git ls-files + git status on each projectStateDb run
pm/checkpoints/20260218T223616Z-0.2.0-beta.1-tooling-registration-first-principle/files/docs/update-packages/pz-boilerplate-intelliJ/2026-02-18-governance-events-workbook/README.md,1,,1,454,0e44bd96549cdd73a0dd9ef4d285e9392e11e466893957c6348bffcffcb11d10,repo_file_state,projectStateDb (sync-project -> syncVersionControlState),versionControlLedger,Rebuilt from git ls-files + git status on each projectStateDb run
pm/checkpoints/20260218T223616Z-0.2.0-beta.1-tooling-registration-first-principle/files/docs/update-packages/pz-boilerplate-intelliJ/2026-02-18-governance-events-workbook/apply-checklist.md,1,,1,116,90e9b9c71fa2f7a93527bb7b8762329e58cc980fe86143fa1bc5e0b4b5340f4c,repo_file_state,projectStateDb (sync-project -> syncVersionControlState),versionControlLedger,Rebuilt from git ls-files + git status on each projectStateDb run
pm/checkpoints/20260218T223616Z-0.2.0-beta.1-tooling-registration-first-principle/files/docs/update-packages/pz-boilerplate-intelliJ/2026-02-18-governance-events-workbook/fresh-session-prompt.md,1,,1,70,ea7d6de41bfeef2fff5f60789d824a4c767d5532e5d4de43969913c3eefb3ad4,repo_file_state,projectStateDb (sync-project -> syncVersionControlState),versionControlLedger,Rebuilt from git ls-files + git status on each projectStateDb run
pm/checkpoints/20260218T223616Z-0.2.0-beta.1-tooling-registration-first-principle/files/docs/update-packages/pz-boilerplate-intelliJ/2026-02-18-product-management-boundary-gate/README.md,1,,1,296,1226a752824034d73f72068985f689f70f89e06c6ab04a562a1f4cbb5f06c15d,repo_file_state,projectStateDb (sync-project -> syncVersionControlState),versionControlLedger,Rebuilt from git ls-files + git status on each projectStateDb run
pm/checkpoints/20260218T223616Z-0.2.0-beta.1-tooling-registration-first-principle/files/docs/update-packages/pz-boilerplate-intelliJ/2026-02-18-product-management-boundary-gate/apply-checklist.md,1,,1,116,90e9b9c71fa2f7a93527bb7b8762329e58cc980fe86143fa1bc5e0b4b5340f4c,repo_file_state,projectStateDb (sync-project -> syncVersionControlState),versionControlLedger,Rebuilt from git ls-files + git status on each projectStateDb run
pm/checkpoints/20260218T223616Z-0.2.0-beta.1-tooling-registration-first-principle/files/docs/update-packages/pz-boilerplate-intelliJ/2026-02-18-product-management-boundary-gate/fresh-session-prompt.md,1,,1,70,ea7d6de41bfeef2fff5f60789d824a4c767d5532e5d4de43969913c3eefb3ad4,repo_file_state,projectStateDb (sync-project -> syncVersionControlState),versionControlLedger,Rebuilt from git ls-files + git status on each projectStateDb run
pm/checkpoints/20260218T223616Z-0.2.0-beta.1-tooling-registration-first-principle/files/docs/update-packages/pz-boilerplate-intelliJ/2026-02-18-project-level-rollback-governance-log-sync/README.md,1,,1,832,f509387141904b9c73fd7e4ac77b112ce790f8900ab3453e2b15c22969d1e05b,repo_file_state,projectStateDb (sync-project -> syncVersionControlState),versionControlLedger,Rebuilt from git ls-files + git status on each projectStateDb run
pm/checkpoints/20260218T223616Z-0.2.0-beta.1-tooling-registration-first-principle/files/docs/update-packages/pz-boilerplate-intelliJ/2026-02-18-project-level-rollback-governance-log-sync/apply-checklist.md,1,,1,866,ca20cb5d68edaca0713cfd2fac92ae49a810fba48a09308f8685bd4f7a270878,repo_file_state,projectStateDb (sync-project -> syncVersionControlState),versionControlLedger,Rebuilt from git ls-files + git status on each projectStateDb run
pm/checkpoints/20260218T223616Z-0.2.0-beta.1-tooling-registration-first-principle/files/docs/update-packages/pz-boilerplate-intelliJ/2026-02-18-project-level-rollback-governance-log-sync/fresh-session-prompt.md,1,,1,508,d6742ca82c20a431486fe11e87b62889896cd9b6ac53e193150ff1b7c9d098fc,repo_file_state,projectStateDb (sync-project -> syncVersionControlState),versionControlLedger,Rebuilt from git ls-files + git status on each projectStateDb run
pm/checkpoints/20260218T223616Z-0.2.0-beta.1-tooling-registration-first-principle/files/docs/update-packages/pz-boilerplate-intelliJ/2026-02-18-project-level-rollback-governance-log-sync/templates/process-evolution-entry.md,1,,1,347,0482dccc000409a4ceec06c2b7d906ddcaa187f6919acb0d06c984e22176ea15,repo_file_state,projectStateDb (sync-project -> syncVersionControlState),versionControlLedger,Rebuilt from git ls-files + git status on each projectStateDb run
pm/checkpoints/20260218T223616Z-0.2.0-beta.1-tooling-registration-first-principle/files/docs/update-packages/pz-boilerplate-intelliJ/2026-02-18-project-level-rollback-governance-log-sync/templates/session-changelog-entry.md,1,,1,400,d9abe6283afd29a9387b2e34e8059e6128f4bb824cbe998915d280ff61e12ab7,repo_file_state,projectStateDb (sync-project -> syncVersionControlState),versionControlLedger,Rebuilt from git ls-files + git status on each projectStateDb run
pm/checkpoints/20260218T223616Z-0.2.0-beta.1-tooling-registration-first-principle/files/docs/update-packages/pz-boilerplate-intelliJ/2026-02-18-project-level-rollback-governance/README.md,1,,1,960,873f815046bb80b32ca8ef159e01b08bc516cfcfbabee8f81c06427b54617dfc,repo_file_state,projectStateDb (sync-project -> syncVersionControlState),versionControlLedger,Rebuilt from git ls-files + git status on each projectStateDb run
pm/checkpoints/20260218T223616Z-0.2.0-beta.1-tooling-registration-first-principle/files/docs/update-packages/pz-boilerplate-intelliJ/2026-02-18-project-level-rollback-governance/apply-checklist.md,1,,1,1253,abd11a399b37cecc1dda33507f1bb0a04488ff022806f52163cf48286a467528,repo_file_state,projectStateDb (sync-project -> syncVersionControlState),versionControlLedger,Rebuilt from git ls-files + git status on each projectStateDb run
pm/checkpoints/20260218T223616Z-0.2.0-beta.1-tooling-registration-first-principle/files/docs/update-packages/pz-boilerplate-intelliJ/2026-02-18-project-level-rollback-governance/fresh-session-prompt.md,1,,1,635,67e5e1977c95857f3f491ebfd1769cfd4fb55798022d571f0ea056d705f92c5a,repo_file_state,projectStateDb (sync-project -> syncVersionControlState),versionControlLedger,Rebuilt from git ls-files + git status on each projectStateDb run
pm/checkpoints/20260218T223616Z-0.2.0-beta.1-tooling-registration-first-principle/files/docs/update-packages/pz-boilerplate-intelliJ/2026-02-18-sqlite-state-tooling/README.md,1,,1,860,76cbc2f6c8ca4c9de676cd0ec632e08396cd94d841caef2ca2295447c9b26281,repo_file_state,projectStateDb (sync-project -> syncVersionControlState),versionControlLedger,Rebuilt from git ls-files + git status on each projectStateDb run
pm/checkpoints/20260218T223616Z-0.2.0-beta.1-tooling-registration-first-principle/files/docs/update-packages/pz-boilerplate-intelliJ/2026-02-18-sqlite-state-tooling/apply-checklist.md,1,,1,444,fef5d5e33f8d185596fb9d955170b1b5e04eee3d0b692a3be6d49a7f271a1e2a,repo_file_state,projectStateDb (sync-project -> syncVersionControlState),versionControlLedger,Rebuilt from git ls-files + git status on each projectStateDb run
pm/checkpoints/20260218T223616Z-0.2.0-beta.1-tooling-registration-first-principle/files/docs/update-packages/pz-boilerplate-intelliJ/2026-02-18-sqlite-state-tooling/fresh-session-prompt.md,1,,1,575,f8fdb28bc5f77bab09d7ecc9067f44d5f9cc66bc16387b696ace47e31e86197f,repo_file_state,projectStateDb (sync-project -> syncVersionControlState),versionControlLedger,Rebuilt from git ls-files + git status on each projectStateDb run
pm/checkpoints/20260218T223616Z-0.2.0-beta.1-tooling-registration-first-principle/files/docs/update-packages/pz-boilerplate-intelliJ/2026-02-18-unified-framework-rollup/README.md,1,,1,544,7713457eb135da0fd08191ba5dec78f16816be59225cbce8d5be256ebcbdb611,repo_file_state,projectStateDb (sync-project -> syncVersionControlState),versionControlLedger,Rebuilt from git ls-files + git status on each projectStateDb run
pm/checkpoints/20260218T223616Z-0.2.0-beta.1-tooling-registration-first-principle/files/docs/update-packages/pz-boilerplate-intelliJ/2026-02-18-unified-framework-rollup/apply-checklist.md,1,,1,446,c329427bae1e5e78e04346986d637744594fa493aa47041a5e1c4fd22b633203,repo_file_state,projectStateDb (sync-project -> syncVersionControlState),versionControlLedger,Rebuilt from git ls-files + git status on each projectStateDb run
pm/checkpoints/20260218T223616Z-0.2.0-beta.1-tooling-registration-first-principle/files/docs/update-packages/pz-boilerplate-intelliJ/2026-02-18-unified-framework-rollup/fresh-session-prompt.md,1,,1,390,f5c83d77df57753d02665ebd6a4bc727d66c6e634158da42176cb3cb5dbab60e,repo_file_state,projectStateDb (sync-project -> syncVersionControlState),versionControlLedger,Rebuilt from git ls-files + git status on each projectStateDb run
pm/checkpoints/20260218T223616Z-0.2.0-beta.1-tooling-registration-first-principle/files/docs/update-packages/pz-boilerplate-intelliJ/2026-02-18-vcs-file-discipline-ledger/README.md,1,,1,411,90ad5668c2a6920526765d9ff031afff199dbf326f644eae6e7fa194f96f888d,repo_file_state,projectStateDb (sync-project -> syncVersionControlState),versionControlLedger,Rebuilt from git ls-files + git status on each projectStateDb run
pm/checkpoints/20260218T223616Z-0.2.0-beta.1-tooling-registration-first-principle/files/docs/update-packages/pz-boilerplate-intelliJ/2026-02-18-vcs-file-discipline-ledger/apply-checklist.md,1,,1,116,90e9b9c71fa2f7a93527bb7b8762329e58cc980fe86143fa1bc5e0b4b5340f4c,repo_file_state,projectStateDb (sync-project -> syncVersionControlState),versionControlLedger,Rebuilt from git ls-files + git status on each projectStateDb run
pm/checkpoints/20260218T223616Z-0.2.0-beta.1-tooling-registration-first-principle/files/docs/update-packages/pz-boilerplate-intelliJ/2026-02-18-vcs-file-discipline-ledger/fresh-session-prompt.md,1,,1,70,ea7d6de41bfeef2fff5f60789d824a4c767d5532e5d4de43969913c3eefb3ad4,repo_file_state,projectStateDb (sync-project -> syncVersionControlState),versionControlLedger,Rebuilt from git ls-files + git status on each projectStateDb run
pm/checkpoints/20260218T223616Z-0.2.0-beta.1-tooling-registration-first-principle/files/docs/update-packages/pz-boilerplate-intelliJ/2026-02-18-workbook-change-driven-guard/README.md,1,,1,763,954309b284dc363469a56533c38a40032379fe07599e6a843fbfd189f393fb1c,repo_file_state,projectStateDb (sync-project -> syncVersionControlState),versionControlLedger,Rebuilt from git ls-files + git status on each projectStateDb run
pm/checkpoints/20260218T223616Z-0.2.0-beta.1-tooling-registration-first-principle/files/docs/update-packages/pz-boilerplate-intelliJ/2026-02-18-workbook-change-driven-guard/apply-checklist.md,1,,1,1138,3d389a818bc39e7217093091ff06c9d8097952ac5ac2d78cff756ea679456375,repo_file_state,projectStateDb (sync-project -> syncVersionControlState),versionControlLedger,Rebuilt from git ls-files + git status on each projectStateDb run
pm/checkpoints/20260218T223616Z-0.2.0-beta.1-tooling-registration-first-principle/files/docs/update-packages/pz-boilerplate-intelliJ/2026-02-18-workbook-change-driven-guard/fresh-session-prompt.md,1,,1,416,bd46a4e240bfb04f640b3d0a446e36703ce0eca84e98205c67381c69f3237493,repo_file_state,projectStateDb (sync-project -> syncVersionControlState),versionControlLedger,Rebuilt from git ls-files + git status on each projectStateDb run
pm/checkpoints/20260218T223616Z-0.2.0-beta.1-tooling-registration-first-principle/files/preview/afp-diag.json,1,,1,15501,54a44c85007f3a546c58caf7cb3093b2b620dc64600f9a17c268b391030aef1e,repo_file_state,projectStateDb (sync-project -> syncVersionControlState),versionControlLedger,Rebuilt from git ls-files + git status on each projectStateDb run
pm/checkpoints/20260218T223616Z-0.2.0-beta.1-tooling-registration-first-principle/files/preview/afp-meta.json,1,,1,59077,c385e4b36f9bfe6f2f709ce365c209a1bf77def6b79013d825aa8b463482d8aa,repo_file_state,projectStateDb (sync-project -> syncVersionControlState),versionControlLedger,Rebuilt from git ls-files + git status on each projectStateDb run
pm/checkpoints/20260218T223616Z-0.2.0-beta.1-tooling-registration-first-principle/files/preview/afp-output.html,1,,1,3461,f9028529313a32541fadf1c16ac3deb8f209a6970046bbe83a2805afa186ef9b,repo_file_state,projectStateDb (sync-project -> syncVersionControlState),versionControlLedger,Rebuilt from git ls-files + git status on each projectStateDb run
pm/checkpoints/20260218T223616Z-0.2.0-beta.1-tooling-registration-first-principle/files/preview/afp-output.pdf,1,,1,1957,fa10a2628a23161481e4284f716fe6232e15db176eab15c8fad4076a42f4a028,repo_file_state,projectStateDb (sync-project -> syncVersionControlState),versionControlLedger,Rebuilt from git ls-files + git status on each projectStateDb run
pm/checkpoints/20260218T223616Z-0.2.0-beta.1-tooling-registration-first-principle/files/preview/fidelity-report.json,1,,1,2013,76850c407f00a718151af483f3df978b686a706c0f4e2fa059c1515027533554,repo_file_state,projectStateDb (sync-project -> syncVersionControlState),versionControlLedger,Rebuilt from git ls-files + git status on each projectStateDb run
pm/checkpoints/20260218T223616Z-0.2.0-beta.1-tooling-registration-first-principle/files/preview/governance-alerts.json,1,,1,1506,adbbdbb7692288a4a9537ebb56ee6e2bd18122f6f2e75987a21894b003d31cb2,repo_file_state,projectStateDb (sync-project -> syncVersionControlState),versionControlLedger,Rebuilt from git ls-files + git status on each projectStateDb run
pm/checkpoints/20260218T223616Z-0.2.0-beta.1-tooling-registration-first-principle/files/preview/issues-effectiveness.json,1,,1,3069,fce6f5ae9523c52bece9cd3527dbbb5d0e636af79edcb7419105732b1c37d200,repo_file_state,projectStateDb (sync-project -> syncVersionControlState),versionControlLedger,Rebuilt from git ls-files + git status on each projectStateDb run
pm/checkpoints/20260218T223616Z-0.2.0-beta.1-tooling-registration-first-principle/files/preview/issues-log-tickle.json,1,,1,2053,88f0f172acef712efa5ab5ece902686e22200770161591c83d27ccfac3aee99e,repo_file_state,projectStateDb (sync-project -> syncVersionControlState),versionControlLedger,Rebuilt from git ls-files + git status on each projectStateDb run
pm/checkpoints/20260218T223616Z-0.2.0-beta.1-tooling-registration-first-principle/files/preview/project-plan-next-step.json,1,,1,3755,e72a67de01f23046605140f3d864e63f3c1cc9b74b0c9157c5464ce4745ac284,repo_file_state,projectStateDb (sync-project -> syncVersionControlState),versionControlLedger,Rebuilt from git ls-files + git status on each projectStateDb run
pm/checkpoints/20260218T223616Z-0.2.0-beta.1-tooling-registration-first-principle/files/preview/project-plan-progress-data.json,1,,1,10747,245cf57cace9c7861007a6ac7e5de507b02990b4a5a41037be2e158a03ee98cc,repo_file_state,projectStateDb (sync-project -> syncVersionControlState),versionControlLedger,Rebuilt from git ls-files + git status on each projectStateDb run
pm/checkpoints/20260218T223616Z-0.2.0-beta.1-tooling-registration-first-principle/files/preview/state/boilerplate-state.sqlite,1,,1,36864,39203a5e2d5671f034b3f5b955fa8e6e807ad08f01c78b157a9a567d04c73951,repo_file_state,projectStateDb (sync-project -> syncVersionControlState),versionControlLedger,Rebuilt from git ls-files + git status on each projectStateDb run
pm/checkpoints/20260218T223616Z-0.2.0-beta.1-tooling-registration-first-principle/files/preview/state/project-state.sqlite,1,,1,204800,e1a8de4b6def338d1b211d10dd4540878442936d84bc255716d96f734a00f3ef,repo_file_state,projectStateDb (sync-project -> syncVersionControlState),versionControlLedger,Rebuilt from git ls-files + git status on each projectStateDb run
pm/checkpoints/20260218T223616Z-0.2.0-beta.1-tooling-registration-first-principle/files/preview/version-control-ledger.json,1,,1,125980,6b379640bc032be0760e103c583209e8733bf72df87ba0bff495fd02da6b75cd,repo_file_state,projectStateDb (sync-project -> syncVersionControlState),versionControlLedger,Rebuilt from git ls-files + git status on each projectStateDb run
pm/checkpoints/20260218T223616Z-0.2.0-beta.1-tooling-registration-first-principle/files/preview/version.json,1,,1,103,cff92038e063ef7d657ae883a8168cdfa010027e3d9ed66b4c5c58db1b8073e5,repo_file_state,projectStateDb (sync-project -> syncVersionControlState),versionControlLedger,Rebuilt from git ls-files + git status on each projectStateDb run
pm/checkpoints/20260218T223616Z-0.2.0-beta.1-tooling-registration-first-principle/files/preview/workbook-refresh-status.json,1,,1,96,da893a9d602c4b0508338ba3e4d68b59fdd719129a918860fea05098d8091968,repo_file_state,projectStateDb (sync-project -> syncVersionControlState),versionControlLedger,Rebuilt from git ls-files + git status on each projectStateDb run
pm/checkpoints/20260218T223616Z-0.2.0-beta.1-tooling-registration-first-principle/files/settings.gradle,1,,1,92,51df8722e091c0915963776389e7409938908ffa7944676c50d8846cde34865c,repo_file_state,projectStateDb (sync-project -> syncVersionControlState),versionControlLedger,Rebuilt from git ls-files + git status on each projectStateDb run
pm/checkpoints/20260218T223616Z-0.2.0-beta.1-tooling-registration-first-principle/manifest.json,1,,1,14683,c74deec2d596839e5f1a1f5f835552238a5f322159d97f98347fe6c9e020a551,repo_file_state,projectStateDb (sync-project -> syncVersionControlState),versionControlLedger,Rebuilt from git ls-files + git status on each projectStateDb run
pm/checkpoints/index.json,1,,1,1536,7dce24bcd070e25217f7e5e26dc1a4e948deca7663dcdf1667178cc646dc0ace,repo_file_state,projectStateDb (sync-project -> syncVersionControlState),versionControlLedger,Rebuilt from git ls-files + git status on each projectStateDb run
pm/policy/policy-rule-tables.sql,1,M,1,6676,f837c6335959c09163cbd0178e01dff90fe70df168e0bf163d9403356845821d,repo_file_state,projectStateDb (sync-project -> syncVersionControlState),versionControlLedger,Rebuilt from git ls-files + git status on each projectStateDb run
pm/reports/boilerplate-package-files-with-context.csv,1,,1,24278,f4eafed4ea5d14834460f338130b48339f325e5287cd725d936a7641ce59e482,repo_file_state,projectStateDb (sync-project -> syncVersionControlState),versionControlLedger,Rebuilt from git ls-files + git status on each projectStateDb run
pm/reports/data-dictionary-lint.json,1,M,1,600,fa969f8ff557649140138c415f3140e9f5b4104ba7135c8eaec5d32f2e6c85a5,repo_file_state,projectStateDb (sync-project -> syncVersionControlState),versionControlLedger,Rebuilt from git ls-files + git status on each projectStateDb run
pm/reports/data-dictionary.json,1,M,1,4327,558e361e88b58c65691246305f1ff64b20533f0fd878314d7a4a8a39ad062b68,repo_file_state,projectStateDb (sync-project -> syncVersionControlState),versionControlLedger,Rebuilt from git ls-files + git status on each projectStateDb run
pm/reports/documentation-manifest.json,1,M,1,7708,5541fcc1902cb64fa18c01eb19f307467e13f0fdea886833f7841ef3e0ebb90f,repo_file_state,projectStateDb (sync-project -> syncVersionControlState),versionControlLedger,Rebuilt from git ls-files + git status on each projectStateDb run
pm/reports/governance-alerts.json,1,M,1,2902,b36545448f56455c722e5d9c1cd06258d9e4af259b9ec79ccfe7c5b6e5ea154b,repo_file_state,projectStateDb (sync-project -> syncVersionControlState),versionControlLedger,Rebuilt from git ls-files + git status on each projectStateDb run
pm/reports/issues-effectiveness.json,1,M,1,2862,8eea1a3723ca77c825c969bef422e584835bef6b7eb9a7ccb22539fcd9744f3b,repo_file_state,projectStateDb (sync-project -> syncVersionControlState),versionControlLedger,Rebuilt from git ls-files + git status on each projectStateDb run
pm/reports/issues-log-tickle.json,1,M,1,1846,92413702772ef32dfdebaf61aed9ebddd57cfc2c4ab0c560ff6ae1ab74b52250,repo_file_state,projectStateDb (sync-project -> syncVersionControlState),versionControlLedger,Rebuilt from git ls-files + git status on each projectStateDb run
pm/reports/policy-rules-lint.json,0,??,1,321,2f7b0a238af082de60792bea14713d2fc86abe076b2c6bea1296e5075bd2e483,repo_file_state,projectStateDb (sync-project -> syncVersionControlState),versionControlLedger,Rebuilt from git ls-files + git status on each projectStateDb run
pm/reports/policy-rules.json,1,M,1,5866,08d5ee6adaee52cb19b7448cc10ae8a1359276e326d87bcf06a11874628967a0,repo_file_state,projectStateDb (sync-project -> syncVersionControlState),versionControlLedger,Rebuilt from git ls-files + git status on each projectStateDb run
pm/reports/project-plan-next-step.json,1,M,1,3755,d2736236e797c184e64286794df1269e765536b5d32f94a7b3eaccb88f23eff8,repo_file_state,projectStateDb (sync-project -> syncVersionControlState),versionControlLedger,Rebuilt from git ls-files + git status on each projectStateDb run
pm/reports/project-plan-progress-data.json,1,M,1,11198,ad5be31ed4ab7a205b57d7a7d183ee539919ae64fc921803421b40637268d4b8,repo_file_state,projectStateDb (sync-project -> syncVersionControlState),versionControlLedger,Rebuilt from git ls-files + git status on each projectStateDb run
pm/reports/repo-file-inventory-with-context.csv,1,M,1,177812,5247ffee7e889f0c03981ed5b7aea4a49b5c6fa634865264a8bdb0feacb87574,repo_file_state,projectStateDb (sync-project -> syncVersionControlState),versionControlLedger,Rebuilt from git ls-files + git status on each projectStateDb run
pm/reports/version-control-ledger.json,1,M,1,166791,23950a09d2407fc76c6b10c41a157b4b668c6070008e14480aa36d6d86204599,repo_file_state,projectStateDb (sync-project -> syncVersionControlState),versionControlLedger,Rebuilt from git ls-files + git status on each projectStateDb run
pm/reports/version.json,1,M,1,103,c1aed50a240aaff30256e73149aef3e0e2c08dfc387313b925dc38a30af3e553,repo_file_state,projectStateDb (sync-project -> syncVersionControlState),versionControlLedger,Rebuilt from git ls-files + git status on each projectStateDb run
pm/reports/workbook-refresh-status.json,1,,1,96,da893a9d602c4b0508338ba3e4d68b59fdd719129a918860fea05098d8091968,repo_file_state,projectStateDb (sync-project -> syncVersionControlState),versionControlLedger,Rebuilt from git ls-files + git status on each projectStateDb run
pm/state/boilerplate-state.sqlite,1,M,1,49152,954a6da90ca3f0d79867b04d899c16f67b6adc0e6caad4ca9f67743ad3a5d5a5,repo_file_state,projectStateDb (sync-project -> syncVersionControlState),versionControlLedger,Rebuilt from git ls-files + git status on each projectStateDb run
pm/state/project-state.sqlite,1,M,1,278528,17a39158bd3ae9a293a7e03b06db1ccc89b182baf7ba9bab9f645ca747341a29,repo_file_state,projectStateDb (sync-project -> syncVersionControlState),versionControlLedger,Rebuilt from git ls-files + git status on each projectStateDb run
pm/state/project-state.sqlite-shm,0,??,1,32768,f81d7e1f0e8be41673d17c2b94588074037462f0c9cf456fa31d8526518b93c4,repo_file_state,projectStateDb (sync-project -> syncVersionControlState),versionControlLedger,Rebuilt from git ls-files + git status on each projectStateDb run
pm/state/project-state.sqlite-wal,0,??,1,78312,d953a428082dfa68e841c3781b0eddc47edf07d9276be0ab13ff64c13653b499,repo_file_state,projectStateDb (sync-project -> syncVersionControlState),versionControlLedger,Rebuilt from git ls-files + git status on each projectStateDb run
pm/workflow/workflow-manifest.json,1,,1,1932,c7d054dcef14b8399584f1fd4907b8046b59841eb3e0efe7b0e10d35f29f7bb0,repo_file_state,projectStateDb (sync-project -> syncVersionControlState),versionControlLedger,Rebuilt from git ls-files + git status on each projectStateDb run
preview/afp-diag.json,1,M,1,15959,a86944092b6ef9e0761e99481e32841052928cbbcf130ad08e75f813ad2f2a56,repo_file_state,projectStateDb (sync-project -> syncVersionControlState),versionControlLedger,Rebuilt from git ls-files + git status on each projectStateDb run
preview/afp-meta.json,1,M,1,59533,d2d8d379db1f5f0cc38b7c59ec32648aa8029aea109b860cb2c3722ced44c2c1,repo_file_state,projectStateDb (sync-project -> syncVersionControlState),versionControlLedger,Rebuilt from git ls-files + git status on each projectStateDb run
preview/afp-output.html,1,,1,3461,f9028529313a32541fadf1c16ac3deb8f209a6970046bbe83a2805afa186ef9b,repo_file_state,projectStateDb (sync-project -> syncVersionControlState),versionControlLedger,Rebuilt from git ls-files + git status on each projectStateDb run
preview/afp-output.pdf,1,M,1,1957,876e1b3a76607e2fc973fb3b5663b53d548e5799eed9b227c29cf7d34e7b0a11,repo_file_state,projectStateDb (sync-project -> syncVersionControlState),versionControlLedger,Rebuilt from git ls-files + git status on each projectStateDb run
preview/ci-artifacts/latest/AI-POLICY.md,1,,1,20331,85e084a1b754b66e1cec8a991603f97abdd022f4355f1fe255643e97bb671c92,repo_file_state,projectStateDb (sync-project -> syncVersionControlState),versionControlLedger,Rebuilt from git ls-files + git status on each projectStateDb run
preview/ci-artifacts/latest/NATIVE_RENDERER_PLAN.md,1,,1,6528,c48ff48d8f9b0e36a4afbd14e02ac60e2c335b2439c64055a8bbb7b357645391,repo_file_state,projectStateDb (sync-project -> syncVersionControlState),versionControlLedger,Rebuilt from git ls-files + git status on each projectStateDb run
preview/ci-artifacts/latest/SESSION_CHANGELOG.md,1,,1,59412,d1cc1a23c5e84cd0553a816c95cf0dbb6d07266074ca0af6ddafc3435c159963,repo_file_state,projectStateDb (sync-project -> syncVersionControlState),versionControlLedger,Rebuilt from git ls-files + git status on each projectStateDb run
preview/ci-artifacts/latest/VERSION,1,,1,13,214374e4ab6ceb79d5fa5ff001fe9bbcbea31c3fd8c6bd42d48e7efaf6b2ce9f,repo_file_state,projectStateDb (sync-project -> syncVersionControlState),versionControlLedger,Rebuilt from git ls-files + git status on each projectStateDb run
preview/ci-artifacts/latest/afp-diag.json,1,,1,15501,54a44c85007f3a546c58caf7cb3093b2b620dc64600f9a17c268b391030aef1e,repo_file_state,projectStateDb (sync-project -> syncVersionControlState),versionControlLedger,Rebuilt from git ls-files + git status on each projectStateDb run
preview/ci-artifacts/latest/afp-meta.json,1,,1,59077,c385e4b36f9bfe6f2f709ce365c209a1bf77def6b79013d825aa8b463482d8aa,repo_file_state,projectStateDb (sync-project -> syncVersionControlState),versionControlLedger,Rebuilt from git ls-files + git status on each projectStateDb run
preview/ci-artifacts/latest/afp-output.html,1,,1,3461,f9028529313a32541fadf1c16ac3deb8f209a6970046bbe83a2805afa186ef9b,repo_file_state,projectStateDb (sync-project -> syncVersionControlState),versionControlLedger,Rebuilt from git ls-files + git status on each projectStateDb run
preview/ci-artifacts/latest/afp-output.pdf,1,,1,1957,5ee87aeeb5d622e5070717e780b5049c2e41fe4a520ae8d91a02e139c9e86986,repo_file_state,projectStateDb (sync-project -> syncVersionControlState),versionControlLedger,Rebuilt from git ls-files + git status on each projectStateDb run
preview/ci-artifacts/latest/boilerplate-package-files-with-context.csv,1,,1,24278,f4eafed4ea5d14834460f338130b48339f325e5287cd725d936a7641ce59e482,repo_file_state,projectStateDb (sync-project -> syncVersionControlState),versionControlLedger,Rebuilt from git ls-files + git status on each projectStateDb run
preview/ci-artifacts/latest/boilerplate-state.sqlite,1,,1,49152,b3001fd816d496af0be23bced9b74a11b1784a520a7fd82fe8b91a7b2021d802,repo_file_state,projectStateDb (sync-project -> syncVersionControlState),versionControlLedger,Rebuilt from git ls-files + git status on each projectStateDb run
preview/ci-artifacts/latest/boilerplate-sync-candidates.xlsx,1,,1,8390,fd955433c2b4151d815ceda9a4bef620bcd522ef582616ac4a60c0a33c6acf17,repo_file_state,projectStateDb (sync-project -> syncVersionControlState),versionControlLedger,Rebuilt from git ls-files + git status on each projectStateDb run
preview/ci-artifacts/latest/documentation-manifest.json,1,,1,7097,eb580948f637ba0b5861a8f241b2d66af5af9c133601daa6b94cbe305361f237,repo_file_state,projectStateDb (sync-project -> syncVersionControlState),versionControlLedger,Rebuilt from git ls-files + git status on each projectStateDb run
preview/ci-artifacts/latest/fidelity-corpus.txt,1,,1,153,e3750b6d368a66e26ac0885f120f4eaa9e3064393c2d396fbda6d942d80b8f32,repo_file_state,projectStateDb (sync-project -> syncVersionControlState),versionControlLedger,Rebuilt from git ls-files + git status on each projectStateDb run
preview/ci-artifacts/latest/fidelity-report.json,1,,1,2013,96c1ed24de9bd02c52e86d43e90884f55b39a0ea37c50a74a67a33366631771a,repo_file_state,projectStateDb (sync-project -> syncVersionControlState),versionControlLedger,Rebuilt from git ls-files + git status on each projectStateDb run
preview/ci-artifacts/latest/governance-alerts.json,1,,1,1523,2ae6d014fdacfe886c0276e7ec31db8dce732dea1ebc9815d7dc88efdcce3c1f,repo_file_state,projectStateDb (sync-project -> syncVersionControlState),versionControlLedger,Rebuilt from git ls-files + git status on each projectStateDb run
preview/ci-artifacts/latest/index.json,1,,1,6521,c84c896a34f4a758cda231e2d9a35ca692441b4d3fb8519c21a97002048516b1,repo_file_state,projectStateDb (sync-project -> syncVersionControlState),versionControlLedger,Rebuilt from git ls-files + git status on each projectStateDb run
preview/ci-artifacts/latest/issues-effectiveness.json,1,,1,3824,eb3e70c84f59ea12b8cb23a148c50f7e6dc78126057858d9796a95836631aaf1,repo_file_state,projectStateDb (sync-project -> syncVersionControlState),versionControlLedger,Rebuilt from git ls-files + git status on each projectStateDb run
preview/ci-artifacts/latest/issues-log-tickle.json,1,,1,2809,861cded6d96cd4d958b8934710fd4ccf2b4384a3578fb4645add17e77305e6c7,repo_file_state,projectStateDb (sync-project -> syncVersionControlState),versionControlLedger,Rebuilt from git ls-files + git status on each projectStateDb run
preview/ci-artifacts/latest/policy-governance-events.csv,1,,1,1713,2d467921ce88a08b270c72a87a0149aa0948e976e1aff13ea13f5858a9b68ea5,repo_file_state,projectStateDb (sync-project -> syncVersionControlState),versionControlLedger,Rebuilt from git ls-files + git status on each projectStateDb run
preview/ci-artifacts/latest/policy-governance-events.xlsx,1,,1,4347,e3122f3ce9d210b4c576197a3582ef22dbb6e10df05a9d3567468554bafdb5a0,repo_file_state,projectStateDb (sync-project -> syncVersionControlState),versionControlLedger,Rebuilt from git ls-files + git status on each projectStateDb run
preview/ci-artifacts/latest/policy-rule-tables.sql,1,,1,3624,076f1b9a01e4b8c9c09d866a5bf18ed1070ec29f4894b80c02cceea84e54c83a,repo_file_state,projectStateDb (sync-project -> syncVersionControlState),versionControlLedger,Rebuilt from git ls-files + git status on each projectStateDb run
preview/ci-artifacts/latest/policy-rules.json,1,,1,4970,fcb9529d4f85ed4b8e513d506e20f3d210f8b9571847f76c18b5d566093fd720,repo_file_state,projectStateDb (sync-project -> syncVersionControlState),versionControlLedger,Rebuilt from git ls-files + git status on each projectStateDb run
preview/ci-artifacts/latest/project-plan-next-step.json,1,,1,3755,82be3714b36efbc5eb8b1d57d8464213c57f8262a821cfc4478a8b418d3122f9,repo_file_state,projectStateDb (sync-project -> syncVersionControlState),versionControlLedger,Rebuilt from git ls-files + git status on each projectStateDb run
preview/ci-artifacts/latest/project-plan-progress-data.json,1,,1,11198,905457ed639615a898d82dcff71572224aa5600ccdbca074b4bbc9481c4eaf7e,repo_file_state,projectStateDb (sync-project -> syncVersionControlState),versionControlLedger,Rebuilt from git ls-files + git status on each projectStateDb run
preview/ci-artifacts/latest/project-plan-progress.csv,1,,1,6740,19503640e8257b8fee54a8ab8be629c783876bc52ffcf08387befeea1571fc13,repo_file_state,projectStateDb (sync-project -> syncVersionControlState),versionControlLedger,Rebuilt from git ls-files + git status on each projectStateDb run
preview/ci-artifacts/latest/project-plan-progress.xlsx,1,,1,29961,76f07a44f12e21299ab2cc55af5ec1f2945b97a974ffafc4c2167123df27aeb7,repo_file_state,projectStateDb (sync-project -> syncVersionControlState),versionControlLedger,Rebuilt from git ls-files + git status on each projectStateDb run
preview/ci-artifacts/latest/project-plan.md,1,,1,6891,4e7f6e95637a345803f098d4f00ed37560ff4141830230ce2f998fd16e93061e,repo_file_state,projectStateDb (sync-project -> syncVersionControlState),versionControlLedger,Rebuilt from git ls-files + git status on each projectStateDb run
preview/ci-artifacts/latest/project-state.sqlite,1,,1,253952,915af89a5f003c48e5dc58ed0972b057d131bc88a8bd66572ac91b477866eeb0,repo_file_state,projectStateDb (sync-project -> syncVersionControlState),versionControlLedger,Rebuilt from git ls-files + git status on each projectStateDb run
preview/ci-artifacts/latest/repo-file-inventory-with-context.csv,1,,1,170873,6a8da63588e3870eeeb656bee92db1e1661f2a4f3850b21266589f149e335341,repo_file_state,projectStateDb (sync-project -> syncVersionControlState),versionControlLedger,Rebuilt from git ls-files + git status on each projectStateDb run
preview/ci-artifacts/latest/version-control-ledger.json,1,,1,160379,3dd1212c01a6000101cca83517edaf760f4f404cdb1582d385739e6c3392d269,repo_file_state,projectStateDb (sync-project -> syncVersionControlState),versionControlLedger,Rebuilt from git ls-files + git status on each projectStateDb run
preview/ci-artifacts/latest/version.json,1,,1,103,43b7e1db8538ec49b478d48fe37e2e7f3317864ae229ab96f04775917226832a,repo_file_state,projectStateDb (sync-project -> syncVersionControlState),versionControlLedger,Rebuilt from git ls-files + git status on each projectStateDb run
preview/ci-artifacts/latest/workbook-refresh-status.json,1,,1,96,da893a9d602c4b0508338ba3e4d68b59fdd719129a918860fea05098d8091968,repo_file_state,projectStateDb (sync-project -> syncVersionControlState),versionControlLedger,Rebuilt from git ls-files + git status on each projectStateDb run
preview/fidelity-report.json,1,M,1,2384,3effb1680365977f2d97cc188f06801b28e879d633deb4f21451f4dbfcff4355,repo_file_state,projectStateDb (sync-project -> syncVersionControlState),versionControlLedger,Rebuilt from git ls-files + git status on each projectStateDb run
preview/ibm-output.html,1,,1,4820,95dd15248ddb72e4f994073ddccd1c6991219cb28f9c05957f8a28610d9aefdd,repo_file_state,projectStateDb (sync-project -> syncVersionControlState),versionControlLedger,Rebuilt from git ls-files + git status on each projectStateDb run
preview/ibm-output.pdf,1,,1,30009,51b8b17a229a690fff1ac252a5756e0b0f05958210920cfca1d4dd4431d2e7ed,repo_file_state,projectStateDb (sync-project -> syncVersionControlState),versionControlLedger,Rebuilt from git ls-files + git status on each projectStateDb run
preview/project-plan-progress-ai.xlsx,1,,1,6956,6c8b6b94f3b4f8070e7c077ae945958e9bf2f7699d20a0348106f57f0a636e18,repo_file_state,projectStateDb (sync-project -> syncVersionControlState),versionControlLedger,Rebuilt from git ls-files + git status on each projectStateDb run
preview/project-plan-progress-ai.xlsx.zip,1,,1,7209,83dfb289ebf359ef1c4d2afac2c9ddca07b6d902a097b92cb26d287be8d4612a,repo_file_state,projectStateDb (sync-project -> syncVersionControlState),versionControlLedger,Rebuilt from git ls-files + git status on each projectStateDb run
preview/project-plan-progress-poi-scratch.xlsx,1,,1,30695,734f06f4e70eb2dee099480827f78a79ca3c3b214157cfca351ecc06fe00f820,repo_file_state,projectStateDb (sync-project -> syncVersionControlState),versionControlLedger,Rebuilt from git ls-files + git status on each projectStateDb run
preview/project-plan-progress-test-from-backup.xlsx,1,,1,18041,c4e3a68c187e0e3307137589cc5110e2af7ce2ee93094b65ec5acc1070ad09c0,repo_file_state,projectStateDb (sync-project -> syncVersionControlState),versionControlLedger,Rebuilt from git ls-files + git status on each projectStateDb run
preview/project-plan-progress-test.xlsx,1,,1,28185,fe9d7f58776c2ae038303aa8c50ad28543c7348be023e86c44f151e999966837,repo_file_state,projectStateDb (sync-project -> syncVersionControlState),versionControlLedger,Rebuilt from git ls-files + git status on each projectStateDb run
pz-boilerplate-intelliJ.zip,0,??,1,270365482,947a0420834dd1337a3a3f0fd74b953cc47dc4a83f2bbf1f4e1948b19c20991a,repo_file_state,projectStateDb (sync-project -> syncVersionControlState),versionControlLedger,Rebuilt from git ls-files + git status on each projectStateDb run
sampleData/image-heavy.afp,1,,1,826,ba58ab856de5c92ea28b854470468b8fd600901396f6f3ee2e06fb4f0cb280fd,repo_file_state,projectStateDb (sync-project -> syncVersionControlState),versionControlLedger,Rebuilt from git ls-files + git status on each projectStateDb run
sampleData/sample.afp,1,,1,12784,553a336db9283ebbf85092320b68c060aacdbea4138fa720810f09431f86b73a,repo_file_state,projectStateDb (sync-project -> syncVersionControlState),versionControlLedger,Rebuilt from git ls-files + git status on each projectStateDb run
sampleOutput/image-heavy.pdf,1,,1,3591,85af77367093207e01dc2f4e2eee9569b29e37038c67f441d0d5608e046bb362,repo_file_state,projectStateDb (sync-project -> syncVersionControlState),versionControlLedger,Rebuilt from git ls-files + git status on each projectStateDb run
sampleOutput/sample.html,1,,1,4820,95dd15248ddb72e4f994073ddccd1c6991219cb28f9c05957f8a28610d9aefdd,repo_file_state,projectStateDb (sync-project -> syncVersionControlState),versionControlLedger,Rebuilt from git ls-files + git status on each projectStateDb run
sampleOutput/sample.pdf,1,,1,30009,51b8b17a229a690fff1ac252a5756e0b0f05958210920cfca1d4dd4431d2e7ed,repo_file_state,projectStateDb (sync-project -> syncVersionControlState),versionControlLedger,Rebuilt from git ls-files + git status on each projectStateDb run
settings.gradle,1,,1,105,7680f2286961e469446946f22e8c47abcd9f0eb14458ae52a223f1bd4c8b633e,repo_file_state,projectStateDb (sync-project -> syncVersionControlState),versionControlLedger,Rebuilt from git ls-files + git status on each projectStateDb run
tools/WorkbookUpdater.bas,1,,1,20889,c642b5542ded981e16d4ee8c016eefd64972ab7abe4f46a59bd988a18d9a4747,repo_file_state,projectStateDb (sync-project -> syncVersionControlState),versionControlLedger,Rebuilt from git ls-files + git status on each projectStateDb run
tools/export_project_plan_progress_json.py,1,,1,2000,0d6a05bf144fbe6bb82031b0840f18dbd4af898bb8d7c5531f1eeef3307292df,repo_file_state,projectStateDb (sync-project -> syncVersionControlState),versionControlLedger,Rebuilt from git ls-files + git status on each projectStateDb run
tools/fake-afp-engine.ps1,1,,1,3119,3f36ffd92760e942f5b1819ca99a53c1c9c6236eb809c778bccdba2549d97417,repo_file_state,projectStateDb (sync-project -> syncVersionControlState),versionControlLedger,Rebuilt from git ls-files + git status on each projectStateDb run
tools/fake-afp-engine.sh,1,,1,2219,170a1abb14151ec3c16441df7b565342fb412488a5f807fae84e25004c54b70b,repo_file_state,projectStateDb (sync-project -> syncVersionControlState),versionControlLedger,Rebuilt from git ls-files + git status on each projectStateDb run
tools/init_update_package.sh,1,,1,1078,c9812c3ae85ae0b77866d1d25334497d6ea4615990779d56b7d2cec6938712a3,repo_file_state,projectStateDb (sync-project -> syncVersionControlState),versionControlLedger,Rebuilt from git ls-files + git status on each projectStateDb run
tools/issues_effectiveness_report.py,1,,1,4759,6d61de78ab21a300e394a93906f1e7efff7f8b985e576a8a165428c0a1842ea3,repo_file_state,projectStateDb (sync-project -> syncVersionControlState),versionControlLedger,Rebuilt from git ls-files + git status on each projectStateDb run
tools/issues_log_tickle.py,1,,1,3881,fdb93bc1d2c66a9b67c75d4af787af39a067e47bd83c4f19d89d0cf882562e4a,repo_file_state,projectStateDb (sync-project -> syncVersionControlState),versionControlLedger,Rebuilt from git ls-files + git status on each projectStateDb run
tools/pm_workflow.py,1,,1,4813,c9a8b5e1105fd7b4157b44809bd15a9c818edc86aa19b9506bcb2baa6d2eb56d,repo_file_state,projectStateDb (sync-project -> syncVersionControlState),versionControlLedger,Rebuilt from git ls-files + git status on each projectStateDb run
tools/rollback_manager.py,1,,1,7448,9ed6a5025ab7925dfd27b76551cec5fbf3e2eccc19c5500e7ad3d8b5524c795c,repo_file_state,projectStateDb (sync-project -> syncVersionControlState),versionControlLedger,Rebuilt from git ls-files + git status on each projectStateDb run
tools/run_excel_workbook_refresh.applescript,1,,1,580,25a5cb93a637a93e718b4b52eb25b8e6acab423a1f8bfb3af761526217bf4977,repo_file_state,projectStateDb (sync-project -> syncVersionControlState),versionControlLedger,Rebuilt from git ls-files + git status on each projectStateDb run
tools/run_excel_workbook_refresh.py,1,,1,4806,5b6a762726ac55db885875b6f2ce740367729beb0fdfb5b468a52f2215492860,repo_file_state,projectStateDb (sync-project -> syncVersionControlState),versionControlLedger,Rebuilt from git ls-files + git status on each projectStateDb run
tools/update_project_plan_workbook.py,1,,1,49008,d97e46ed93d987a9ef52e8a53967c9531762f4fa2cc7a3daea9ca2c1e795b9f4,repo_file_state,projectStateDb (sync-project -> syncVersionControlState),versionControlLedger,Rebuilt from git ls-files + git status on each projectStateDb run
tools/versioning.py,1,,1,3244,de3d379787bce83501416e7a3a5bbd73fb9ea9ac731b637b3eacd75ad7738ec9,repo_file_state,projectStateDb (sync-project -> syncVersionControlState),versionControlLedger,Rebuilt from git ls-files + git status on each projectStateDb run
