path,tracked,status_code,exists_on_disk,size_bytes,sha256,source_table,generated_by,reporting_task,maintenance_context
"""afp-api alias""",0,??,0,0,,repo_file_state,projectStateDb (sync-project -> syncVersionControlState),versionControlLedger,Rebuilt from git ls-files + git status on each projectStateDb run
"""afp-cli alias""",0,??,0,0,,repo_file_state,projectStateDb (sync-project -> syncVersionControlState),versionControlLedger,Rebuilt from git ls-files + git status on each projectStateDb run
"""afp-engine alias""",0,??,0,0,,repo_file_state,projectStateDb (sync-project -> syncVersionControlState),versionControlLedger,Rebuilt from git ls-files + git status on each projectStateDb run
.github/CODEOWNERS,1,,1,251,07b233684c8c4468d3615890eae6d757940dc7d087f2f78da0966c50af786e53,repo_file_state,projectStateDb (sync-project -> syncVersionControlState),versionControlLedger,Rebuilt from git ls-files + git status on each projectStateDb run
.github/ISSUE_TEMPLATE/bug_report.yml,1,,1,1088,7134dd2c5a44268d1bb8c01f6076cc6394a5d07ca987b73aed9bacce76af9ef2,repo_file_state,projectStateDb (sync-project -> syncVersionControlState),versionControlLedger,Rebuilt from git ls-files + git status on each projectStateDb run
.github/ISSUE_TEMPLATE/config.yml,1,,1,242,d37a30db65f2e6d074049d1ce955c6417e88e2ff5e51aa6bcae8b912ff832fee,repo_file_state,projectStateDb (sync-project -> syncVersionControlState),versionControlLedger,Rebuilt from git ls-files + git status on each projectStateDb run
.github/ISSUE_TEMPLATE/feature_request.yml,1,,1,706,4327b00cd9241d69750de1b160c552a5ed9bdadbf218ac1c9fa10eabee6f06e0,repo_file_state,projectStateDb (sync-project -> syncVersionControlState),versionControlLedger,Rebuilt from git ls-files + git status on each projectStateDb run
.github/pull_request_template.md,1,,1,809,75f67d4470f0e843d7a946f1a257b3db9c8f33decaa9ec8c3bfaedf9a608b4da,repo_file_state,projectStateDb (sync-project -> syncVersionControlState),versionControlLedger,Rebuilt from git ls-files + git status on each projectStateDb run
.github/workflows/ci.yml,1,,1,3395,40f5167ac0b1040246bdfac29a487fad5050bee5f375d753c440876462c942ec,repo_file_state,projectStateDb (sync-project -> syncVersionControlState),versionControlLedger,Rebuilt from git ls-files + git status on each projectStateDb run
.gitignore,1,,1,772,f227b44468ea1a774003eb2936801368cda6710d9acab45b70d2c0b68053356f,repo_file_state,projectStateDb (sync-project -> syncVersionControlState),versionControlLedger,Rebuilt from git ls-files + git status on each projectStateDb run
.idea/,0,??,1,320,,repo_file_state,projectStateDb (sync-project -> syncVersionControlState),versionControlLedger,Rebuilt from git ls-files + git status on each projectStateDb run
AI-POLICY.md,1,M,1,22762,4a734050bc862773de546bcbf2fb6aab6b96689fe45d61e36877619722c20563,repo_file_state,projectStateDb (sync-project -> syncVersionControlState),versionControlLedger,Rebuilt from git ls-files + git status on each projectStateDb run
README.md,1,,1,16481,415f11053b15bd4623b9bd4bb58fd8a7343411aed97f997707d3637df0df7b70,repo_file_state,projectStateDb (sync-project -> syncVersionControlState),versionControlLedger,Rebuilt from git ls-files + git status on each projectStateDb run
SESSION_CHANGELOG.md,1,,1,65575,3dfd0f59abf5526d69f15694c5c903319a5ab998e06c6d097b36c79e5252a171,repo_file_state,projectStateDb (sync-project -> syncVersionControlState),versionControlLedger,Rebuilt from git ls-files + git status on each projectStateDb run
VERSION,1,,1,13,214374e4ab6ceb79d5fa5ff001fe9bbcbea31c3fd8c6bd42d48e7efaf6b2ce9f,repo_file_state,projectStateDb (sync-project -> syncVersionControlState),versionControlLedger,Rebuilt from git ls-files + git status on each projectStateDb run
afp-api/build.gradle,1,D,0,0,,repo_file_state,projectStateDb (sync-project -> syncVersionControlState),versionControlLedger,Rebuilt from git ls-files + git status on each projectStateDb run
afp-api/src/main/java/solutions/pointzero/symphony/afp/api/AfpConverter.java,1,D,0,0,,repo_file_state,projectStateDb (sync-project -> syncVersionControlState),versionControlLedger,Rebuilt from git ls-files + git status on each projectStateDb run
afp-api/src/main/java/solutions/pointzero/symphony/afp/api/AfpConverterConfig.java,1,D,0,0,,repo_file_state,projectStateDb (sync-project -> syncVersionControlState),versionControlLedger,Rebuilt from git ls-files + git status on each projectStateDb run
afp-api/src/main/java/solutions/pointzero/symphony/afp/api/AfpConverterFactory.java,1,D,0,0,,repo_file_state,projectStateDb (sync-project -> syncVersionControlState),versionControlLedger,Rebuilt from git ls-files + git status on each projectStateDb run
afp-api/src/main/java/solutions/pointzero/symphony/afp/api/CancellationToken.java,1,D,0,0,,repo_file_state,projectStateDb (sync-project -> syncVersionControlState),versionControlLedger,Rebuilt from git ls-files + git status on each projectStateDb run
afp-api/src/main/java/solutions/pointzero/symphony/afp/api/ConfigurationException.java,1,D,0,0,,repo_file_state,projectStateDb (sync-project -> syncVersionControlState),versionControlLedger,Rebuilt from git ls-files + git status on each projectStateDb run
afp-api/src/main/java/solutions/pointzero/symphony/afp/api/ConversionException.java,1,D,0,0,,repo_file_state,projectStateDb (sync-project -> syncVersionControlState),versionControlLedger,Rebuilt from git ls-files + git status on each projectStateDb run
afp-api/src/main/java/solutions/pointzero/symphony/afp/api/ConversionOptions.java,1,D,0,0,,repo_file_state,projectStateDb (sync-project -> syncVersionControlState),versionControlLedger,Rebuilt from git ls-files + git status on each projectStateDb run
afp-api/src/main/java/solutions/pointzero/symphony/afp/api/ConversionRequest.java,1,D,0,0,,repo_file_state,projectStateDb (sync-project -> syncVersionControlState),versionControlLedger,Rebuilt from git ls-files + git status on each projectStateDb run
afp-api/src/main/java/solutions/pointzero/symphony/afp/api/ConversionResult.java,1,D,0,0,,repo_file_state,projectStateDb (sync-project -> syncVersionControlState),versionControlLedger,Rebuilt from git ls-files + git status on each projectStateDb run
afp-api/src/main/java/solutions/pointzero/symphony/afp/api/ConversionWarning.java,1,D,0,0,,repo_file_state,projectStateDb (sync-project -> syncVersionControlState),versionControlLedger,Rebuilt from git ls-files + git status on each projectStateDb run
afp-api/src/main/java/solutions/pointzero/symphony/afp/api/DiagnosticsPolicy.java,1,D,0,0,,repo_file_state,projectStateDb (sync-project -> syncVersionControlState),versionControlLedger,Rebuilt from git ls-files + git status on each projectStateDb run
afp-api/src/main/java/solutions/pointzero/symphony/afp/api/FontPolicy.java,1,D,0,0,,repo_file_state,projectStateDb (sync-project -> syncVersionControlState),versionControlLedger,Rebuilt from git ls-files + git status on each projectStateDb run
afp-api/src/main/java/solutions/pointzero/symphony/afp/api/GeometryPolicy.java,1,D,0,0,,repo_file_state,projectStateDb (sync-project -> syncVersionControlState),versionControlLedger,Rebuilt from git ls-files + git status on each projectStateDb run
afp-api/src/main/java/solutions/pointzero/symphony/afp/api/Limits.java,1,D,0,0,,repo_file_state,projectStateDb (sync-project -> syncVersionControlState),versionControlLedger,Rebuilt from git ls-files + git status on each projectStateDb run
afp-api/src/main/java/solutions/pointzero/symphony/afp/api/MetadataPolicy.java,1,D,0,0,,repo_file_state,projectStateDb (sync-project -> syncVersionControlState),versionControlLedger,Rebuilt from git ls-files + git status on each projectStateDb run
afp-api/src/main/java/solutions/pointzero/symphony/afp/api/RenderPolicy.java,1,D,0,0,,repo_file_state,projectStateDb (sync-project -> syncVersionControlState),versionControlLedger,Rebuilt from git ls-files + git status on each projectStateDb run
afp-api/src/main/java/solutions/pointzero/symphony/afp/api/ResourceContext.java,1,D,0,0,,repo_file_state,projectStateDb (sync-project -> syncVersionControlState),versionControlLedger,Rebuilt from git ls-files + git status on each projectStateDb run
afp-api/src/main/java/solutions/pointzero/symphony/afp/api/Severity.java,1,D,0,0,,repo_file_state,projectStateDb (sync-project -> syncVersionControlState),versionControlLedger,Rebuilt from git ls-files + git status on each projectStateDb run
afp-api/src/main/java/solutions/pointzero/symphony/afp/api/TextFallback.java,1,D,0,0,,repo_file_state,projectStateDb (sync-project -> syncVersionControlState),versionControlLedger,Rebuilt from git ls-files + git status on each projectStateDb run
afp-api/src/main/java/solutions/pointzero/symphony/afp/api/TextPolicy.java,1,D,0,0,,repo_file_state,projectStateDb (sync-project -> syncVersionControlState),versionControlLedger,Rebuilt from git ls-files + git status on each projectStateDb run
afp-cli/build.gradle,1,D,0,0,,repo_file_state,projectStateDb (sync-project -> syncVersionControlState),versionControlLedger,Rebuilt from git ls-files + git status on each projectStateDb run
afp-cli/src/main/java/solutions/pointzero/symphony/afp/cli/Afp2PdfMain.java,1,D,0,0,,repo_file_state,projectStateDb (sync-project -> syncVersionControlState),versionControlLedger,Rebuilt from git ls-files + git status on each projectStateDb run
afp-engine/build.gradle,1,D,0,0,,repo_file_state,projectStateDb (sync-project -> syncVersionControlState),versionControlLedger,Rebuilt from git ls-files + git status on each projectStateDb run
afp-engine/src/main/java/solutions/pointzero/symphony/afp/engine/AfpCodePageProfile.java,1,D,0,0,,repo_file_state,projectStateDb (sync-project -> syncVersionControlState),versionControlLedger,Rebuilt from git ls-files + git status on each projectStateDb run
afp-engine/src/main/java/solutions/pointzero/symphony/afp/engine/AfpCodePageResolver.java,1,D,0,0,,repo_file_state,projectStateDb (sync-project -> syncVersionControlState),versionControlLedger,Rebuilt from git ls-files + git status on each projectStateDb run
afp-engine/src/main/java/solutions/pointzero/symphony/afp/engine/AfpDocumentLayout.java,1,D,0,0,,repo_file_state,projectStateDb (sync-project -> syncVersionControlState),versionControlLedger,Rebuilt from git ls-files + git status on each projectStateDb run
afp-engine/src/main/java/solutions/pointzero/symphony/afp/engine/AfpEngineAdapter.java,1,D,0,0,,repo_file_state,projectStateDb (sync-project -> syncVersionControlState),versionControlLedger,Rebuilt from git ls-files + git status on each projectStateDb run
afp-engine/src/main/java/solutions/pointzero/symphony/afp/engine/AfpHtmlRenderer.java,1,D,0,0,,repo_file_state,projectStateDb (sync-project -> syncVersionControlState),versionControlLedger,Rebuilt from git ls-files + git status on each projectStateDb run
afp-engine/src/main/java/solutions/pointzero/symphony/afp/engine/AfpInterpretation.java,1,D,0,0,,repo_file_state,projectStateDb (sync-project -> syncVersionControlState),versionControlLedger,Rebuilt from git ls-files + git status on each projectStateDb run
afp-engine/src/main/java/solutions/pointzero/symphony/afp/engine/AfpInterpreter.java,1,D,0,0,,repo_file_state,projectStateDb (sync-project -> syncVersionControlState),versionControlLedger,Rebuilt from git ls-files + git status on each projectStateDb run
afp-engine/src/main/java/solutions/pointzero/symphony/afp/engine/AfpLayoutInterpreter.java,1,D,0,0,,repo_file_state,projectStateDb (sync-project -> syncVersionControlState),versionControlLedger,Rebuilt from git ls-files + git status on each projectStateDb run
afp-engine/src/main/java/solutions/pointzero/symphony/afp/engine/AfpNativePdfRenderer.java,1,D,0,0,,repo_file_state,projectStateDb (sync-project -> syncVersionControlState),versionControlLedger,Rebuilt from git ls-files + git status on each projectStateDb run
afp-engine/src/main/java/solutions/pointzero/symphony/afp/engine/AfpOptionRow.java,1,D,0,0,,repo_file_state,projectStateDb (sync-project -> syncVersionControlState),versionControlLedger,Rebuilt from git ls-files + git status on each projectStateDb run
afp-engine/src/main/java/solutions/pointzero/symphony/afp/engine/AfpParseResult.java,1,D,0,0,,repo_file_state,projectStateDb (sync-project -> syncVersionControlState),versionControlLedger,Rebuilt from git ls-files + git status on each projectStateDb run
afp-engine/src/main/java/solutions/pointzero/symphony/afp/engine/AfpPrintCentricTraceEngine.java,1,D,0,0,,repo_file_state,projectStateDb (sync-project -> syncVersionControlState),versionControlLedger,Rebuilt from git ls-files + git status on each projectStateDb run
afp-engine/src/main/java/solutions/pointzero/symphony/afp/engine/AfpSemantics.java,1,D,0,0,,repo_file_state,projectStateDb (sync-project -> syncVersionControlState),versionControlLedger,Rebuilt from git ls-files + git status on each projectStateDb run
afp-engine/src/main/java/solutions/pointzero/symphony/afp/engine/AfpStructuredField.java,1,D,0,0,,repo_file_state,projectStateDb (sync-project -> syncVersionControlState),versionControlLedger,Rebuilt from git ls-files + git status on each projectStateDb run
afp-engine/src/main/java/solutions/pointzero/symphony/afp/engine/AfpStructuredFieldParser.java,1,D,0,0,,repo_file_state,projectStateDb (sync-project -> syncVersionControlState),versionControlLedger,Rebuilt from git ls-files + git status on each projectStateDb run
afp-engine/src/main/java/solutions/pointzero/symphony/afp/engine/AfpTextDecoders.java,1,D,0,0,,repo_file_state,projectStateDb (sync-project -> syncVersionControlState),versionControlLedger,Rebuilt from git ls-files + git status on each projectStateDb run
afp-engine/src/main/java/solutions/pointzero/symphony/afp/engine/AfplibSemanticPass.java,1,D,0,0,,repo_file_state,projectStateDb (sync-project -> syncVersionControlState),versionControlLedger,Rebuilt from git ls-files + git status on each projectStateDb run
afp-engine/src/main/java/solutions/pointzero/symphony/afp/engine/CliAfpEngineAdapter.java,1,D,0,0,,repo_file_state,projectStateDb (sync-project -> syncVersionControlState),versionControlLedger,Rebuilt from git ls-files + git status on each projectStateDb run
afp-engine/src/main/java/solutions/pointzero/symphony/afp/engine/DefaultAfpConverter.java,1,D,0,0,,repo_file_state,projectStateDb (sync-project -> syncVersionControlState),versionControlLedger,Rebuilt from git ls-files + git status on each projectStateDb run
afp-engine/src/main/java/solutions/pointzero/symphony/afp/engine/EngineIdentity.java,1,D,0,0,,repo_file_state,projectStateDb (sync-project -> syncVersionControlState),versionControlLedger,Rebuilt from git ls-files + git status on each projectStateDb run
afp-engine/src/main/java/solutions/pointzero/symphony/afp/engine/EngineInputs.java,1,D,0,0,,repo_file_state,projectStateDb (sync-project -> syncVersionControlState),versionControlLedger,Rebuilt from git ls-files + git status on each projectStateDb run
afp-engine/src/main/java/solutions/pointzero/symphony/afp/engine/EngineOutputs.java,1,D,0,0,,repo_file_state,projectStateDb (sync-project -> syncVersionControlState),versionControlLedger,Rebuilt from git ls-files + git status on each projectStateDb run
afp-engine/src/main/java/solutions/pointzero/symphony/afp/engine/EngineStats.java,1,D,0,0,,repo_file_state,projectStateDb (sync-project -> syncVersionControlState),versionControlLedger,Rebuilt from git ls-files + git status on each projectStateDb run
afp-engine/src/main/java/solutions/pointzero/symphony/afp/engine/FakeEngineOutputGenerator.java,1,D,0,0,,repo_file_state,projectStateDb (sync-project -> syncVersionControlState),versionControlLedger,Rebuilt from git ls-files + git status on each projectStateDb run
afp-engine/src/main/java/solutions/pointzero/symphony/afp/engine/Fingerprints.java,1,D,0,0,,repo_file_state,projectStateDb (sync-project -> syncVersionControlState),versionControlLedger,Rebuilt from git ls-files + git status on each projectStateDb run
afp-engine/src/main/java/solutions/pointzero/symphony/afp/engine/ImageResolutionService.java,1,D,0,0,,repo_file_state,projectStateDb (sync-project -> syncVersionControlState),versionControlLedger,Rebuilt from git ls-files + git status on each projectStateDb run
afp-engine/src/main/java/solutions/pointzero/symphony/afp/engine/InProcAfpEngineAdapter.java,1,D,0,0,,repo_file_state,projectStateDb (sync-project -> syncVersionControlState),versionControlLedger,Rebuilt from git ls-files + git status on each projectStateDb run
afp-engine/src/main/java/solutions/pointzero/symphony/afp/engine/PdfBoxPdfWriter.java,1,D,0,0,,repo_file_state,projectStateDb (sync-project -> syncVersionControlState),versionControlLedger,Rebuilt from git ls-files + git status on each projectStateDb run
afp-engine/src/main/java/solutions/pointzero/symphony/afp/engine/PdfWriter.java,1,D,0,0,,repo_file_state,projectStateDb (sync-project -> syncVersionControlState),versionControlLedger,Rebuilt from git ls-files + git status on each projectStateDb run
afp-engine/src/test/java/solutions/pointzero/symphony/afp/engine/AfpGroundTruthComparisonTest.java,1,D,0,0,,repo_file_state,projectStateDb (sync-project -> syncVersionControlState),versionControlLedger,Rebuilt from git ls-files + git status on each projectStateDb run
afp-engine/src/test/java/solutions/pointzero/symphony/afp/engine/AfpInterpreterTest.java,1,D,0,0,,repo_file_state,projectStateDb (sync-project -> syncVersionControlState),versionControlLedger,Rebuilt from git ls-files + git status on each projectStateDb run
afp-engine/src/test/java/solutions/pointzero/symphony/afp/engine/AfpNativePdfRendererTest.java,1,D,0,0,,repo_file_state,projectStateDb (sync-project -> syncVersionControlState),versionControlLedger,Rebuilt from git ls-files + git status on each projectStateDb run
afp-engine/src/test/java/solutions/pointzero/symphony/afp/engine/AfpPdfFidelityReportIT.java,1,D,0,0,,repo_file_state,projectStateDb (sync-project -> syncVersionControlState),versionControlLedger,Rebuilt from git ls-files + git status on each projectStateDb run
afp-engine/src/test/java/solutions/pointzero/symphony/afp/engine/AfpPrintCentricTraceEngineTest.java,1,D,0,0,,repo_file_state,projectStateDb (sync-project -> syncVersionControlState),versionControlLedger,Rebuilt from git ls-files + git status on each projectStateDb run
afp-engine/src/test/java/solutions/pointzero/symphony/afp/engine/AfpStructuredFieldParserTest.java,1,D,0,0,,repo_file_state,projectStateDb (sync-project -> syncVersionControlState),versionControlLedger,Rebuilt from git ls-files + git status on each projectStateDb run
afp-engine/src/test/java/solutions/pointzero/symphony/afp/engine/AfpTextDecodersTest.java,1,D,0,0,,repo_file_state,projectStateDb (sync-project -> syncVersionControlState),versionControlLedger,Rebuilt from git ls-files + git status on each projectStateDb run
afp-engine/src/test/java/solutions/pointzero/symphony/afp/engine/DefaultAfpConverterTest.java,1,D,0,0,,repo_file_state,projectStateDb (sync-project -> syncVersionControlState),versionControlLedger,Rebuilt from git ls-files + git status on each projectStateDb run
afp-engine/src/test/java/solutions/pointzero/symphony/afp/engine/ImageResolutionServiceTest.java,1,D,0,0,,repo_file_state,projectStateDb (sync-project -> syncVersionControlState),versionControlLedger,Rebuilt from git ls-files + git status on each projectStateDb run
afp-engine/src/test/java/solutions/pointzero/symphony/afp/engine/InProcAfpEngineAdapterTest.java,1,D,0,0,,repo_file_state,projectStateDb (sync-project -> syncVersionControlState),versionControlLedger,Rebuilt from git ls-files + git status on each projectStateDb run
afp-engine/src/test/java/solutions/pointzero/symphony/afp/engine/PdfBoxPdfWriterTest.java,1,D,0,0,,repo_file_state,projectStateDb (sync-project -> syncVersionControlState),versionControlLedger,Rebuilt from git ls-files + git status on each projectStateDb run
boilerplate/update-packages/README.md,1,D,0,0,,repo_file_state,projectStateDb (sync-project -> syncVersionControlState),versionControlLedger,Rebuilt from git ls-files + git status on each projectStateDb run
boilerplate/update-packages/pz-boilerplate-intelliJ/2026-02-18-boilerplate-sync-triage-workbook/README.md,1,D,0,0,,repo_file_state,projectStateDb (sync-project -> syncVersionControlState),versionControlLedger,Rebuilt from git ls-files + git status on each projectStateDb run
boilerplate/update-packages/pz-boilerplate-intelliJ/2026-02-18-boilerplate-sync-triage-workbook/apply-checklist.md,1,D,0,0,,repo_file_state,projectStateDb (sync-project -> syncVersionControlState),versionControlLedger,Rebuilt from git ls-files + git status on each projectStateDb run
boilerplate/update-packages/pz-boilerplate-intelliJ/2026-02-18-boilerplate-sync-triage-workbook/fresh-session-prompt.md,1,D,0,0,,repo_file_state,projectStateDb (sync-project -> syncVersionControlState),versionControlLedger,Rebuilt from git ls-files + git status on each projectStateDb run
boilerplate/update-packages/pz-boilerplate-intelliJ/2026-02-18-boilerplate-sync-triage-workbook/package-manifest.json,1,D,0,0,,repo_file_state,projectStateDb (sync-project -> syncVersionControlState),versionControlLedger,Rebuilt from git ls-files + git status on each projectStateDb run
boilerplate/update-packages/pz-boilerplate-intelliJ/2026-02-18-boilerplate-sync-triage-workbook/patches/0001-boilerplate-sync-triage-framework.patch,1,D,0,0,,repo_file_state,projectStateDb (sync-project -> syncVersionControlState),versionControlLedger,Rebuilt from git ls-files + git status on each projectStateDb run
boilerplate/update-packages/pz-boilerplate-intelliJ/2026-02-18-boilerplate-sync-triage-workbook/templates/BoilerplateSyncWorkbookUpdater.java,1,D,0,0,,repo_file_state,projectStateDb (sync-project -> syncVersionControlState),versionControlLedger,Rebuilt from git ls-files + git status on each projectStateDb run
boilerplate/update-packages/pz-boilerplate-intelliJ/2026-02-18-boilerplate-sync-triage-workbook/templates/build-gradle-snippets.md,1,D,0,0,,repo_file_state,projectStateDb (sync-project -> syncVersionControlState),versionControlLedger,Rebuilt from git ls-files + git status on each projectStateDb run
boilerplate/update-packages/pz-boilerplate-intelliJ/2026-02-18-boilerplate-sync-triage-workbook/templates/policy-readme-snippets.md,1,D,0,0,,repo_file_state,projectStateDb (sync-project -> syncVersionControlState),versionControlLedger,Rebuilt from git ls-files + git status on each projectStateDb run
boilerplate/update-packages/pz-boilerplate-intelliJ/2026-02-18-consolidated-framework-sync/README.md,1,D,0,0,,repo_file_state,projectStateDb (sync-project -> syncVersionControlState),versionControlLedger,Rebuilt from git ls-files + git status on each projectStateDb run
boilerplate/update-packages/pz-boilerplate-intelliJ/2026-02-18-consolidated-framework-sync/apply-checklist.md,1,D,0,0,,repo_file_state,projectStateDb (sync-project -> syncVersionControlState),versionControlLedger,Rebuilt from git ls-files + git status on each projectStateDb run
boilerplate/update-packages/pz-boilerplate-intelliJ/2026-02-18-consolidated-framework-sync/fresh-session-prompt.md,1,D,0,0,,repo_file_state,projectStateDb (sync-project -> syncVersionControlState),versionControlLedger,Rebuilt from git ls-files + git status on each projectStateDb run
boilerplate/update-packages/pz-boilerplate-intelliJ/2026-02-18-consolidated-framework-sync/package-manifest.json,1,D,0,0,,repo_file_state,projectStateDb (sync-project -> syncVersionControlState),versionControlLedger,Rebuilt from git ls-files + git status on each projectStateDb run
boilerplate/update-packages/pz-boilerplate-intelliJ/2026-02-18-consolidated-framework-sync/patches/0001-consolidated-framework-sync.patch,1,D,0,0,,repo_file_state,projectStateDb (sync-project -> syncVersionControlState),versionControlLedger,Rebuilt from git ls-files + git status on each projectStateDb run
boilerplate/update-packages/pz-boilerplate-intelliJ/2026-02-18-consolidated-framework-sync/templates/changelog-entry.md,1,D,0,0,,repo_file_state,projectStateDb (sync-project -> syncVersionControlState),versionControlLedger,Rebuilt from git ls-files + git status on each projectStateDb run
boilerplate/update-packages/pz-boilerplate-intelliJ/2026-02-18-governance-alerts-trust-sot/README.md,1,D,0,0,,repo_file_state,projectStateDb (sync-project -> syncVersionControlState),versionControlLedger,Rebuilt from git ls-files + git status on each projectStateDb run
boilerplate/update-packages/pz-boilerplate-intelliJ/2026-02-18-governance-alerts-trust-sot/apply-checklist.md,1,D,0,0,,repo_file_state,projectStateDb (sync-project -> syncVersionControlState),versionControlLedger,Rebuilt from git ls-files + git status on each projectStateDb run
boilerplate/update-packages/pz-boilerplate-intelliJ/2026-02-18-governance-alerts-trust-sot/fresh-session-prompt.md,1,D,0,0,,repo_file_state,projectStateDb (sync-project -> syncVersionControlState),versionControlLedger,Rebuilt from git ls-files + git status on each projectStateDb run
boilerplate/update-packages/pz-boilerplate-intelliJ/2026-02-18-governance-alerts-trust-sot/package-manifest.json,1,D,0,0,,repo_file_state,projectStateDb (sync-project -> syncVersionControlState),versionControlLedger,Rebuilt from git ls-files + git status on each projectStateDb run
boilerplate/update-packages/pz-boilerplate-intelliJ/2026-02-18-governance-events-workbook/README.md,1,D,0,0,,repo_file_state,projectStateDb (sync-project -> syncVersionControlState),versionControlLedger,Rebuilt from git ls-files + git status on each projectStateDb run
boilerplate/update-packages/pz-boilerplate-intelliJ/2026-02-18-governance-events-workbook/apply-checklist.md,1,D,0,0,,repo_file_state,projectStateDb (sync-project -> syncVersionControlState),versionControlLedger,Rebuilt from git ls-files + git status on each projectStateDb run
boilerplate/update-packages/pz-boilerplate-intelliJ/2026-02-18-governance-events-workbook/fresh-session-prompt.md,1,D,0,0,,repo_file_state,projectStateDb (sync-project -> syncVersionControlState),versionControlLedger,Rebuilt from git ls-files + git status on each projectStateDb run
boilerplate/update-packages/pz-boilerplate-intelliJ/2026-02-18-governance-events-workbook/package-manifest.json,1,D,0,0,,repo_file_state,projectStateDb (sync-project -> syncVersionControlState),versionControlLedger,Rebuilt from git ls-files + git status on each projectStateDb run
boilerplate/update-packages/pz-boilerplate-intelliJ/2026-02-18-managed-tooling-registration-gate/README.md,1,D,0,0,,repo_file_state,projectStateDb (sync-project -> syncVersionControlState),versionControlLedger,Rebuilt from git ls-files + git status on each projectStateDb run
boilerplate/update-packages/pz-boilerplate-intelliJ/2026-02-18-managed-tooling-registration-gate/apply-checklist.md,1,D,0,0,,repo_file_state,projectStateDb (sync-project -> syncVersionControlState),versionControlLedger,Rebuilt from git ls-files + git status on each projectStateDb run
boilerplate/update-packages/pz-boilerplate-intelliJ/2026-02-18-managed-tooling-registration-gate/fresh-session-prompt.md,1,D,0,0,,repo_file_state,projectStateDb (sync-project -> syncVersionControlState),versionControlLedger,Rebuilt from git ls-files + git status on each projectStateDb run
boilerplate/update-packages/pz-boilerplate-intelliJ/2026-02-18-managed-tooling-registration-gate/package-manifest.json,1,D,0,0,,repo_file_state,projectStateDb (sync-project -> syncVersionControlState),versionControlLedger,Rebuilt from git ls-files + git status on each projectStateDb run
boilerplate/update-packages/pz-boilerplate-intelliJ/2026-02-18-pm-realm-console-sql-rules-rollup/README.md,1,D,0,0,,repo_file_state,projectStateDb (sync-project -> syncVersionControlState),versionControlLedger,Rebuilt from git ls-files + git status on each projectStateDb run
boilerplate/update-packages/pz-boilerplate-intelliJ/2026-02-18-pm-realm-console-sql-rules-rollup/apply-checklist.md,1,D,0,0,,repo_file_state,projectStateDb (sync-project -> syncVersionControlState),versionControlLedger,Rebuilt from git ls-files + git status on each projectStateDb run
boilerplate/update-packages/pz-boilerplate-intelliJ/2026-02-18-pm-realm-console-sql-rules-rollup/fresh-session-prompt.md,1,D,0,0,,repo_file_state,projectStateDb (sync-project -> syncVersionControlState),versionControlLedger,Rebuilt from git ls-files + git status on each projectStateDb run
boilerplate/update-packages/pz-boilerplate-intelliJ/2026-02-18-pm-realm-console-sql-rules-rollup/package-manifest.json,1,D,0,0,,repo_file_state,projectStateDb (sync-project -> syncVersionControlState),versionControlLedger,Rebuilt from git ls-files + git status on each projectStateDb run
boilerplate/update-packages/pz-boilerplate-intelliJ/2026-02-18-pm-realm-console-sql-rules-rollup/patches/0001-pm-realm-console-sql-rules-rollup.patch,1,D,0,0,,repo_file_state,projectStateDb (sync-project -> syncVersionControlState),versionControlLedger,Rebuilt from git ls-files + git status on each projectStateDb run
boilerplate/update-packages/pz-boilerplate-intelliJ/2026-02-18-product-management-boundary-gate/README.md,1,D,0,0,,repo_file_state,projectStateDb (sync-project -> syncVersionControlState),versionControlLedger,Rebuilt from git ls-files + git status on each projectStateDb run
boilerplate/update-packages/pz-boilerplate-intelliJ/2026-02-18-product-management-boundary-gate/apply-checklist.md,1,D,0,0,,repo_file_state,projectStateDb (sync-project -> syncVersionControlState),versionControlLedger,Rebuilt from git ls-files + git status on each projectStateDb run
boilerplate/update-packages/pz-boilerplate-intelliJ/2026-02-18-product-management-boundary-gate/fresh-session-prompt.md,1,D,0,0,,repo_file_state,projectStateDb (sync-project -> syncVersionControlState),versionControlLedger,Rebuilt from git ls-files + git status on each projectStateDb run
boilerplate/update-packages/pz-boilerplate-intelliJ/2026-02-18-product-management-boundary-gate/package-manifest.json,1,D,0,0,,repo_file_state,projectStateDb (sync-project -> syncVersionControlState),versionControlLedger,Rebuilt from git ls-files + git status on each projectStateDb run
boilerplate/update-packages/pz-boilerplate-intelliJ/2026-02-18-project-level-rollback-governance-log-sync/README.md,1,D,0,0,,repo_file_state,projectStateDb (sync-project -> syncVersionControlState),versionControlLedger,Rebuilt from git ls-files + git status on each projectStateDb run
boilerplate/update-packages/pz-boilerplate-intelliJ/2026-02-18-project-level-rollback-governance-log-sync/apply-checklist.md,1,D,0,0,,repo_file_state,projectStateDb (sync-project -> syncVersionControlState),versionControlLedger,Rebuilt from git ls-files + git status on each projectStateDb run
boilerplate/update-packages/pz-boilerplate-intelliJ/2026-02-18-project-level-rollback-governance-log-sync/fresh-session-prompt.md,1,D,0,0,,repo_file_state,projectStateDb (sync-project -> syncVersionControlState),versionControlLedger,Rebuilt from git ls-files + git status on each projectStateDb run
boilerplate/update-packages/pz-boilerplate-intelliJ/2026-02-18-project-level-rollback-governance-log-sync/package-manifest.json,1,D,0,0,,repo_file_state,projectStateDb (sync-project -> syncVersionControlState),versionControlLedger,Rebuilt from git ls-files + git status on each projectStateDb run
boilerplate/update-packages/pz-boilerplate-intelliJ/2026-02-18-project-level-rollback-governance-log-sync/patches/0001-log-sync-template.patch,1,D,0,0,,repo_file_state,projectStateDb (sync-project -> syncVersionControlState),versionControlLedger,Rebuilt from git ls-files + git status on each projectStateDb run
boilerplate/update-packages/pz-boilerplate-intelliJ/2026-02-18-project-level-rollback-governance-log-sync/templates/process-evolution-entry.md,1,D,0,0,,repo_file_state,projectStateDb (sync-project -> syncVersionControlState),versionControlLedger,Rebuilt from git ls-files + git status on each projectStateDb run
boilerplate/update-packages/pz-boilerplate-intelliJ/2026-02-18-project-level-rollback-governance-log-sync/templates/session-changelog-entry.md,1,D,0,0,,repo_file_state,projectStateDb (sync-project -> syncVersionControlState),versionControlLedger,Rebuilt from git ls-files + git status on each projectStateDb run
boilerplate/update-packages/pz-boilerplate-intelliJ/2026-02-18-project-level-rollback-governance/README.md,1,D,0,0,,repo_file_state,projectStateDb (sync-project -> syncVersionControlState),versionControlLedger,Rebuilt from git ls-files + git status on each projectStateDb run
boilerplate/update-packages/pz-boilerplate-intelliJ/2026-02-18-project-level-rollback-governance/apply-checklist.md,1,D,0,0,,repo_file_state,projectStateDb (sync-project -> syncVersionControlState),versionControlLedger,Rebuilt from git ls-files + git status on each projectStateDb run
boilerplate/update-packages/pz-boilerplate-intelliJ/2026-02-18-project-level-rollback-governance/fresh-session-prompt.md,1,D,0,0,,repo_file_state,projectStateDb (sync-project -> syncVersionControlState),versionControlLedger,Rebuilt from git ls-files + git status on each projectStateDb run
boilerplate/update-packages/pz-boilerplate-intelliJ/2026-02-18-project-level-rollback-governance/package-manifest.json,1,D,0,0,,repo_file_state,projectStateDb (sync-project -> syncVersionControlState),versionControlLedger,Rebuilt from git ls-files + git status on each projectStateDb run
boilerplate/update-packages/pz-boilerplate-intelliJ/2026-02-18-project-level-rollback-governance/patches/0001-policy-and-readme-rollback-governance.patch,1,D,0,0,,repo_file_state,projectStateDb (sync-project -> syncVersionControlState),versionControlLedger,Rebuilt from git ls-files + git status on each projectStateDb run
boilerplate/update-packages/pz-boilerplate-intelliJ/2026-02-18-sqlite-state-tooling/README.md,1,D,0,0,,repo_file_state,projectStateDb (sync-project -> syncVersionControlState),versionControlLedger,Rebuilt from git ls-files + git status on each projectStateDb run
boilerplate/update-packages/pz-boilerplate-intelliJ/2026-02-18-sqlite-state-tooling/apply-checklist.md,1,D,0,0,,repo_file_state,projectStateDb (sync-project -> syncVersionControlState),versionControlLedger,Rebuilt from git ls-files + git status on each projectStateDb run
boilerplate/update-packages/pz-boilerplate-intelliJ/2026-02-18-sqlite-state-tooling/fresh-session-prompt.md,1,D,0,0,,repo_file_state,projectStateDb (sync-project -> syncVersionControlState),versionControlLedger,Rebuilt from git ls-files + git status on each projectStateDb run
boilerplate/update-packages/pz-boilerplate-intelliJ/2026-02-18-sqlite-state-tooling/package-manifest.json,1,D,0,0,,repo_file_state,projectStateDb (sync-project -> syncVersionControlState),versionControlLedger,Rebuilt from git ls-files + git status on each projectStateDb run
boilerplate/update-packages/pz-boilerplate-intelliJ/2026-02-18-unified-framework-rollup/README.md,1,D,0,0,,repo_file_state,projectStateDb (sync-project -> syncVersionControlState),versionControlLedger,Rebuilt from git ls-files + git status on each projectStateDb run
boilerplate/update-packages/pz-boilerplate-intelliJ/2026-02-18-unified-framework-rollup/apply-checklist.md,1,D,0,0,,repo_file_state,projectStateDb (sync-project -> syncVersionControlState),versionControlLedger,Rebuilt from git ls-files + git status on each projectStateDb run
boilerplate/update-packages/pz-boilerplate-intelliJ/2026-02-18-unified-framework-rollup/fresh-session-prompt.md,1,D,0,0,,repo_file_state,projectStateDb (sync-project -> syncVersionControlState),versionControlLedger,Rebuilt from git ls-files + git status on each projectStateDb run
boilerplate/update-packages/pz-boilerplate-intelliJ/2026-02-18-unified-framework-rollup/package-manifest.json,1,D,0,0,,repo_file_state,projectStateDb (sync-project -> syncVersionControlState),versionControlLedger,Rebuilt from git ls-files + git status on each projectStateDb run
boilerplate/update-packages/pz-boilerplate-intelliJ/2026-02-18-vcs-file-discipline-ledger/README.md,1,D,0,0,,repo_file_state,projectStateDb (sync-project -> syncVersionControlState),versionControlLedger,Rebuilt from git ls-files + git status on each projectStateDb run
boilerplate/update-packages/pz-boilerplate-intelliJ/2026-02-18-vcs-file-discipline-ledger/apply-checklist.md,1,D,0,0,,repo_file_state,projectStateDb (sync-project -> syncVersionControlState),versionControlLedger,Rebuilt from git ls-files + git status on each projectStateDb run
boilerplate/update-packages/pz-boilerplate-intelliJ/2026-02-18-vcs-file-discipline-ledger/fresh-session-prompt.md,1,D,0,0,,repo_file_state,projectStateDb (sync-project -> syncVersionControlState),versionControlLedger,Rebuilt from git ls-files + git status on each projectStateDb run
boilerplate/update-packages/pz-boilerplate-intelliJ/2026-02-18-vcs-file-discipline-ledger/package-manifest.json,1,D,0,0,,repo_file_state,projectStateDb (sync-project -> syncVersionControlState),versionControlLedger,Rebuilt from git ls-files + git status on each projectStateDb run
boilerplate/update-packages/pz-boilerplate-intelliJ/2026-02-18-workbook-change-driven-guard/README.md,1,D,0,0,,repo_file_state,projectStateDb (sync-project -> syncVersionControlState),versionControlLedger,Rebuilt from git ls-files + git status on each projectStateDb run
boilerplate/update-packages/pz-boilerplate-intelliJ/2026-02-18-workbook-change-driven-guard/apply-checklist.md,1,D,0,0,,repo_file_state,projectStateDb (sync-project -> syncVersionControlState),versionControlLedger,Rebuilt from git ls-files + git status on each projectStateDb run
boilerplate/update-packages/pz-boilerplate-intelliJ/2026-02-18-workbook-change-driven-guard/fresh-session-prompt.md,1,D,0,0,,repo_file_state,projectStateDb (sync-project -> syncVersionControlState),versionControlLedger,Rebuilt from git ls-files + git status on each projectStateDb run
boilerplate/update-packages/pz-boilerplate-intelliJ/2026-02-18-workbook-change-driven-guard/package-manifest.json,1,D,0,0,,repo_file_state,projectStateDb (sync-project -> syncVersionControlState),versionControlLedger,Rebuilt from git ls-files + git status on each projectStateDb run
boilerplate/update-packages/pz-boilerplate-intelliJ/2026-02-18-workbook-change-driven-guard/patches/0001-workbook-change-driven-guard.patch,1,D,0,0,,repo_file_state,projectStateDb (sync-project -> syncVersionControlState),versionControlLedger,Rebuilt from git ls-files + git status on each projectStateDb run
boilerplate/update-packages/pz-boilerplate-intelliJ/2026-02-19-console-environment-governance-v2/apply-checklist.md,1,D,0,0,,repo_file_state,projectStateDb (sync-project -> syncVersionControlState),versionControlLedger,Rebuilt from git ls-files + git status on each projectStateDb run
boilerplate/update-packages/pz-boilerplate-intelliJ/2026-02-19-console-environment-governance-v2/package-manifest.json,1,D,0,0,,repo_file_state,projectStateDb (sync-project -> syncVersionControlState),versionControlLedger,Rebuilt from git ls-files + git status on each projectStateDb run
boilerplate/update-packages/pz-boilerplate-intelliJ/2026-02-19-fresh-instance-convergence-eval/README.md,1,D,0,0,,repo_file_state,projectStateDb (sync-project -> syncVersionControlState),versionControlLedger,Rebuilt from git ls-files + git status on each projectStateDb run
boilerplate/update-packages/pz-boilerplate-intelliJ/2026-02-19-fresh-instance-convergence-eval/apply-checklist.md,1,D,0,0,,repo_file_state,projectStateDb (sync-project -> syncVersionControlState),versionControlLedger,Rebuilt from git ls-files + git status on each projectStateDb run
boilerplate/update-packages/pz-boilerplate-intelliJ/2026-02-19-fresh-instance-convergence-eval/comparison-checklist.md,1,D,0,0,,repo_file_state,projectStateDb (sync-project -> syncVersionControlState),versionControlLedger,Rebuilt from git ls-files + git status on each projectStateDb run
boilerplate/update-packages/pz-boilerplate-intelliJ/2026-02-19-fresh-instance-convergence-eval/fresh-session-prompt.md,1,D,0,0,,repo_file_state,projectStateDb (sync-project -> syncVersionControlState),versionControlLedger,Rebuilt from git ls-files + git status on each projectStateDb run
boilerplate/update-packages/pz-boilerplate-intelliJ/2026-02-19-fresh-instance-convergence-eval/package-manifest.json,1,D,0,0,,repo_file_state,projectStateDb (sync-project -> syncVersionControlState),versionControlLedger,Rebuilt from git ls-files + git status on each projectStateDb run
boilerplate/update-packages/pz-boilerplate-intelliJ/2026-02-19-namespace-root-solutions-pointzero-symphony/README.md,1,D,0,0,,repo_file_state,projectStateDb (sync-project -> syncVersionControlState),versionControlLedger,Rebuilt from git ls-files + git status on each projectStateDb run
boilerplate/update-packages/pz-boilerplate-intelliJ/2026-02-19-namespace-root-solutions-pointzero-symphony/apply-checklist.md,1,D,0,0,,repo_file_state,projectStateDb (sync-project -> syncVersionControlState),versionControlLedger,Rebuilt from git ls-files + git status on each projectStateDb run
boilerplate/update-packages/pz-boilerplate-intelliJ/2026-02-19-namespace-root-solutions-pointzero-symphony/fresh-session-prompt.md,1,D,0,0,,repo_file_state,projectStateDb (sync-project -> syncVersionControlState),versionControlLedger,Rebuilt from git ls-files + git status on each projectStateDb run
boilerplate/update-packages/pz-boilerplate-intelliJ/2026-02-19-namespace-root-solutions-pointzero-symphony/package-manifest.json,1,D,0,0,,repo_file_state,projectStateDb (sync-project -> syncVersionControlState),versionControlLedger,Rebuilt from git ls-files + git status on each projectStateDb run
boilerplate/update-packages/pz-boilerplate-intelliJ/2026-02-19-pm-live-actions-governance-automation/README.md,1,D,0,0,,repo_file_state,projectStateDb (sync-project -> syncVersionControlState),versionControlLedger,Rebuilt from git ls-files + git status on each projectStateDb run
boilerplate/update-packages/pz-boilerplate-intelliJ/2026-02-19-pm-live-actions-governance-automation/apply-checklist.md,1,D,0,0,,repo_file_state,projectStateDb (sync-project -> syncVersionControlState),versionControlLedger,Rebuilt from git ls-files + git status on each projectStateDb run
boilerplate/update-packages/pz-boilerplate-intelliJ/2026-02-19-pm-live-actions-governance-automation/fresh-session-prompt.md,1,D,0,0,,repo_file_state,projectStateDb (sync-project -> syncVersionControlState),versionControlLedger,Rebuilt from git ls-files + git status on each projectStateDb run
boilerplate/update-packages/pz-boilerplate-intelliJ/2026-02-19-pm-live-actions-governance-automation/package-manifest.json,1,D,0,0,,repo_file_state,projectStateDb (sync-project -> syncVersionControlState),versionControlLedger,Rebuilt from git ls-files + git status on each projectStateDb run
boilerplate/update-packages/pz-boilerplate-intelliJ/2026-02-19-presentation-naming-governance-rollup/README.md,1,D,0,0,,repo_file_state,projectStateDb (sync-project -> syncVersionControlState),versionControlLedger,Rebuilt from git ls-files + git status on each projectStateDb run
boilerplate/update-packages/pz-boilerplate-intelliJ/2026-02-19-presentation-naming-governance-rollup/apply-checklist.md,1,D,0,0,,repo_file_state,projectStateDb (sync-project -> syncVersionControlState),versionControlLedger,Rebuilt from git ls-files + git status on each projectStateDb run
boilerplate/update-packages/pz-boilerplate-intelliJ/2026-02-19-presentation-naming-governance-rollup/fresh-session-prompt.md,1,D,0,0,,repo_file_state,projectStateDb (sync-project -> syncVersionControlState),versionControlLedger,Rebuilt from git ls-files + git status on each projectStateDb run
boilerplate/update-packages/pz-boilerplate-intelliJ/2026-02-19-presentation-naming-governance-rollup/package-manifest.json,1,D,0,0,,repo_file_state,projectStateDb (sync-project -> syncVersionControlState),versionControlLedger,Rebuilt from git ls-files + git status on each projectStateDb run
boilerplate/update-packages/pz-boilerplate-intelliJ/2026-02-19-queue-normalization-knowledge-link-gate/README.md,1,D,0,0,,repo_file_state,projectStateDb (sync-project -> syncVersionControlState),versionControlLedger,Rebuilt from git ls-files + git status on each projectStateDb run
boilerplate/update-packages/pz-boilerplate-intelliJ/2026-02-19-queue-normalization-knowledge-link-gate/apply-checklist.md,1,D,0,0,,repo_file_state,projectStateDb (sync-project -> syncVersionControlState),versionControlLedger,Rebuilt from git ls-files + git status on each projectStateDb run
boilerplate/update-packages/pz-boilerplate-intelliJ/2026-02-19-queue-normalization-knowledge-link-gate/fresh-session-prompt.md,1,D,0,0,,repo_file_state,projectStateDb (sync-project -> syncVersionControlState),versionControlLedger,Rebuilt from git ls-files + git status on each projectStateDb run
boilerplate/update-packages/pz-boilerplate-intelliJ/2026-02-19-queue-normalization-knowledge-link-gate/package-manifest.json,1,D,0,0,,repo_file_state,projectStateDb (sync-project -> syncVersionControlState),versionControlLedger,Rebuilt from git ls-files + git status on each projectStateDb run
boilerplate/update-packages/pz-boilerplate-intelliJ/2026-02-19-recovery-ci-sql-integrity.zip,1,D,0,0,,repo_file_state,projectStateDb (sync-project -> syncVersionControlState),versionControlLedger,Rebuilt from git ls-files + git status on each projectStateDb run
boilerplate/update-packages/pz-boilerplate-intelliJ/2026-02-19-recovery-ci-sql-integrity.zip.sha256,1,D,0,0,,repo_file_state,projectStateDb (sync-project -> syncVersionControlState),versionControlLedger,Rebuilt from git ls-files + git status on each projectStateDb run
boilerplate/update-packages/pz-boilerplate-intelliJ/2026-02-19-recovery-ci-sql-integrity/README.md,1,D,0,0,,repo_file_state,projectStateDb (sync-project -> syncVersionControlState),versionControlLedger,Rebuilt from git ls-files + git status on each projectStateDb run
boilerplate/update-packages/pz-boilerplate-intelliJ/2026-02-19-recovery-ci-sql-integrity/apply-checklist.md,1,D,0,0,,repo_file_state,projectStateDb (sync-project -> syncVersionControlState),versionControlLedger,Rebuilt from git ls-files + git status on each projectStateDb run
boilerplate/update-packages/pz-boilerplate-intelliJ/2026-02-19-recovery-ci-sql-integrity/fresh-session-prompt.md,1,D,0,0,,repo_file_state,projectStateDb (sync-project -> syncVersionControlState),versionControlLedger,Rebuilt from git ls-files + git status on each projectStateDb run
boilerplate/update-packages/pz-boilerplate-intelliJ/2026-02-19-recovery-ci-sql-integrity/package-manifest.json,1,D,0,0,,repo_file_state,projectStateDb (sync-project -> syncVersionControlState),versionControlLedger,Rebuilt from git ls-files + git status on each projectStateDb run
build.gradle,1,,1,111561,c9f4bcf2cc99e92ed40d65b504124579620914b7c93bcbb8d99a847d229e3921,repo_file_state,projectStateDb (sync-project -> syncVersionControlState),versionControlLedger,Rebuilt from git ls-files + git status on each projectStateDb run
docs/API.md,1,,1,9387,b4e83f9377a9a39c38e919af8576e3d2c475a5e53fc4b3e1e6698fa0f3e252bd,repo_file_state,projectStateDb (sync-project -> syncVersionControlState),versionControlLedger,Rebuilt from git ls-files + git status on each projectStateDb run
docs/NEW_MACHINE_BOOTSTRAP.md,1,,1,1170,c8e555d4493a4c3bf8c99e944d9683721d01c3418602bd958ea31e51c4ffb02c,repo_file_state,projectStateDb (sync-project -> syncVersionControlState),versionControlLedger,Rebuilt from git ls-files + git status on each projectStateDb run
docs/PM_CONSOLE_EXCHANGE_FORMAT.md,1,,1,1493,4bfe0f4b65eb9ce41250223b56b9e2f726628a9e3a69879c3431ee800321df02,repo_file_state,projectStateDb (sync-project -> syncVersionControlState),versionControlLedger,Rebuilt from git ls-files + git status on each projectStateDb run
docs/PRESENTATION_ID_MIGRATION.md,1,,1,895,30ba16906901115d798d706cfe603c981e1de15e4b318597ea50079d6a0596d3,repo_file_state,projectStateDb (sync-project -> syncVersionControlState),versionControlLedger,Rebuilt from git ls-files + git status on each projectStateDb run
docs/SQL_FIRST_WORKFLOW.md,1,,1,11869,80ad77f330ec68cb5a8165e2033bc8569a6037c81d0ec9c87963e8bda4ab81fa,repo_file_state,projectStateDb (sync-project -> syncVersionControlState),versionControlLedger,Rebuilt from git ls-files + git status on each projectStateDb run
docs/boilerplate-sync-candidates.xlsx,1,,1,9849,bf97c3e2accb6059e259add11b8cb60767292e71919a1d94e3e63263612a55b2,repo_file_state,projectStateDb (sync-project -> syncVersionControlState),versionControlLedger,Rebuilt from git ls-files + git status on each projectStateDb run
docs/fidelity-corpus.txt,1,,1,153,e3750b6d368a66e26ac0885f120f4eaa9e3064393c2d396fbda6d942d80b8f32,repo_file_state,projectStateDb (sync-project -> syncVersionControlState),versionControlLedger,Rebuilt from git ls-files + git status on each projectStateDb run
docs/issues-log-template.csv,1,,1,275,344c8e1f896da05226f17ce1ccc16eedb36bd7924c13f7545a3c89f5b3c176ce,repo_file_state,projectStateDb (sync-project -> syncVersionControlState),versionControlLedger,Rebuilt from git ls-files + git status on each projectStateDb run
docs/issues-log.csv,1,M,1,8455,a0ef34aa1461f887e098d93821f49c86722d0a9035a3626a5b99b7b007cd01a3,repo_file_state,projectStateDb (sync-project -> syncVersionControlState),versionControlLedger,Rebuilt from git ls-files + git status on each projectStateDb run
docs/policy-governance-events.csv,1,,1,2102,bd6182cfc9a620f51f17b96e1565a3ea42650ab0f5fe1f99fb41730f0ffdf132,repo_file_state,projectStateDb (sync-project -> syncVersionControlState),versionControlLedger,Rebuilt from git ls-files + git status on each projectStateDb run
docs/policy-governance-events.xlsx,1,,1,4517,f366429098a47b9bde9a54f8704548905d6c5e43f209cdd10e55241715eaebca,repo_file_state,projectStateDb (sync-project -> syncVersionControlState),versionControlLedger,Rebuilt from git ls-files + git status on each projectStateDb run
docs/project-plan-progress.csv,1,M,1,11101,b477845a47c41d827aaa440b2fa73f9bb20d22388c5dc58e7c9888213a8d2489,repo_file_state,projectStateDb (sync-project -> syncVersionControlState),versionControlLedger,Rebuilt from git ls-files + git status on each projectStateDb run
docs/project-plan-progress.xlsx,1,M,1,13977,572f7905002d3cbc2e8e66447b9ad1d28f380ea7f6119ce4b3b644d332ced6f0,repo_file_state,projectStateDb (sync-project -> syncVersionControlState),versionControlLedger,Rebuilt from git ls-files + git status on each projectStateDb run
docs/project-plan.md,1,M,1,8627,1fe5e79e9abb0e253fe69767e2a59e9f7feb20319b3c6720e4b6b62a7841f862,repo_file_state,projectStateDb (sync-project -> syncVersionControlState),versionControlLedger,Rebuilt from git ls-files + git status on each projectStateDb run
docs/update-packages/README.md,1,,1,234,e09e6e4e07bdeac9b02180d60439f7b0a285b34c3485055dfd4531f8451cc313,repo_file_state,projectStateDb (sync-project -> syncVersionControlState),versionControlLedger,Rebuilt from git ls-files + git status on each projectStateDb run
gradle/wrapper/gradle-wrapper.jar,1,,1,60756,91a239400bb638f36a1795d8fdf7939d532cdc7d794d1119b7261aac158b1e60,repo_file_state,projectStateDb (sync-project -> syncVersionControlState),versionControlLedger,Rebuilt from git ls-files + git status on each projectStateDb run
gradle/wrapper/gradle-wrapper.properties,1,,1,232,9ba4f8c8258f3d6d74144493b9e3e80e470a7b05cf34ce392a60d0e4fb9fc504,repo_file_state,projectStateDb (sync-project -> syncVersionControlState),versionControlLedger,Rebuilt from git ls-files + git status on each projectStateDb run
gradlew,1,,1,8070,f96a757581fe5292465e3f3393380bd11fd8086d450b92e7c693da6513f583fe,repo_file_state,projectStateDb (sync-project -> syncVersionControlState),versionControlLedger,Rebuilt from git ls-files + git status on each projectStateDb run
gradlew.bat,1,,1,2763,af835f98787e9269af5a046edcb821a592fed372139df7b947b471a63cfc236b,repo_file_state,projectStateDb (sync-project -> syncVersionControlState),versionControlLedger,Rebuilt from git ls-files + git status on each projectStateDb run
management/,0,??,1,192,,repo_file_state,projectStateDb (sync-project -> syncVersionControlState),versionControlLedger,Rebuilt from git ls-files + git status on each projectStateDb run
pm-console/build.gradle,1,D,0,0,,repo_file_state,projectStateDb (sync-project -> syncVersionControlState),versionControlLedger,Rebuilt from git ls-files + git status on each projectStateDb run
pm-console/src/main/java/solutions/pointzero/symphony/pm/console/PmConsoleMain.java,1,D,0,0,,repo_file_state,projectStateDb (sync-project -> syncVersionControlState),versionControlLedger,Rebuilt from git ls-files + git status on each projectStateDb run
pm-console/src/test/java/solutions/pointzero/symphony/pm/console/PmConsoleMainTest.java,1,D,0,0,,repo_file_state,projectStateDb (sync-project -> syncVersionControlState),versionControlLedger,Rebuilt from git ls-files + git status on each projectStateDb run
pm-tools/build.gradle,1,D,0,0,,repo_file_state,projectStateDb (sync-project -> syncVersionControlState),versionControlLedger,Rebuilt from git ls-files + git status on each projectStateDb run
pm-tools/src/main/java/solutions/pointzero/symphony/pm/tools/BoilerplateSyncWorkbookUpdater.java,1,D,0,0,,repo_file_state,projectStateDb (sync-project -> syncVersionControlState),versionControlLedger,Rebuilt from git ls-files + git status on each projectStateDb run
pm-tools/src/main/java/solutions/pointzero/symphony/pm/tools/PolicyGovernanceWorkbookUpdater.java,1,D,0,0,,repo_file_state,projectStateDb (sync-project -> syncVersionControlState),versionControlLedger,Rebuilt from git ls-files + git status on each projectStateDb run
pm-tools/src/main/java/solutions/pointzero/symphony/pm/tools/ProjectPlanWorkbookUpdater.java,1,D,0,0,,repo_file_state,projectStateDb (sync-project -> syncVersionControlState),versionControlLedger,Rebuilt from git ls-files + git status on each projectStateDb run
pm-tools/src/main/java/solutions/pointzero/symphony/pm/tools/StateDatabaseTool.java,1,D,0,0,,repo_file_state,projectStateDb (sync-project -> syncVersionControlState),versionControlLedger,Rebuilt from git ls-files + git status on each projectStateDb run
pm-tools/src/test/java/solutions/pointzero/symphony/pm/tools/StateDatabaseToolTest.java,1,D,0,0,,repo_file_state,projectStateDb (sync-project -> syncVersionControlState),versionControlLedger,Rebuilt from git ls-files + git status on each projectStateDb run
pm/checkpoints/20260218T180055Z-0.2.0-beta.1-initial-versioning-rollback/files/AI-POLICY.md,1,D,0,0,,repo_file_state,projectStateDb (sync-project -> syncVersionControlState),versionControlLedger,Rebuilt from git ls-files + git status on each projectStateDb run
pm/checkpoints/20260218T180055Z-0.2.0-beta.1-initial-versioning-rollback/files/README.md,1,D,0,0,,repo_file_state,projectStateDb (sync-project -> syncVersionControlState),versionControlLedger,Rebuilt from git ls-files + git status on each projectStateDb run
pm/checkpoints/20260218T180055Z-0.2.0-beta.1-initial-versioning-rollback/files/SESSION_CHANGELOG.md,1,D,0,0,,repo_file_state,projectStateDb (sync-project -> syncVersionControlState),versionControlLedger,Rebuilt from git ls-files + git status on each projectStateDb run
pm/checkpoints/20260218T180055Z-0.2.0-beta.1-initial-versioning-rollback/files/VERSION,1,D,0,0,,repo_file_state,projectStateDb (sync-project -> syncVersionControlState),versionControlLedger,Rebuilt from git ls-files + git status on each projectStateDb run
pm/checkpoints/20260218T180055Z-0.2.0-beta.1-initial-versioning-rollback/files/build.gradle,1,D,0,0,,repo_file_state,projectStateDb (sync-project -> syncVersionControlState),versionControlLedger,Rebuilt from git ls-files + git status on each projectStateDb run
pm/checkpoints/20260218T180055Z-0.2.0-beta.1-initial-versioning-rollback/files/docs/API.md,1,D,0,0,,repo_file_state,projectStateDb (sync-project -> syncVersionControlState),versionControlLedger,Rebuilt from git ls-files + git status on each projectStateDb run
pm/checkpoints/20260218T180055Z-0.2.0-beta.1-initial-versioning-rollback/files/docs/issues-log-template.csv,1,D,0,0,,repo_file_state,projectStateDb (sync-project -> syncVersionControlState),versionControlLedger,Rebuilt from git ls-files + git status on each projectStateDb run
pm/checkpoints/20260218T180055Z-0.2.0-beta.1-initial-versioning-rollback/files/docs/issues-log.csv,1,D,0,0,,repo_file_state,projectStateDb (sync-project -> syncVersionControlState),versionControlLedger,Rebuilt from git ls-files + git status on each projectStateDb run
pm/checkpoints/20260218T180055Z-0.2.0-beta.1-initial-versioning-rollback/files/docs/project-plan-progress.csv,1,D,0,0,,repo_file_state,projectStateDb (sync-project -> syncVersionControlState),versionControlLedger,Rebuilt from git ls-files + git status on each projectStateDb run
pm/checkpoints/20260218T180055Z-0.2.0-beta.1-initial-versioning-rollback/files/docs/project-plan.md,1,D,0,0,,repo_file_state,projectStateDb (sync-project -> syncVersionControlState),versionControlLedger,Rebuilt from git ls-files + git status on each projectStateDb run
pm/checkpoints/20260218T180055Z-0.2.0-beta.1-initial-versioning-rollback/files/preview/afp-diag.json,1,D,0,0,,repo_file_state,projectStateDb (sync-project -> syncVersionControlState),versionControlLedger,Rebuilt from git ls-files + git status on each projectStateDb run
pm/checkpoints/20260218T180055Z-0.2.0-beta.1-initial-versioning-rollback/files/preview/afp-meta.json,1,D,0,0,,repo_file_state,projectStateDb (sync-project -> syncVersionControlState),versionControlLedger,Rebuilt from git ls-files + git status on each projectStateDb run
pm/checkpoints/20260218T180055Z-0.2.0-beta.1-initial-versioning-rollback/files/preview/afp-output.html,1,D,0,0,,repo_file_state,projectStateDb (sync-project -> syncVersionControlState),versionControlLedger,Rebuilt from git ls-files + git status on each projectStateDb run
pm/checkpoints/20260218T180055Z-0.2.0-beta.1-initial-versioning-rollback/files/preview/fidelity-report.json,1,D,0,0,,repo_file_state,projectStateDb (sync-project -> syncVersionControlState),versionControlLedger,Rebuilt from git ls-files + git status on each projectStateDb run
pm/checkpoints/20260218T180055Z-0.2.0-beta.1-initial-versioning-rollback/files/preview/issues-effectiveness.json,1,D,0,0,,repo_file_state,projectStateDb (sync-project -> syncVersionControlState),versionControlLedger,Rebuilt from git ls-files + git status on each projectStateDb run
pm/checkpoints/20260218T180055Z-0.2.0-beta.1-initial-versioning-rollback/files/preview/issues-log-tickle.json,1,D,0,0,,repo_file_state,projectStateDb (sync-project -> syncVersionControlState),versionControlLedger,Rebuilt from git ls-files + git status on each projectStateDb run
pm/checkpoints/20260218T180055Z-0.2.0-beta.1-initial-versioning-rollback/files/preview/project-plan-next-step.json,1,D,0,0,,repo_file_state,projectStateDb (sync-project -> syncVersionControlState),versionControlLedger,Rebuilt from git ls-files + git status on each projectStateDb run
pm/checkpoints/20260218T180055Z-0.2.0-beta.1-initial-versioning-rollback/files/preview/project-plan-progress-data.json,1,D,0,0,,repo_file_state,projectStateDb (sync-project -> syncVersionControlState),versionControlLedger,Rebuilt from git ls-files + git status on each projectStateDb run
pm/checkpoints/20260218T180055Z-0.2.0-beta.1-initial-versioning-rollback/files/preview/version.json,1,D,0,0,,repo_file_state,projectStateDb (sync-project -> syncVersionControlState),versionControlLedger,Rebuilt from git ls-files + git status on each projectStateDb run
pm/checkpoints/20260218T180055Z-0.2.0-beta.1-initial-versioning-rollback/files/settings.gradle,1,D,0,0,,repo_file_state,projectStateDb (sync-project -> syncVersionControlState),versionControlLedger,Rebuilt from git ls-files + git status on each projectStateDb run
pm/checkpoints/20260218T180055Z-0.2.0-beta.1-initial-versioning-rollback/manifest.json,1,D,0,0,,repo_file_state,projectStateDb (sync-project -> syncVersionControlState),versionControlLedger,Rebuilt from git ls-files + git status on each projectStateDb run
pm/checkpoints/20260218T214353Z-0.2.0-beta.1-policy-first-principles-governance-fix/files/AI-POLICY.md,1,D,0,0,,repo_file_state,projectStateDb (sync-project -> syncVersionControlState),versionControlLedger,Rebuilt from git ls-files + git status on each projectStateDb run
pm/checkpoints/20260218T214353Z-0.2.0-beta.1-policy-first-principles-governance-fix/files/README.md,1,D,0,0,,repo_file_state,projectStateDb (sync-project -> syncVersionControlState),versionControlLedger,Rebuilt from git ls-files + git status on each projectStateDb run
pm/checkpoints/20260218T214353Z-0.2.0-beta.1-policy-first-principles-governance-fix/files/SESSION_CHANGELOG.md,1,D,0,0,,repo_file_state,projectStateDb (sync-project -> syncVersionControlState),versionControlLedger,Rebuilt from git ls-files + git status on each projectStateDb run
pm/checkpoints/20260218T214353Z-0.2.0-beta.1-policy-first-principles-governance-fix/files/VERSION,1,D,0,0,,repo_file_state,projectStateDb (sync-project -> syncVersionControlState),versionControlLedger,Rebuilt from git ls-files + git status on each projectStateDb run
pm/checkpoints/20260218T214353Z-0.2.0-beta.1-policy-first-principles-governance-fix/files/build.gradle,1,D,0,0,,repo_file_state,projectStateDb (sync-project -> syncVersionControlState),versionControlLedger,Rebuilt from git ls-files + git status on each projectStateDb run
pm/checkpoints/20260218T214353Z-0.2.0-beta.1-policy-first-principles-governance-fix/files/docs/API.md,1,D,0,0,,repo_file_state,projectStateDb (sync-project -> syncVersionControlState),versionControlLedger,Rebuilt from git ls-files + git status on each projectStateDb run
pm/checkpoints/20260218T214353Z-0.2.0-beta.1-policy-first-principles-governance-fix/files/docs/issues-log-template.csv,1,D,0,0,,repo_file_state,projectStateDb (sync-project -> syncVersionControlState),versionControlLedger,Rebuilt from git ls-files + git status on each projectStateDb run
pm/checkpoints/20260218T214353Z-0.2.0-beta.1-policy-first-principles-governance-fix/files/docs/issues-log.csv,1,D,0,0,,repo_file_state,projectStateDb (sync-project -> syncVersionControlState),versionControlLedger,Rebuilt from git ls-files + git status on each projectStateDb run
pm/checkpoints/20260218T214353Z-0.2.0-beta.1-policy-first-principles-governance-fix/files/docs/project-plan-progress.csv,1,D,0,0,,repo_file_state,projectStateDb (sync-project -> syncVersionControlState),versionControlLedger,Rebuilt from git ls-files + git status on each projectStateDb run
pm/checkpoints/20260218T214353Z-0.2.0-beta.1-policy-first-principles-governance-fix/files/docs/project-plan.md,1,D,0,0,,repo_file_state,projectStateDb (sync-project -> syncVersionControlState),versionControlLedger,Rebuilt from git ls-files + git status on each projectStateDb run
pm/checkpoints/20260218T214353Z-0.2.0-beta.1-policy-first-principles-governance-fix/files/docs/update-packages/README.md,1,D,0,0,,repo_file_state,projectStateDb (sync-project -> syncVersionControlState),versionControlLedger,Rebuilt from git ls-files + git status on each projectStateDb run
pm/checkpoints/20260218T214353Z-0.2.0-beta.1-policy-first-principles-governance-fix/files/docs/update-packages/pz-boilerplate-intelliJ/2026-02-18-boilerplate-sync-triage-workbook/README.md,1,D,0,0,,repo_file_state,projectStateDb (sync-project -> syncVersionControlState),versionControlLedger,Rebuilt from git ls-files + git status on each projectStateDb run
pm/checkpoints/20260218T214353Z-0.2.0-beta.1-policy-first-principles-governance-fix/files/docs/update-packages/pz-boilerplate-intelliJ/2026-02-18-boilerplate-sync-triage-workbook/apply-checklist.md,1,D,0,0,,repo_file_state,projectStateDb (sync-project -> syncVersionControlState),versionControlLedger,Rebuilt from git ls-files + git status on each projectStateDb run
pm/checkpoints/20260218T214353Z-0.2.0-beta.1-policy-first-principles-governance-fix/files/docs/update-packages/pz-boilerplate-intelliJ/2026-02-18-boilerplate-sync-triage-workbook/fresh-session-prompt.md,1,D,0,0,,repo_file_state,projectStateDb (sync-project -> syncVersionControlState),versionControlLedger,Rebuilt from git ls-files + git status on each projectStateDb run
pm/checkpoints/20260218T214353Z-0.2.0-beta.1-policy-first-principles-governance-fix/files/docs/update-packages/pz-boilerplate-intelliJ/2026-02-18-boilerplate-sync-triage-workbook/templates/build-gradle-snippets.md,1,D,0,0,,repo_file_state,projectStateDb (sync-project -> syncVersionControlState),versionControlLedger,Rebuilt from git ls-files + git status on each projectStateDb run
pm/checkpoints/20260218T214353Z-0.2.0-beta.1-policy-first-principles-governance-fix/files/docs/update-packages/pz-boilerplate-intelliJ/2026-02-18-boilerplate-sync-triage-workbook/templates/policy-readme-snippets.md,1,D,0,0,,repo_file_state,projectStateDb (sync-project -> syncVersionControlState),versionControlLedger,Rebuilt from git ls-files + git status on each projectStateDb run
pm/checkpoints/20260218T214353Z-0.2.0-beta.1-policy-first-principles-governance-fix/files/docs/update-packages/pz-boilerplate-intelliJ/2026-02-18-consolidated-framework-sync/README.md,1,D,0,0,,repo_file_state,projectStateDb (sync-project -> syncVersionControlState),versionControlLedger,Rebuilt from git ls-files + git status on each projectStateDb run
pm/checkpoints/20260218T214353Z-0.2.0-beta.1-policy-first-principles-governance-fix/files/docs/update-packages/pz-boilerplate-intelliJ/2026-02-18-consolidated-framework-sync/apply-checklist.md,1,D,0,0,,repo_file_state,projectStateDb (sync-project -> syncVersionControlState),versionControlLedger,Rebuilt from git ls-files + git status on each projectStateDb run
pm/checkpoints/20260218T214353Z-0.2.0-beta.1-policy-first-principles-governance-fix/files/docs/update-packages/pz-boilerplate-intelliJ/2026-02-18-consolidated-framework-sync/fresh-session-prompt.md,1,D,0,0,,repo_file_state,projectStateDb (sync-project -> syncVersionControlState),versionControlLedger,Rebuilt from git ls-files + git status on each projectStateDb run
pm/checkpoints/20260218T214353Z-0.2.0-beta.1-policy-first-principles-governance-fix/files/docs/update-packages/pz-boilerplate-intelliJ/2026-02-18-consolidated-framework-sync/templates/changelog-entry.md,1,D,0,0,,repo_file_state,projectStateDb (sync-project -> syncVersionControlState),versionControlLedger,Rebuilt from git ls-files + git status on each projectStateDb run
pm/checkpoints/20260218T214353Z-0.2.0-beta.1-policy-first-principles-governance-fix/files/docs/update-packages/pz-boilerplate-intelliJ/2026-02-18-project-level-rollback-governance-log-sync/README.md,1,D,0,0,,repo_file_state,projectStateDb (sync-project -> syncVersionControlState),versionControlLedger,Rebuilt from git ls-files + git status on each projectStateDb run
pm/checkpoints/20260218T214353Z-0.2.0-beta.1-policy-first-principles-governance-fix/files/docs/update-packages/pz-boilerplate-intelliJ/2026-02-18-project-level-rollback-governance-log-sync/apply-checklist.md,1,D,0,0,,repo_file_state,projectStateDb (sync-project -> syncVersionControlState),versionControlLedger,Rebuilt from git ls-files + git status on each projectStateDb run
pm/checkpoints/20260218T214353Z-0.2.0-beta.1-policy-first-principles-governance-fix/files/docs/update-packages/pz-boilerplate-intelliJ/2026-02-18-project-level-rollback-governance-log-sync/fresh-session-prompt.md,1,D,0,0,,repo_file_state,projectStateDb (sync-project -> syncVersionControlState),versionControlLedger,Rebuilt from git ls-files + git status on each projectStateDb run
pm/checkpoints/20260218T214353Z-0.2.0-beta.1-policy-first-principles-governance-fix/files/docs/update-packages/pz-boilerplate-intelliJ/2026-02-18-project-level-rollback-governance-log-sync/templates/process-evolution-entry.md,1,D,0,0,,repo_file_state,projectStateDb (sync-project -> syncVersionControlState),versionControlLedger,Rebuilt from git ls-files + git status on each projectStateDb run
pm/checkpoints/20260218T214353Z-0.2.0-beta.1-policy-first-principles-governance-fix/files/docs/update-packages/pz-boilerplate-intelliJ/2026-02-18-project-level-rollback-governance-log-sync/templates/session-changelog-entry.md,1,D,0,0,,repo_file_state,projectStateDb (sync-project -> syncVersionControlState),versionControlLedger,Rebuilt from git ls-files + git status on each projectStateDb run
pm/checkpoints/20260218T214353Z-0.2.0-beta.1-policy-first-principles-governance-fix/files/docs/update-packages/pz-boilerplate-intelliJ/2026-02-18-project-level-rollback-governance/README.md,1,D,0,0,,repo_file_state,projectStateDb (sync-project -> syncVersionControlState),versionControlLedger,Rebuilt from git ls-files + git status on each projectStateDb run
pm/checkpoints/20260218T214353Z-0.2.0-beta.1-policy-first-principles-governance-fix/files/docs/update-packages/pz-boilerplate-intelliJ/2026-02-18-project-level-rollback-governance/apply-checklist.md,1,D,0,0,,repo_file_state,projectStateDb (sync-project -> syncVersionControlState),versionControlLedger,Rebuilt from git ls-files + git status on each projectStateDb run
pm/checkpoints/20260218T214353Z-0.2.0-beta.1-policy-first-principles-governance-fix/files/docs/update-packages/pz-boilerplate-intelliJ/2026-02-18-project-level-rollback-governance/fresh-session-prompt.md,1,D,0,0,,repo_file_state,projectStateDb (sync-project -> syncVersionControlState),versionControlLedger,Rebuilt from git ls-files + git status on each projectStateDb run
pm/checkpoints/20260218T214353Z-0.2.0-beta.1-policy-first-principles-governance-fix/files/docs/update-packages/pz-boilerplate-intelliJ/2026-02-18-sqlite-state-tooling/README.md,1,D,0,0,,repo_file_state,projectStateDb (sync-project -> syncVersionControlState),versionControlLedger,Rebuilt from git ls-files + git status on each projectStateDb run
pm/checkpoints/20260218T214353Z-0.2.0-beta.1-policy-first-principles-governance-fix/files/docs/update-packages/pz-boilerplate-intelliJ/2026-02-18-sqlite-state-tooling/apply-checklist.md,1,D,0,0,,repo_file_state,projectStateDb (sync-project -> syncVersionControlState),versionControlLedger,Rebuilt from git ls-files + git status on each projectStateDb run
pm/checkpoints/20260218T214353Z-0.2.0-beta.1-policy-first-principles-governance-fix/files/docs/update-packages/pz-boilerplate-intelliJ/2026-02-18-sqlite-state-tooling/fresh-session-prompt.md,1,D,0,0,,repo_file_state,projectStateDb (sync-project -> syncVersionControlState),versionControlLedger,Rebuilt from git ls-files + git status on each projectStateDb run
pm/checkpoints/20260218T214353Z-0.2.0-beta.1-policy-first-principles-governance-fix/files/docs/update-packages/pz-boilerplate-intelliJ/2026-02-18-workbook-change-driven-guard/README.md,1,D,0,0,,repo_file_state,projectStateDb (sync-project -> syncVersionControlState),versionControlLedger,Rebuilt from git ls-files + git status on each projectStateDb run
pm/checkpoints/20260218T214353Z-0.2.0-beta.1-policy-first-principles-governance-fix/files/docs/update-packages/pz-boilerplate-intelliJ/2026-02-18-workbook-change-driven-guard/apply-checklist.md,1,D,0,0,,repo_file_state,projectStateDb (sync-project -> syncVersionControlState),versionControlLedger,Rebuilt from git ls-files + git status on each projectStateDb run
pm/checkpoints/20260218T214353Z-0.2.0-beta.1-policy-first-principles-governance-fix/files/docs/update-packages/pz-boilerplate-intelliJ/2026-02-18-workbook-change-driven-guard/fresh-session-prompt.md,1,D,0,0,,repo_file_state,projectStateDb (sync-project -> syncVersionControlState),versionControlLedger,Rebuilt from git ls-files + git status on each projectStateDb run
pm/checkpoints/20260218T214353Z-0.2.0-beta.1-policy-first-principles-governance-fix/files/preview/afp-diag.json,1,D,0,0,,repo_file_state,projectStateDb (sync-project -> syncVersionControlState),versionControlLedger,Rebuilt from git ls-files + git status on each projectStateDb run
pm/checkpoints/20260218T214353Z-0.2.0-beta.1-policy-first-principles-governance-fix/files/preview/afp-meta.json,1,D,0,0,,repo_file_state,projectStateDb (sync-project -> syncVersionControlState),versionControlLedger,Rebuilt from git ls-files + git status on each projectStateDb run
pm/checkpoints/20260218T214353Z-0.2.0-beta.1-policy-first-principles-governance-fix/files/preview/afp-output.html,1,D,0,0,,repo_file_state,projectStateDb (sync-project -> syncVersionControlState),versionControlLedger,Rebuilt from git ls-files + git status on each projectStateDb run
pm/checkpoints/20260218T214353Z-0.2.0-beta.1-policy-first-principles-governance-fix/files/preview/fidelity-report.json,1,D,0,0,,repo_file_state,projectStateDb (sync-project -> syncVersionControlState),versionControlLedger,Rebuilt from git ls-files + git status on each projectStateDb run
pm/checkpoints/20260218T214353Z-0.2.0-beta.1-policy-first-principles-governance-fix/files/preview/issues-effectiveness.json,1,D,0,0,,repo_file_state,projectStateDb (sync-project -> syncVersionControlState),versionControlLedger,Rebuilt from git ls-files + git status on each projectStateDb run
pm/checkpoints/20260218T214353Z-0.2.0-beta.1-policy-first-principles-governance-fix/files/preview/issues-log-tickle.json,1,D,0,0,,repo_file_state,projectStateDb (sync-project -> syncVersionControlState),versionControlLedger,Rebuilt from git ls-files + git status on each projectStateDb run
pm/checkpoints/20260218T214353Z-0.2.0-beta.1-policy-first-principles-governance-fix/files/preview/project-plan-next-step.json,1,D,0,0,,repo_file_state,projectStateDb (sync-project -> syncVersionControlState),versionControlLedger,Rebuilt from git ls-files + git status on each projectStateDb run
pm/checkpoints/20260218T214353Z-0.2.0-beta.1-policy-first-principles-governance-fix/files/preview/project-plan-progress-data.json,1,D,0,0,,repo_file_state,projectStateDb (sync-project -> syncVersionControlState),versionControlLedger,Rebuilt from git ls-files + git status on each projectStateDb run
pm/checkpoints/20260218T214353Z-0.2.0-beta.1-policy-first-principles-governance-fix/files/preview/version.json,1,D,0,0,,repo_file_state,projectStateDb (sync-project -> syncVersionControlState),versionControlLedger,Rebuilt from git ls-files + git status on each projectStateDb run
pm/checkpoints/20260218T214353Z-0.2.0-beta.1-policy-first-principles-governance-fix/files/preview/workbook-refresh-status.json,1,D,0,0,,repo_file_state,projectStateDb (sync-project -> syncVersionControlState),versionControlLedger,Rebuilt from git ls-files + git status on each projectStateDb run
pm/checkpoints/20260218T214353Z-0.2.0-beta.1-policy-first-principles-governance-fix/files/settings.gradle,1,D,0,0,,repo_file_state,projectStateDb (sync-project -> syncVersionControlState),versionControlLedger,Rebuilt from git ls-files + git status on each projectStateDb run
pm/checkpoints/20260218T214353Z-0.2.0-beta.1-policy-first-principles-governance-fix/manifest.json,1,D,0,0,,repo_file_state,projectStateDb (sync-project -> syncVersionControlState),versionControlLedger,Rebuilt from git ls-files + git status on each projectStateDb run
pm/checkpoints/20260218T214702Z-0.2.0-beta.1-governance-events-workbook/files/AI-POLICY.md,1,D,0,0,,repo_file_state,projectStateDb (sync-project -> syncVersionControlState),versionControlLedger,Rebuilt from git ls-files + git status on each projectStateDb run
pm/checkpoints/20260218T214702Z-0.2.0-beta.1-governance-events-workbook/files/README.md,1,D,0,0,,repo_file_state,projectStateDb (sync-project -> syncVersionControlState),versionControlLedger,Rebuilt from git ls-files + git status on each projectStateDb run
pm/checkpoints/20260218T214702Z-0.2.0-beta.1-governance-events-workbook/files/SESSION_CHANGELOG.md,1,D,0,0,,repo_file_state,projectStateDb (sync-project -> syncVersionControlState),versionControlLedger,Rebuilt from git ls-files + git status on each projectStateDb run
pm/checkpoints/20260218T214702Z-0.2.0-beta.1-governance-events-workbook/files/VERSION,1,D,0,0,,repo_file_state,projectStateDb (sync-project -> syncVersionControlState),versionControlLedger,Rebuilt from git ls-files + git status on each projectStateDb run
pm/checkpoints/20260218T214702Z-0.2.0-beta.1-governance-events-workbook/files/build.gradle,1,D,0,0,,repo_file_state,projectStateDb (sync-project -> syncVersionControlState),versionControlLedger,Rebuilt from git ls-files + git status on each projectStateDb run
pm/checkpoints/20260218T214702Z-0.2.0-beta.1-governance-events-workbook/files/docs/API.md,1,D,0,0,,repo_file_state,projectStateDb (sync-project -> syncVersionControlState),versionControlLedger,Rebuilt from git ls-files + git status on each projectStateDb run
pm/checkpoints/20260218T214702Z-0.2.0-beta.1-governance-events-workbook/files/docs/issues-log-template.csv,1,D,0,0,,repo_file_state,projectStateDb (sync-project -> syncVersionControlState),versionControlLedger,Rebuilt from git ls-files + git status on each projectStateDb run
pm/checkpoints/20260218T214702Z-0.2.0-beta.1-governance-events-workbook/files/docs/issues-log.csv,1,D,0,0,,repo_file_state,projectStateDb (sync-project -> syncVersionControlState),versionControlLedger,Rebuilt from git ls-files + git status on each projectStateDb run
pm/checkpoints/20260218T214702Z-0.2.0-beta.1-governance-events-workbook/files/docs/project-plan-progress.csv,1,D,0,0,,repo_file_state,projectStateDb (sync-project -> syncVersionControlState),versionControlLedger,Rebuilt from git ls-files + git status on each projectStateDb run
pm/checkpoints/20260218T214702Z-0.2.0-beta.1-governance-events-workbook/files/docs/project-plan.md,1,D,0,0,,repo_file_state,projectStateDb (sync-project -> syncVersionControlState),versionControlLedger,Rebuilt from git ls-files + git status on each projectStateDb run
pm/checkpoints/20260218T214702Z-0.2.0-beta.1-governance-events-workbook/files/docs/update-packages/README.md,1,D,0,0,,repo_file_state,projectStateDb (sync-project -> syncVersionControlState),versionControlLedger,Rebuilt from git ls-files + git status on each projectStateDb run
pm/checkpoints/20260218T214702Z-0.2.0-beta.1-governance-events-workbook/files/docs/update-packages/pz-boilerplate-intelliJ/2026-02-18-boilerplate-sync-triage-workbook/README.md,1,D,0,0,,repo_file_state,projectStateDb (sync-project -> syncVersionControlState),versionControlLedger,Rebuilt from git ls-files + git status on each projectStateDb run
pm/checkpoints/20260218T214702Z-0.2.0-beta.1-governance-events-workbook/files/docs/update-packages/pz-boilerplate-intelliJ/2026-02-18-boilerplate-sync-triage-workbook/apply-checklist.md,1,D,0,0,,repo_file_state,projectStateDb (sync-project -> syncVersionControlState),versionControlLedger,Rebuilt from git ls-files + git status on each projectStateDb run
pm/checkpoints/20260218T214702Z-0.2.0-beta.1-governance-events-workbook/files/docs/update-packages/pz-boilerplate-intelliJ/2026-02-18-boilerplate-sync-triage-workbook/fresh-session-prompt.md,1,D,0,0,,repo_file_state,projectStateDb (sync-project -> syncVersionControlState),versionControlLedger,Rebuilt from git ls-files + git status on each projectStateDb run
pm/checkpoints/20260218T214702Z-0.2.0-beta.1-governance-events-workbook/files/docs/update-packages/pz-boilerplate-intelliJ/2026-02-18-boilerplate-sync-triage-workbook/templates/build-gradle-snippets.md,1,D,0,0,,repo_file_state,projectStateDb (sync-project -> syncVersionControlState),versionControlLedger,Rebuilt from git ls-files + git status on each projectStateDb run
pm/checkpoints/20260218T214702Z-0.2.0-beta.1-governance-events-workbook/files/docs/update-packages/pz-boilerplate-intelliJ/2026-02-18-boilerplate-sync-triage-workbook/templates/policy-readme-snippets.md,1,D,0,0,,repo_file_state,projectStateDb (sync-project -> syncVersionControlState),versionControlLedger,Rebuilt from git ls-files + git status on each projectStateDb run
pm/checkpoints/20260218T214702Z-0.2.0-beta.1-governance-events-workbook/files/docs/update-packages/pz-boilerplate-intelliJ/2026-02-18-consolidated-framework-sync/README.md,1,D,0,0,,repo_file_state,projectStateDb (sync-project -> syncVersionControlState),versionControlLedger,Rebuilt from git ls-files + git status on each projectStateDb run
pm/checkpoints/20260218T214702Z-0.2.0-beta.1-governance-events-workbook/files/docs/update-packages/pz-boilerplate-intelliJ/2026-02-18-consolidated-framework-sync/apply-checklist.md,1,D,0,0,,repo_file_state,projectStateDb (sync-project -> syncVersionControlState),versionControlLedger,Rebuilt from git ls-files + git status on each projectStateDb run
pm/checkpoints/20260218T214702Z-0.2.0-beta.1-governance-events-workbook/files/docs/update-packages/pz-boilerplate-intelliJ/2026-02-18-consolidated-framework-sync/fresh-session-prompt.md,1,D,0,0,,repo_file_state,projectStateDb (sync-project -> syncVersionControlState),versionControlLedger,Rebuilt from git ls-files + git status on each projectStateDb run
pm/checkpoints/20260218T214702Z-0.2.0-beta.1-governance-events-workbook/files/docs/update-packages/pz-boilerplate-intelliJ/2026-02-18-consolidated-framework-sync/templates/changelog-entry.md,1,D,0,0,,repo_file_state,projectStateDb (sync-project -> syncVersionControlState),versionControlLedger,Rebuilt from git ls-files + git status on each projectStateDb run
pm/checkpoints/20260218T214702Z-0.2.0-beta.1-governance-events-workbook/files/docs/update-packages/pz-boilerplate-intelliJ/2026-02-18-project-level-rollback-governance-log-sync/README.md,1,D,0,0,,repo_file_state,projectStateDb (sync-project -> syncVersionControlState),versionControlLedger,Rebuilt from git ls-files + git status on each projectStateDb run
pm/checkpoints/20260218T214702Z-0.2.0-beta.1-governance-events-workbook/files/docs/update-packages/pz-boilerplate-intelliJ/2026-02-18-project-level-rollback-governance-log-sync/apply-checklist.md,1,D,0,0,,repo_file_state,projectStateDb (sync-project -> syncVersionControlState),versionControlLedger,Rebuilt from git ls-files + git status on each projectStateDb run
pm/checkpoints/20260218T214702Z-0.2.0-beta.1-governance-events-workbook/files/docs/update-packages/pz-boilerplate-intelliJ/2026-02-18-project-level-rollback-governance-log-sync/fresh-session-prompt.md,1,D,0,0,,repo_file_state,projectStateDb (sync-project -> syncVersionControlState),versionControlLedger,Rebuilt from git ls-files + git status on each projectStateDb run
pm/checkpoints/20260218T214702Z-0.2.0-beta.1-governance-events-workbook/files/docs/update-packages/pz-boilerplate-intelliJ/2026-02-18-project-level-rollback-governance-log-sync/templates/process-evolution-entry.md,1,D,0,0,,repo_file_state,projectStateDb (sync-project -> syncVersionControlState),versionControlLedger,Rebuilt from git ls-files + git status on each projectStateDb run
pm/checkpoints/20260218T214702Z-0.2.0-beta.1-governance-events-workbook/files/docs/update-packages/pz-boilerplate-intelliJ/2026-02-18-project-level-rollback-governance-log-sync/templates/session-changelog-entry.md,1,D,0,0,,repo_file_state,projectStateDb (sync-project -> syncVersionControlState),versionControlLedger,Rebuilt from git ls-files + git status on each projectStateDb run
pm/checkpoints/20260218T214702Z-0.2.0-beta.1-governance-events-workbook/files/docs/update-packages/pz-boilerplate-intelliJ/2026-02-18-project-level-rollback-governance/README.md,1,D,0,0,,repo_file_state,projectStateDb (sync-project -> syncVersionControlState),versionControlLedger,Rebuilt from git ls-files + git status on each projectStateDb run
pm/checkpoints/20260218T214702Z-0.2.0-beta.1-governance-events-workbook/files/docs/update-packages/pz-boilerplate-intelliJ/2026-02-18-project-level-rollback-governance/apply-checklist.md,1,D,0,0,,repo_file_state,projectStateDb (sync-project -> syncVersionControlState),versionControlLedger,Rebuilt from git ls-files + git status on each projectStateDb run
pm/checkpoints/20260218T214702Z-0.2.0-beta.1-governance-events-workbook/files/docs/update-packages/pz-boilerplate-intelliJ/2026-02-18-project-level-rollback-governance/fresh-session-prompt.md,1,D,0,0,,repo_file_state,projectStateDb (sync-project -> syncVersionControlState),versionControlLedger,Rebuilt from git ls-files + git status on each projectStateDb run
pm/checkpoints/20260218T214702Z-0.2.0-beta.1-governance-events-workbook/files/docs/update-packages/pz-boilerplate-intelliJ/2026-02-18-sqlite-state-tooling/README.md,1,D,0,0,,repo_file_state,projectStateDb (sync-project -> syncVersionControlState),versionControlLedger,Rebuilt from git ls-files + git status on each projectStateDb run
pm/checkpoints/20260218T214702Z-0.2.0-beta.1-governance-events-workbook/files/docs/update-packages/pz-boilerplate-intelliJ/2026-02-18-sqlite-state-tooling/apply-checklist.md,1,D,0,0,,repo_file_state,projectStateDb (sync-project -> syncVersionControlState),versionControlLedger,Rebuilt from git ls-files + git status on each projectStateDb run
pm/checkpoints/20260218T214702Z-0.2.0-beta.1-governance-events-workbook/files/docs/update-packages/pz-boilerplate-intelliJ/2026-02-18-sqlite-state-tooling/fresh-session-prompt.md,1,D,0,0,,repo_file_state,projectStateDb (sync-project -> syncVersionControlState),versionControlLedger,Rebuilt from git ls-files + git status on each projectStateDb run
pm/checkpoints/20260218T214702Z-0.2.0-beta.1-governance-events-workbook/files/docs/update-packages/pz-boilerplate-intelliJ/2026-02-18-workbook-change-driven-guard/README.md,1,D,0,0,,repo_file_state,projectStateDb (sync-project -> syncVersionControlState),versionControlLedger,Rebuilt from git ls-files + git status on each projectStateDb run
pm/checkpoints/20260218T214702Z-0.2.0-beta.1-governance-events-workbook/files/docs/update-packages/pz-boilerplate-intelliJ/2026-02-18-workbook-change-driven-guard/apply-checklist.md,1,D,0,0,,repo_file_state,projectStateDb (sync-project -> syncVersionControlState),versionControlLedger,Rebuilt from git ls-files + git status on each projectStateDb run
pm/checkpoints/20260218T214702Z-0.2.0-beta.1-governance-events-workbook/files/docs/update-packages/pz-boilerplate-intelliJ/2026-02-18-workbook-change-driven-guard/fresh-session-prompt.md,1,D,0,0,,repo_file_state,projectStateDb (sync-project -> syncVersionControlState),versionControlLedger,Rebuilt from git ls-files + git status on each projectStateDb run
pm/checkpoints/20260218T214702Z-0.2.0-beta.1-governance-events-workbook/files/preview/afp-diag.json,1,D,0,0,,repo_file_state,projectStateDb (sync-project -> syncVersionControlState),versionControlLedger,Rebuilt from git ls-files + git status on each projectStateDb run
pm/checkpoints/20260218T214702Z-0.2.0-beta.1-governance-events-workbook/files/preview/afp-meta.json,1,D,0,0,,repo_file_state,projectStateDb (sync-project -> syncVersionControlState),versionControlLedger,Rebuilt from git ls-files + git status on each projectStateDb run
pm/checkpoints/20260218T214702Z-0.2.0-beta.1-governance-events-workbook/files/preview/afp-output.html,1,D,0,0,,repo_file_state,projectStateDb (sync-project -> syncVersionControlState),versionControlLedger,Rebuilt from git ls-files + git status on each projectStateDb run
pm/checkpoints/20260218T214702Z-0.2.0-beta.1-governance-events-workbook/files/preview/fidelity-report.json,1,D,0,0,,repo_file_state,projectStateDb (sync-project -> syncVersionControlState),versionControlLedger,Rebuilt from git ls-files + git status on each projectStateDb run
pm/checkpoints/20260218T214702Z-0.2.0-beta.1-governance-events-workbook/files/preview/issues-effectiveness.json,1,D,0,0,,repo_file_state,projectStateDb (sync-project -> syncVersionControlState),versionControlLedger,Rebuilt from git ls-files + git status on each projectStateDb run
pm/checkpoints/20260218T214702Z-0.2.0-beta.1-governance-events-workbook/files/preview/issues-log-tickle.json,1,D,0,0,,repo_file_state,projectStateDb (sync-project -> syncVersionControlState),versionControlLedger,Rebuilt from git ls-files + git status on each projectStateDb run
pm/checkpoints/20260218T214702Z-0.2.0-beta.1-governance-events-workbook/files/preview/project-plan-next-step.json,1,D,0,0,,repo_file_state,projectStateDb (sync-project -> syncVersionControlState),versionControlLedger,Rebuilt from git ls-files + git status on each projectStateDb run
pm/checkpoints/20260218T214702Z-0.2.0-beta.1-governance-events-workbook/files/preview/project-plan-progress-data.json,1,D,0,0,,repo_file_state,projectStateDb (sync-project -> syncVersionControlState),versionControlLedger,Rebuilt from git ls-files + git status on each projectStateDb run
pm/checkpoints/20260218T214702Z-0.2.0-beta.1-governance-events-workbook/files/preview/version.json,1,D,0,0,,repo_file_state,projectStateDb (sync-project -> syncVersionControlState),versionControlLedger,Rebuilt from git ls-files + git status on each projectStateDb run
pm/checkpoints/20260218T214702Z-0.2.0-beta.1-governance-events-workbook/files/preview/workbook-refresh-status.json,1,D,0,0,,repo_file_state,projectStateDb (sync-project -> syncVersionControlState),versionControlLedger,Rebuilt from git ls-files + git status on each projectStateDb run
pm/checkpoints/20260218T214702Z-0.2.0-beta.1-governance-events-workbook/files/settings.gradle,1,D,0,0,,repo_file_state,projectStateDb (sync-project -> syncVersionControlState),versionControlLedger,Rebuilt from git ls-files + git status on each projectStateDb run
pm/checkpoints/20260218T214702Z-0.2.0-beta.1-governance-events-workbook/manifest.json,1,D,0,0,,repo_file_state,projectStateDb (sync-project -> syncVersionControlState),versionControlLedger,Rebuilt from git ls-files + git status on each projectStateDb run
pm/checkpoints/20260218T215420Z-0.2.0-beta.1-governance-breach-and-trust-sot/files/AI-POLICY.md,1,D,0,0,,repo_file_state,projectStateDb (sync-project -> syncVersionControlState),versionControlLedger,Rebuilt from git ls-files + git status on each projectStateDb run
pm/checkpoints/20260218T215420Z-0.2.0-beta.1-governance-breach-and-trust-sot/files/README.md,1,D,0,0,,repo_file_state,projectStateDb (sync-project -> syncVersionControlState),versionControlLedger,Rebuilt from git ls-files + git status on each projectStateDb run
pm/checkpoints/20260218T215420Z-0.2.0-beta.1-governance-breach-and-trust-sot/files/SESSION_CHANGELOG.md,1,D,0,0,,repo_file_state,projectStateDb (sync-project -> syncVersionControlState),versionControlLedger,Rebuilt from git ls-files + git status on each projectStateDb run
pm/checkpoints/20260218T215420Z-0.2.0-beta.1-governance-breach-and-trust-sot/files/VERSION,1,D,0,0,,repo_file_state,projectStateDb (sync-project -> syncVersionControlState),versionControlLedger,Rebuilt from git ls-files + git status on each projectStateDb run
pm/checkpoints/20260218T215420Z-0.2.0-beta.1-governance-breach-and-trust-sot/files/build.gradle,1,D,0,0,,repo_file_state,projectStateDb (sync-project -> syncVersionControlState),versionControlLedger,Rebuilt from git ls-files + git status on each projectStateDb run
pm/checkpoints/20260218T215420Z-0.2.0-beta.1-governance-breach-and-trust-sot/files/docs/API.md,1,D,0,0,,repo_file_state,projectStateDb (sync-project -> syncVersionControlState),versionControlLedger,Rebuilt from git ls-files + git status on each projectStateDb run
pm/checkpoints/20260218T215420Z-0.2.0-beta.1-governance-breach-and-trust-sot/files/docs/issues-log-template.csv,1,D,0,0,,repo_file_state,projectStateDb (sync-project -> syncVersionControlState),versionControlLedger,Rebuilt from git ls-files + git status on each projectStateDb run
pm/checkpoints/20260218T215420Z-0.2.0-beta.1-governance-breach-and-trust-sot/files/docs/issues-log.csv,1,D,0,0,,repo_file_state,projectStateDb (sync-project -> syncVersionControlState),versionControlLedger,Rebuilt from git ls-files + git status on each projectStateDb run
pm/checkpoints/20260218T215420Z-0.2.0-beta.1-governance-breach-and-trust-sot/files/docs/policy-governance-events.csv,1,D,0,0,,repo_file_state,projectStateDb (sync-project -> syncVersionControlState),versionControlLedger,Rebuilt from git ls-files + git status on each projectStateDb run
pm/checkpoints/20260218T215420Z-0.2.0-beta.1-governance-breach-and-trust-sot/files/docs/project-plan-progress.csv,1,D,0,0,,repo_file_state,projectStateDb (sync-project -> syncVersionControlState),versionControlLedger,Rebuilt from git ls-files + git status on each projectStateDb run
pm/checkpoints/20260218T215420Z-0.2.0-beta.1-governance-breach-and-trust-sot/files/docs/project-plan.md,1,D,0,0,,repo_file_state,projectStateDb (sync-project -> syncVersionControlState),versionControlLedger,Rebuilt from git ls-files + git status on each projectStateDb run
pm/checkpoints/20260218T215420Z-0.2.0-beta.1-governance-breach-and-trust-sot/files/docs/update-packages/README.md,1,D,0,0,,repo_file_state,projectStateDb (sync-project -> syncVersionControlState),versionControlLedger,Rebuilt from git ls-files + git status on each projectStateDb run
pm/checkpoints/20260218T215420Z-0.2.0-beta.1-governance-breach-and-trust-sot/files/docs/update-packages/pz-boilerplate-intelliJ/2026-02-18-boilerplate-sync-triage-workbook/README.md,1,D,0,0,,repo_file_state,projectStateDb (sync-project -> syncVersionControlState),versionControlLedger,Rebuilt from git ls-files + git status on each projectStateDb run
pm/checkpoints/20260218T215420Z-0.2.0-beta.1-governance-breach-and-trust-sot/files/docs/update-packages/pz-boilerplate-intelliJ/2026-02-18-boilerplate-sync-triage-workbook/apply-checklist.md,1,D,0,0,,repo_file_state,projectStateDb (sync-project -> syncVersionControlState),versionControlLedger,Rebuilt from git ls-files + git status on each projectStateDb run
pm/checkpoints/20260218T215420Z-0.2.0-beta.1-governance-breach-and-trust-sot/files/docs/update-packages/pz-boilerplate-intelliJ/2026-02-18-boilerplate-sync-triage-workbook/fresh-session-prompt.md,1,D,0,0,,repo_file_state,projectStateDb (sync-project -> syncVersionControlState),versionControlLedger,Rebuilt from git ls-files + git status on each projectStateDb run
pm/checkpoints/20260218T215420Z-0.2.0-beta.1-governance-breach-and-trust-sot/files/docs/update-packages/pz-boilerplate-intelliJ/2026-02-18-boilerplate-sync-triage-workbook/templates/build-gradle-snippets.md,1,D,0,0,,repo_file_state,projectStateDb (sync-project -> syncVersionControlState),versionControlLedger,Rebuilt from git ls-files + git status on each projectStateDb run
pm/checkpoints/20260218T215420Z-0.2.0-beta.1-governance-breach-and-trust-sot/files/docs/update-packages/pz-boilerplate-intelliJ/2026-02-18-boilerplate-sync-triage-workbook/templates/policy-readme-snippets.md,1,D,0,0,,repo_file_state,projectStateDb (sync-project -> syncVersionControlState),versionControlLedger,Rebuilt from git ls-files + git status on each projectStateDb run
pm/checkpoints/20260218T215420Z-0.2.0-beta.1-governance-breach-and-trust-sot/files/docs/update-packages/pz-boilerplate-intelliJ/2026-02-18-consolidated-framework-sync/README.md,1,D,0,0,,repo_file_state,projectStateDb (sync-project -> syncVersionControlState),versionControlLedger,Rebuilt from git ls-files + git status on each projectStateDb run
pm/checkpoints/20260218T215420Z-0.2.0-beta.1-governance-breach-and-trust-sot/files/docs/update-packages/pz-boilerplate-intelliJ/2026-02-18-consolidated-framework-sync/apply-checklist.md,1,D,0,0,,repo_file_state,projectStateDb (sync-project -> syncVersionControlState),versionControlLedger,Rebuilt from git ls-files + git status on each projectStateDb run
pm/checkpoints/20260218T215420Z-0.2.0-beta.1-governance-breach-and-trust-sot/files/docs/update-packages/pz-boilerplate-intelliJ/2026-02-18-consolidated-framework-sync/fresh-session-prompt.md,1,D,0,0,,repo_file_state,projectStateDb (sync-project -> syncVersionControlState),versionControlLedger,Rebuilt from git ls-files + git status on each projectStateDb run
pm/checkpoints/20260218T215420Z-0.2.0-beta.1-governance-breach-and-trust-sot/files/docs/update-packages/pz-boilerplate-intelliJ/2026-02-18-consolidated-framework-sync/templates/changelog-entry.md,1,D,0,0,,repo_file_state,projectStateDb (sync-project -> syncVersionControlState),versionControlLedger,Rebuilt from git ls-files + git status on each projectStateDb run
pm/checkpoints/20260218T215420Z-0.2.0-beta.1-governance-breach-and-trust-sot/files/docs/update-packages/pz-boilerplate-intelliJ/2026-02-18-governance-events-workbook/README.md,1,D,0,0,,repo_file_state,projectStateDb (sync-project -> syncVersionControlState),versionControlLedger,Rebuilt from git ls-files + git status on each projectStateDb run
pm/checkpoints/20260218T215420Z-0.2.0-beta.1-governance-breach-and-trust-sot/files/docs/update-packages/pz-boilerplate-intelliJ/2026-02-18-governance-events-workbook/apply-checklist.md,1,D,0,0,,repo_file_state,projectStateDb (sync-project -> syncVersionControlState),versionControlLedger,Rebuilt from git ls-files + git status on each projectStateDb run
pm/checkpoints/20260218T215420Z-0.2.0-beta.1-governance-breach-and-trust-sot/files/docs/update-packages/pz-boilerplate-intelliJ/2026-02-18-governance-events-workbook/fresh-session-prompt.md,1,D,0,0,,repo_file_state,projectStateDb (sync-project -> syncVersionControlState),versionControlLedger,Rebuilt from git ls-files + git status on each projectStateDb run
pm/checkpoints/20260218T215420Z-0.2.0-beta.1-governance-breach-and-trust-sot/files/docs/update-packages/pz-boilerplate-intelliJ/2026-02-18-project-level-rollback-governance-log-sync/README.md,1,D,0,0,,repo_file_state,projectStateDb (sync-project -> syncVersionControlState),versionControlLedger,Rebuilt from git ls-files + git status on each projectStateDb run
pm/checkpoints/20260218T215420Z-0.2.0-beta.1-governance-breach-and-trust-sot/files/docs/update-packages/pz-boilerplate-intelliJ/2026-02-18-project-level-rollback-governance-log-sync/apply-checklist.md,1,D,0,0,,repo_file_state,projectStateDb (sync-project -> syncVersionControlState),versionControlLedger,Rebuilt from git ls-files + git status on each projectStateDb run
pm/checkpoints/20260218T215420Z-0.2.0-beta.1-governance-breach-and-trust-sot/files/docs/update-packages/pz-boilerplate-intelliJ/2026-02-18-project-level-rollback-governance-log-sync/fresh-session-prompt.md,1,D,0,0,,repo_file_state,projectStateDb (sync-project -> syncVersionControlState),versionControlLedger,Rebuilt from git ls-files + git status on each projectStateDb run
pm/checkpoints/20260218T215420Z-0.2.0-beta.1-governance-breach-and-trust-sot/files/docs/update-packages/pz-boilerplate-intelliJ/2026-02-18-project-level-rollback-governance-log-sync/templates/process-evolution-entry.md,1,D,0,0,,repo_file_state,projectStateDb (sync-project -> syncVersionControlState),versionControlLedger,Rebuilt from git ls-files + git status on each projectStateDb run
pm/checkpoints/20260218T215420Z-0.2.0-beta.1-governance-breach-and-trust-sot/files/docs/update-packages/pz-boilerplate-intelliJ/2026-02-18-project-level-rollback-governance-log-sync/templates/session-changelog-entry.md,1,D,0,0,,repo_file_state,projectStateDb (sync-project -> syncVersionControlState),versionControlLedger,Rebuilt from git ls-files + git status on each projectStateDb run
pm/checkpoints/20260218T215420Z-0.2.0-beta.1-governance-breach-and-trust-sot/files/docs/update-packages/pz-boilerplate-intelliJ/2026-02-18-project-level-rollback-governance/README.md,1,D,0,0,,repo_file_state,projectStateDb (sync-project -> syncVersionControlState),versionControlLedger,Rebuilt from git ls-files + git status on each projectStateDb run
pm/checkpoints/20260218T215420Z-0.2.0-beta.1-governance-breach-and-trust-sot/files/docs/update-packages/pz-boilerplate-intelliJ/2026-02-18-project-level-rollback-governance/apply-checklist.md,1,D,0,0,,repo_file_state,projectStateDb (sync-project -> syncVersionControlState),versionControlLedger,Rebuilt from git ls-files + git status on each projectStateDb run
pm/checkpoints/20260218T215420Z-0.2.0-beta.1-governance-breach-and-trust-sot/files/docs/update-packages/pz-boilerplate-intelliJ/2026-02-18-project-level-rollback-governance/fresh-session-prompt.md,1,D,0,0,,repo_file_state,projectStateDb (sync-project -> syncVersionControlState),versionControlLedger,Rebuilt from git ls-files + git status on each projectStateDb run
pm/checkpoints/20260218T215420Z-0.2.0-beta.1-governance-breach-and-trust-sot/files/docs/update-packages/pz-boilerplate-intelliJ/2026-02-18-sqlite-state-tooling/README.md,1,D,0,0,,repo_file_state,projectStateDb (sync-project -> syncVersionControlState),versionControlLedger,Rebuilt from git ls-files + git status on each projectStateDb run
pm/checkpoints/20260218T215420Z-0.2.0-beta.1-governance-breach-and-trust-sot/files/docs/update-packages/pz-boilerplate-intelliJ/2026-02-18-sqlite-state-tooling/apply-checklist.md,1,D,0,0,,repo_file_state,projectStateDb (sync-project -> syncVersionControlState),versionControlLedger,Rebuilt from git ls-files + git status on each projectStateDb run
pm/checkpoints/20260218T215420Z-0.2.0-beta.1-governance-breach-and-trust-sot/files/docs/update-packages/pz-boilerplate-intelliJ/2026-02-18-sqlite-state-tooling/fresh-session-prompt.md,1,D,0,0,,repo_file_state,projectStateDb (sync-project -> syncVersionControlState),versionControlLedger,Rebuilt from git ls-files + git status on each projectStateDb run
pm/checkpoints/20260218T215420Z-0.2.0-beta.1-governance-breach-and-trust-sot/files/docs/update-packages/pz-boilerplate-intelliJ/2026-02-18-workbook-change-driven-guard/README.md,1,D,0,0,,repo_file_state,projectStateDb (sync-project -> syncVersionControlState),versionControlLedger,Rebuilt from git ls-files + git status on each projectStateDb run
pm/checkpoints/20260218T215420Z-0.2.0-beta.1-governance-breach-and-trust-sot/files/docs/update-packages/pz-boilerplate-intelliJ/2026-02-18-workbook-change-driven-guard/apply-checklist.md,1,D,0,0,,repo_file_state,projectStateDb (sync-project -> syncVersionControlState),versionControlLedger,Rebuilt from git ls-files + git status on each projectStateDb run
pm/checkpoints/20260218T215420Z-0.2.0-beta.1-governance-breach-and-trust-sot/files/docs/update-packages/pz-boilerplate-intelliJ/2026-02-18-workbook-change-driven-guard/fresh-session-prompt.md,1,D,0,0,,repo_file_state,projectStateDb (sync-project -> syncVersionControlState),versionControlLedger,Rebuilt from git ls-files + git status on each projectStateDb run
pm/checkpoints/20260218T215420Z-0.2.0-beta.1-governance-breach-and-trust-sot/files/preview/afp-diag.json,1,D,0,0,,repo_file_state,projectStateDb (sync-project -> syncVersionControlState),versionControlLedger,Rebuilt from git ls-files + git status on each projectStateDb run
pm/checkpoints/20260218T215420Z-0.2.0-beta.1-governance-breach-and-trust-sot/files/preview/afp-meta.json,1,D,0,0,,repo_file_state,projectStateDb (sync-project -> syncVersionControlState),versionControlLedger,Rebuilt from git ls-files + git status on each projectStateDb run
pm/checkpoints/20260218T215420Z-0.2.0-beta.1-governance-breach-and-trust-sot/files/preview/afp-output.html,1,D,0,0,,repo_file_state,projectStateDb (sync-project -> syncVersionControlState),versionControlLedger,Rebuilt from git ls-files + git status on each projectStateDb run
pm/checkpoints/20260218T215420Z-0.2.0-beta.1-governance-breach-and-trust-sot/files/preview/fidelity-report.json,1,D,0,0,,repo_file_state,projectStateDb (sync-project -> syncVersionControlState),versionControlLedger,Rebuilt from git ls-files + git status on each projectStateDb run
pm/checkpoints/20260218T215420Z-0.2.0-beta.1-governance-breach-and-trust-sot/files/preview/issues-effectiveness.json,1,D,0,0,,repo_file_state,projectStateDb (sync-project -> syncVersionControlState),versionControlLedger,Rebuilt from git ls-files + git status on each projectStateDb run
pm/checkpoints/20260218T215420Z-0.2.0-beta.1-governance-breach-and-trust-sot/files/preview/issues-log-tickle.json,1,D,0,0,,repo_file_state,projectStateDb (sync-project -> syncVersionControlState),versionControlLedger,Rebuilt from git ls-files + git status on each projectStateDb run
pm/checkpoints/20260218T215420Z-0.2.0-beta.1-governance-breach-and-trust-sot/files/preview/project-plan-next-step.json,1,D,0,0,,repo_file_state,projectStateDb (sync-project -> syncVersionControlState),versionControlLedger,Rebuilt from git ls-files + git status on each projectStateDb run
pm/checkpoints/20260218T215420Z-0.2.0-beta.1-governance-breach-and-trust-sot/files/preview/project-plan-progress-data.json,1,D,0,0,,repo_file_state,projectStateDb (sync-project -> syncVersionControlState),versionControlLedger,Rebuilt from git ls-files + git status on each projectStateDb run
pm/checkpoints/20260218T215420Z-0.2.0-beta.1-governance-breach-and-trust-sot/files/preview/version.json,1,D,0,0,,repo_file_state,projectStateDb (sync-project -> syncVersionControlState),versionControlLedger,Rebuilt from git ls-files + git status on each projectStateDb run
pm/checkpoints/20260218T215420Z-0.2.0-beta.1-governance-breach-and-trust-sot/files/preview/workbook-refresh-status.json,1,D,0,0,,repo_file_state,projectStateDb (sync-project -> syncVersionControlState),versionControlLedger,Rebuilt from git ls-files + git status on each projectStateDb run
pm/checkpoints/20260218T215420Z-0.2.0-beta.1-governance-breach-and-trust-sot/files/settings.gradle,1,D,0,0,,repo_file_state,projectStateDb (sync-project -> syncVersionControlState),versionControlLedger,Rebuilt from git ls-files + git status on each projectStateDb run
pm/checkpoints/20260218T215420Z-0.2.0-beta.1-governance-breach-and-trust-sot/manifest.json,1,D,0,0,,repo_file_state,projectStateDb (sync-project -> syncVersionControlState),versionControlLedger,Rebuilt from git ls-files + git status on each projectStateDb run
pm/checkpoints/20260218T223616Z-0.2.0-beta.1-tooling-registration-first-principle/files/AI-POLICY.md,1,D,0,0,,repo_file_state,projectStateDb (sync-project -> syncVersionControlState),versionControlLedger,Rebuilt from git ls-files + git status on each projectStateDb run
pm/checkpoints/20260218T223616Z-0.2.0-beta.1-tooling-registration-first-principle/files/README.md,1,D,0,0,,repo_file_state,projectStateDb (sync-project -> syncVersionControlState),versionControlLedger,Rebuilt from git ls-files + git status on each projectStateDb run
pm/checkpoints/20260218T223616Z-0.2.0-beta.1-tooling-registration-first-principle/files/SESSION_CHANGELOG.md,1,D,0,0,,repo_file_state,projectStateDb (sync-project -> syncVersionControlState),versionControlLedger,Rebuilt from git ls-files + git status on each projectStateDb run
pm/checkpoints/20260218T223616Z-0.2.0-beta.1-tooling-registration-first-principle/files/VERSION,1,D,0,0,,repo_file_state,projectStateDb (sync-project -> syncVersionControlState),versionControlLedger,Rebuilt from git ls-files + git status on each projectStateDb run
pm/checkpoints/20260218T223616Z-0.2.0-beta.1-tooling-registration-first-principle/files/build.gradle,1,D,0,0,,repo_file_state,projectStateDb (sync-project -> syncVersionControlState),versionControlLedger,Rebuilt from git ls-files + git status on each projectStateDb run
pm/checkpoints/20260218T223616Z-0.2.0-beta.1-tooling-registration-first-principle/files/docs/API.md,1,D,0,0,,repo_file_state,projectStateDb (sync-project -> syncVersionControlState),versionControlLedger,Rebuilt from git ls-files + git status on each projectStateDb run
pm/checkpoints/20260218T223616Z-0.2.0-beta.1-tooling-registration-first-principle/files/docs/issues-log-template.csv,1,D,0,0,,repo_file_state,projectStateDb (sync-project -> syncVersionControlState),versionControlLedger,Rebuilt from git ls-files + git status on each projectStateDb run
pm/checkpoints/20260218T223616Z-0.2.0-beta.1-tooling-registration-first-principle/files/docs/issues-log.csv,1,D,0,0,,repo_file_state,projectStateDb (sync-project -> syncVersionControlState),versionControlLedger,Rebuilt from git ls-files + git status on each projectStateDb run
pm/checkpoints/20260218T223616Z-0.2.0-beta.1-tooling-registration-first-principle/files/docs/policy-governance-events.csv,1,D,0,0,,repo_file_state,projectStateDb (sync-project -> syncVersionControlState),versionControlLedger,Rebuilt from git ls-files + git status on each projectStateDb run
pm/checkpoints/20260218T223616Z-0.2.0-beta.1-tooling-registration-first-principle/files/docs/project-plan-progress.csv,1,D,0,0,,repo_file_state,projectStateDb (sync-project -> syncVersionControlState),versionControlLedger,Rebuilt from git ls-files + git status on each projectStateDb run
pm/checkpoints/20260218T223616Z-0.2.0-beta.1-tooling-registration-first-principle/files/docs/project-plan.md,1,D,0,0,,repo_file_state,projectStateDb (sync-project -> syncVersionControlState),versionControlLedger,Rebuilt from git ls-files + git status on each projectStateDb run
pm/checkpoints/20260218T223616Z-0.2.0-beta.1-tooling-registration-first-principle/files/docs/update-packages/README.md,1,D,0,0,,repo_file_state,projectStateDb (sync-project -> syncVersionControlState),versionControlLedger,Rebuilt from git ls-files + git status on each projectStateDb run
pm/checkpoints/20260218T223616Z-0.2.0-beta.1-tooling-registration-first-principle/files/docs/update-packages/pz-boilerplate-intelliJ/2026-02-18-boilerplate-sync-triage-workbook/README.md,1,D,0,0,,repo_file_state,projectStateDb (sync-project -> syncVersionControlState),versionControlLedger,Rebuilt from git ls-files + git status on each projectStateDb run
pm/checkpoints/20260218T223616Z-0.2.0-beta.1-tooling-registration-first-principle/files/docs/update-packages/pz-boilerplate-intelliJ/2026-02-18-boilerplate-sync-triage-workbook/apply-checklist.md,1,D,0,0,,repo_file_state,projectStateDb (sync-project -> syncVersionControlState),versionControlLedger,Rebuilt from git ls-files + git status on each projectStateDb run
pm/checkpoints/20260218T223616Z-0.2.0-beta.1-tooling-registration-first-principle/files/docs/update-packages/pz-boilerplate-intelliJ/2026-02-18-boilerplate-sync-triage-workbook/fresh-session-prompt.md,1,D,0,0,,repo_file_state,projectStateDb (sync-project -> syncVersionControlState),versionControlLedger,Rebuilt from git ls-files + git status on each projectStateDb run
pm/checkpoints/20260218T223616Z-0.2.0-beta.1-tooling-registration-first-principle/files/docs/update-packages/pz-boilerplate-intelliJ/2026-02-18-boilerplate-sync-triage-workbook/templates/build-gradle-snippets.md,1,D,0,0,,repo_file_state,projectStateDb (sync-project -> syncVersionControlState),versionControlLedger,Rebuilt from git ls-files + git status on each projectStateDb run
pm/checkpoints/20260218T223616Z-0.2.0-beta.1-tooling-registration-first-principle/files/docs/update-packages/pz-boilerplate-intelliJ/2026-02-18-boilerplate-sync-triage-workbook/templates/policy-readme-snippets.md,1,D,0,0,,repo_file_state,projectStateDb (sync-project -> syncVersionControlState),versionControlLedger,Rebuilt from git ls-files + git status on each projectStateDb run
pm/checkpoints/20260218T223616Z-0.2.0-beta.1-tooling-registration-first-principle/files/docs/update-packages/pz-boilerplate-intelliJ/2026-02-18-consolidated-framework-sync/README.md,1,D,0,0,,repo_file_state,projectStateDb (sync-project -> syncVersionControlState),versionControlLedger,Rebuilt from git ls-files + git status on each projectStateDb run
pm/checkpoints/20260218T223616Z-0.2.0-beta.1-tooling-registration-first-principle/files/docs/update-packages/pz-boilerplate-intelliJ/2026-02-18-consolidated-framework-sync/apply-checklist.md,1,D,0,0,,repo_file_state,projectStateDb (sync-project -> syncVersionControlState),versionControlLedger,Rebuilt from git ls-files + git status on each projectStateDb run
pm/checkpoints/20260218T223616Z-0.2.0-beta.1-tooling-registration-first-principle/files/docs/update-packages/pz-boilerplate-intelliJ/2026-02-18-consolidated-framework-sync/fresh-session-prompt.md,1,D,0,0,,repo_file_state,projectStateDb (sync-project -> syncVersionControlState),versionControlLedger,Rebuilt from git ls-files + git status on each projectStateDb run
pm/checkpoints/20260218T223616Z-0.2.0-beta.1-tooling-registration-first-principle/files/docs/update-packages/pz-boilerplate-intelliJ/2026-02-18-consolidated-framework-sync/templates/changelog-entry.md,1,D,0,0,,repo_file_state,projectStateDb (sync-project -> syncVersionControlState),versionControlLedger,Rebuilt from git ls-files + git status on each projectStateDb run
pm/checkpoints/20260218T223616Z-0.2.0-beta.1-tooling-registration-first-principle/files/docs/update-packages/pz-boilerplate-intelliJ/2026-02-18-governance-alerts-trust-sot/README.md,1,D,0,0,,repo_file_state,projectStateDb (sync-project -> syncVersionControlState),versionControlLedger,Rebuilt from git ls-files + git status on each projectStateDb run
pm/checkpoints/20260218T223616Z-0.2.0-beta.1-tooling-registration-first-principle/files/docs/update-packages/pz-boilerplate-intelliJ/2026-02-18-governance-alerts-trust-sot/apply-checklist.md,1,D,0,0,,repo_file_state,projectStateDb (sync-project -> syncVersionControlState),versionControlLedger,Rebuilt from git ls-files + git status on each projectStateDb run
pm/checkpoints/20260218T223616Z-0.2.0-beta.1-tooling-registration-first-principle/files/docs/update-packages/pz-boilerplate-intelliJ/2026-02-18-governance-alerts-trust-sot/fresh-session-prompt.md,1,D,0,0,,repo_file_state,projectStateDb (sync-project -> syncVersionControlState),versionControlLedger,Rebuilt from git ls-files + git status on each projectStateDb run
pm/checkpoints/20260218T223616Z-0.2.0-beta.1-tooling-registration-first-principle/files/docs/update-packages/pz-boilerplate-intelliJ/2026-02-18-governance-events-workbook/README.md,1,D,0,0,,repo_file_state,projectStateDb (sync-project -> syncVersionControlState),versionControlLedger,Rebuilt from git ls-files + git status on each projectStateDb run
pm/checkpoints/20260218T223616Z-0.2.0-beta.1-tooling-registration-first-principle/files/docs/update-packages/pz-boilerplate-intelliJ/2026-02-18-governance-events-workbook/apply-checklist.md,1,D,0,0,,repo_file_state,projectStateDb (sync-project -> syncVersionControlState),versionControlLedger,Rebuilt from git ls-files + git status on each projectStateDb run
pm/checkpoints/20260218T223616Z-0.2.0-beta.1-tooling-registration-first-principle/files/docs/update-packages/pz-boilerplate-intelliJ/2026-02-18-governance-events-workbook/fresh-session-prompt.md,1,D,0,0,,repo_file_state,projectStateDb (sync-project -> syncVersionControlState),versionControlLedger,Rebuilt from git ls-files + git status on each projectStateDb run
pm/checkpoints/20260218T223616Z-0.2.0-beta.1-tooling-registration-first-principle/files/docs/update-packages/pz-boilerplate-intelliJ/2026-02-18-product-management-boundary-gate/README.md,1,D,0,0,,repo_file_state,projectStateDb (sync-project -> syncVersionControlState),versionControlLedger,Rebuilt from git ls-files + git status on each projectStateDb run
pm/checkpoints/20260218T223616Z-0.2.0-beta.1-tooling-registration-first-principle/files/docs/update-packages/pz-boilerplate-intelliJ/2026-02-18-product-management-boundary-gate/apply-checklist.md,1,D,0,0,,repo_file_state,projectStateDb (sync-project -> syncVersionControlState),versionControlLedger,Rebuilt from git ls-files + git status on each projectStateDb run
pm/checkpoints/20260218T223616Z-0.2.0-beta.1-tooling-registration-first-principle/files/docs/update-packages/pz-boilerplate-intelliJ/2026-02-18-product-management-boundary-gate/fresh-session-prompt.md,1,D,0,0,,repo_file_state,projectStateDb (sync-project -> syncVersionControlState),versionControlLedger,Rebuilt from git ls-files + git status on each projectStateDb run
pm/checkpoints/20260218T223616Z-0.2.0-beta.1-tooling-registration-first-principle/files/docs/update-packages/pz-boilerplate-intelliJ/2026-02-18-project-level-rollback-governance-log-sync/README.md,1,D,0,0,,repo_file_state,projectStateDb (sync-project -> syncVersionControlState),versionControlLedger,Rebuilt from git ls-files + git status on each projectStateDb run
pm/checkpoints/20260218T223616Z-0.2.0-beta.1-tooling-registration-first-principle/files/docs/update-packages/pz-boilerplate-intelliJ/2026-02-18-project-level-rollback-governance-log-sync/apply-checklist.md,1,D,0,0,,repo_file_state,projectStateDb (sync-project -> syncVersionControlState),versionControlLedger,Rebuilt from git ls-files + git status on each projectStateDb run
pm/checkpoints/20260218T223616Z-0.2.0-beta.1-tooling-registration-first-principle/files/docs/update-packages/pz-boilerplate-intelliJ/2026-02-18-project-level-rollback-governance-log-sync/fresh-session-prompt.md,1,D,0,0,,repo_file_state,projectStateDb (sync-project -> syncVersionControlState),versionControlLedger,Rebuilt from git ls-files + git status on each projectStateDb run
pm/checkpoints/20260218T223616Z-0.2.0-beta.1-tooling-registration-first-principle/files/docs/update-packages/pz-boilerplate-intelliJ/2026-02-18-project-level-rollback-governance-log-sync/templates/process-evolution-entry.md,1,D,0,0,,repo_file_state,projectStateDb (sync-project -> syncVersionControlState),versionControlLedger,Rebuilt from git ls-files + git status on each projectStateDb run
pm/checkpoints/20260218T223616Z-0.2.0-beta.1-tooling-registration-first-principle/files/docs/update-packages/pz-boilerplate-intelliJ/2026-02-18-project-level-rollback-governance-log-sync/templates/session-changelog-entry.md,1,D,0,0,,repo_file_state,projectStateDb (sync-project -> syncVersionControlState),versionControlLedger,Rebuilt from git ls-files + git status on each projectStateDb run
pm/checkpoints/20260218T223616Z-0.2.0-beta.1-tooling-registration-first-principle/files/docs/update-packages/pz-boilerplate-intelliJ/2026-02-18-project-level-rollback-governance/README.md,1,D,0,0,,repo_file_state,projectStateDb (sync-project -> syncVersionControlState),versionControlLedger,Rebuilt from git ls-files + git status on each projectStateDb run
pm/checkpoints/20260218T223616Z-0.2.0-beta.1-tooling-registration-first-principle/files/docs/update-packages/pz-boilerplate-intelliJ/2026-02-18-project-level-rollback-governance/apply-checklist.md,1,D,0,0,,repo_file_state,projectStateDb (sync-project -> syncVersionControlState),versionControlLedger,Rebuilt from git ls-files + git status on each projectStateDb run
pm/checkpoints/20260218T223616Z-0.2.0-beta.1-tooling-registration-first-principle/files/docs/update-packages/pz-boilerplate-intelliJ/2026-02-18-project-level-rollback-governance/fresh-session-prompt.md,1,D,0,0,,repo_file_state,projectStateDb (sync-project -> syncVersionControlState),versionControlLedger,Rebuilt from git ls-files + git status on each projectStateDb run
pm/checkpoints/20260218T223616Z-0.2.0-beta.1-tooling-registration-first-principle/files/docs/update-packages/pz-boilerplate-intelliJ/2026-02-18-sqlite-state-tooling/README.md,1,D,0,0,,repo_file_state,projectStateDb (sync-project -> syncVersionControlState),versionControlLedger,Rebuilt from git ls-files + git status on each projectStateDb run
pm/checkpoints/20260218T223616Z-0.2.0-beta.1-tooling-registration-first-principle/files/docs/update-packages/pz-boilerplate-intelliJ/2026-02-18-sqlite-state-tooling/apply-checklist.md,1,D,0,0,,repo_file_state,projectStateDb (sync-project -> syncVersionControlState),versionControlLedger,Rebuilt from git ls-files + git status on each projectStateDb run
pm/checkpoints/20260218T223616Z-0.2.0-beta.1-tooling-registration-first-principle/files/docs/update-packages/pz-boilerplate-intelliJ/2026-02-18-sqlite-state-tooling/fresh-session-prompt.md,1,D,0,0,,repo_file_state,projectStateDb (sync-project -> syncVersionControlState),versionControlLedger,Rebuilt from git ls-files + git status on each projectStateDb run
pm/checkpoints/20260218T223616Z-0.2.0-beta.1-tooling-registration-first-principle/files/docs/update-packages/pz-boilerplate-intelliJ/2026-02-18-unified-framework-rollup/README.md,1,D,0,0,,repo_file_state,projectStateDb (sync-project -> syncVersionControlState),versionControlLedger,Rebuilt from git ls-files + git status on each projectStateDb run
pm/checkpoints/20260218T223616Z-0.2.0-beta.1-tooling-registration-first-principle/files/docs/update-packages/pz-boilerplate-intelliJ/2026-02-18-unified-framework-rollup/apply-checklist.md,1,D,0,0,,repo_file_state,projectStateDb (sync-project -> syncVersionControlState),versionControlLedger,Rebuilt from git ls-files + git status on each projectStateDb run
pm/checkpoints/20260218T223616Z-0.2.0-beta.1-tooling-registration-first-principle/files/docs/update-packages/pz-boilerplate-intelliJ/2026-02-18-unified-framework-rollup/fresh-session-prompt.md,1,D,0,0,,repo_file_state,projectStateDb (sync-project -> syncVersionControlState),versionControlLedger,Rebuilt from git ls-files + git status on each projectStateDb run
pm/checkpoints/20260218T223616Z-0.2.0-beta.1-tooling-registration-first-principle/files/docs/update-packages/pz-boilerplate-intelliJ/2026-02-18-vcs-file-discipline-ledger/README.md,1,D,0,0,,repo_file_state,projectStateDb (sync-project -> syncVersionControlState),versionControlLedger,Rebuilt from git ls-files + git status on each projectStateDb run
pm/checkpoints/20260218T223616Z-0.2.0-beta.1-tooling-registration-first-principle/files/docs/update-packages/pz-boilerplate-intelliJ/2026-02-18-vcs-file-discipline-ledger/apply-checklist.md,1,D,0,0,,repo_file_state,projectStateDb (sync-project -> syncVersionControlState),versionControlLedger,Rebuilt from git ls-files + git status on each projectStateDb run
pm/checkpoints/20260218T223616Z-0.2.0-beta.1-tooling-registration-first-principle/files/docs/update-packages/pz-boilerplate-intelliJ/2026-02-18-vcs-file-discipline-ledger/fresh-session-prompt.md,1,D,0,0,,repo_file_state,projectStateDb (sync-project -> syncVersionControlState),versionControlLedger,Rebuilt from git ls-files + git status on each projectStateDb run
pm/checkpoints/20260218T223616Z-0.2.0-beta.1-tooling-registration-first-principle/files/docs/update-packages/pz-boilerplate-intelliJ/2026-02-18-workbook-change-driven-guard/README.md,1,D,0,0,,repo_file_state,projectStateDb (sync-project -> syncVersionControlState),versionControlLedger,Rebuilt from git ls-files + git status on each projectStateDb run
pm/checkpoints/20260218T223616Z-0.2.0-beta.1-tooling-registration-first-principle/files/docs/update-packages/pz-boilerplate-intelliJ/2026-02-18-workbook-change-driven-guard/apply-checklist.md,1,D,0,0,,repo_file_state,projectStateDb (sync-project -> syncVersionControlState),versionControlLedger,Rebuilt from git ls-files + git status on each projectStateDb run
pm/checkpoints/20260218T223616Z-0.2.0-beta.1-tooling-registration-first-principle/files/docs/update-packages/pz-boilerplate-intelliJ/2026-02-18-workbook-change-driven-guard/fresh-session-prompt.md,1,D,0,0,,repo_file_state,projectStateDb (sync-project -> syncVersionControlState),versionControlLedger,Rebuilt from git ls-files + git status on each projectStateDb run
pm/checkpoints/20260218T223616Z-0.2.0-beta.1-tooling-registration-first-principle/files/preview/afp-diag.json,1,D,0,0,,repo_file_state,projectStateDb (sync-project -> syncVersionControlState),versionControlLedger,Rebuilt from git ls-files + git status on each projectStateDb run
pm/checkpoints/20260218T223616Z-0.2.0-beta.1-tooling-registration-first-principle/files/preview/afp-meta.json,1,D,0,0,,repo_file_state,projectStateDb (sync-project -> syncVersionControlState),versionControlLedger,Rebuilt from git ls-files + git status on each projectStateDb run
pm/checkpoints/20260218T223616Z-0.2.0-beta.1-tooling-registration-first-principle/files/preview/afp-output.html,1,D,0,0,,repo_file_state,projectStateDb (sync-project -> syncVersionControlState),versionControlLedger,Rebuilt from git ls-files + git status on each projectStateDb run
pm/checkpoints/20260218T223616Z-0.2.0-beta.1-tooling-registration-first-principle/files/preview/fidelity-report.json,1,D,0,0,,repo_file_state,projectStateDb (sync-project -> syncVersionControlState),versionControlLedger,Rebuilt from git ls-files + git status on each projectStateDb run
pm/checkpoints/20260218T223616Z-0.2.0-beta.1-tooling-registration-first-principle/files/preview/governance-alerts.json,1,D,0,0,,repo_file_state,projectStateDb (sync-project -> syncVersionControlState),versionControlLedger,Rebuilt from git ls-files + git status on each projectStateDb run
pm/checkpoints/20260218T223616Z-0.2.0-beta.1-tooling-registration-first-principle/files/preview/issues-effectiveness.json,1,D,0,0,,repo_file_state,projectStateDb (sync-project -> syncVersionControlState),versionControlLedger,Rebuilt from git ls-files + git status on each projectStateDb run
pm/checkpoints/20260218T223616Z-0.2.0-beta.1-tooling-registration-first-principle/files/preview/issues-log-tickle.json,1,D,0,0,,repo_file_state,projectStateDb (sync-project -> syncVersionControlState),versionControlLedger,Rebuilt from git ls-files + git status on each projectStateDb run
pm/checkpoints/20260218T223616Z-0.2.0-beta.1-tooling-registration-first-principle/files/preview/project-plan-next-step.json,1,D,0,0,,repo_file_state,projectStateDb (sync-project -> syncVersionControlState),versionControlLedger,Rebuilt from git ls-files + git status on each projectStateDb run
pm/checkpoints/20260218T223616Z-0.2.0-beta.1-tooling-registration-first-principle/files/preview/project-plan-progress-data.json,1,D,0,0,,repo_file_state,projectStateDb (sync-project -> syncVersionControlState),versionControlLedger,Rebuilt from git ls-files + git status on each projectStateDb run
pm/checkpoints/20260218T223616Z-0.2.0-beta.1-tooling-registration-first-principle/files/preview/version-control-ledger.json,1,D,0,0,,repo_file_state,projectStateDb (sync-project -> syncVersionControlState),versionControlLedger,Rebuilt from git ls-files + git status on each projectStateDb run
pm/checkpoints/20260218T223616Z-0.2.0-beta.1-tooling-registration-first-principle/files/preview/version.json,1,D,0,0,,repo_file_state,projectStateDb (sync-project -> syncVersionControlState),versionControlLedger,Rebuilt from git ls-files + git status on each projectStateDb run
pm/checkpoints/20260218T223616Z-0.2.0-beta.1-tooling-registration-first-principle/files/preview/workbook-refresh-status.json,1,D,0,0,,repo_file_state,projectStateDb (sync-project -> syncVersionControlState),versionControlLedger,Rebuilt from git ls-files + git status on each projectStateDb run
pm/checkpoints/20260218T223616Z-0.2.0-beta.1-tooling-registration-first-principle/files/settings.gradle,1,D,0,0,,repo_file_state,projectStateDb (sync-project -> syncVersionControlState),versionControlLedger,Rebuilt from git ls-files + git status on each projectStateDb run
pm/checkpoints/20260218T223616Z-0.2.0-beta.1-tooling-registration-first-principle/manifest.json,1,D,0,0,,repo_file_state,projectStateDb (sync-project -> syncVersionControlState),versionControlLedger,Rebuilt from git ls-files + git status on each projectStateDb run
pm/checkpoints/20260219T192515Z-0.2.0-beta.1-checkpoint/files/AI-POLICY.md,1,D,0,0,,repo_file_state,projectStateDb (sync-project -> syncVersionControlState),versionControlLedger,Rebuilt from git ls-files + git status on each projectStateDb run
pm/checkpoints/20260219T192515Z-0.2.0-beta.1-checkpoint/files/README.md,1,D,0,0,,repo_file_state,projectStateDb (sync-project -> syncVersionControlState),versionControlLedger,Rebuilt from git ls-files + git status on each projectStateDb run
pm/checkpoints/20260219T192515Z-0.2.0-beta.1-checkpoint/files/SESSION_CHANGELOG.md,1,D,0,0,,repo_file_state,projectStateDb (sync-project -> syncVersionControlState),versionControlLedger,Rebuilt from git ls-files + git status on each projectStateDb run
pm/checkpoints/20260219T192515Z-0.2.0-beta.1-checkpoint/files/VERSION,1,D,0,0,,repo_file_state,projectStateDb (sync-project -> syncVersionControlState),versionControlLedger,Rebuilt from git ls-files + git status on each projectStateDb run
pm/checkpoints/20260219T192515Z-0.2.0-beta.1-checkpoint/files/build.gradle,1,D,0,0,,repo_file_state,projectStateDb (sync-project -> syncVersionControlState),versionControlLedger,Rebuilt from git ls-files + git status on each projectStateDb run
pm/checkpoints/20260219T192515Z-0.2.0-beta.1-checkpoint/files/docs/API.md,1,D,0,0,,repo_file_state,projectStateDb (sync-project -> syncVersionControlState),versionControlLedger,Rebuilt from git ls-files + git status on each projectStateDb run
pm/checkpoints/20260219T192515Z-0.2.0-beta.1-checkpoint/files/docs/NEW_MACHINE_BOOTSTRAP.md,1,D,0,0,,repo_file_state,projectStateDb (sync-project -> syncVersionControlState),versionControlLedger,Rebuilt from git ls-files + git status on each projectStateDb run
pm/checkpoints/20260219T192515Z-0.2.0-beta.1-checkpoint/files/docs/PM_CONSOLE_EXCHANGE_FORMAT.md,1,D,0,0,,repo_file_state,projectStateDb (sync-project -> syncVersionControlState),versionControlLedger,Rebuilt from git ls-files + git status on each projectStateDb run
pm/checkpoints/20260219T192515Z-0.2.0-beta.1-checkpoint/files/docs/PRESENTATION_ID_MIGRATION.md,1,D,0,0,,repo_file_state,projectStateDb (sync-project -> syncVersionControlState),versionControlLedger,Rebuilt from git ls-files + git status on each projectStateDb run
pm/checkpoints/20260219T192515Z-0.2.0-beta.1-checkpoint/files/docs/SQL_FIRST_WORKFLOW.md,1,D,0,0,,repo_file_state,projectStateDb (sync-project -> syncVersionControlState),versionControlLedger,Rebuilt from git ls-files + git status on each projectStateDb run
pm/checkpoints/20260219T192515Z-0.2.0-beta.1-checkpoint/files/docs/boilerplate-sync-candidates.xlsx,1,D,0,0,,repo_file_state,projectStateDb (sync-project -> syncVersionControlState),versionControlLedger,Rebuilt from git ls-files + git status on each projectStateDb run
pm/checkpoints/20260219T192515Z-0.2.0-beta.1-checkpoint/files/docs/issues-log-template.csv,1,D,0,0,,repo_file_state,projectStateDb (sync-project -> syncVersionControlState),versionControlLedger,Rebuilt from git ls-files + git status on each projectStateDb run
pm/checkpoints/20260219T192515Z-0.2.0-beta.1-checkpoint/files/docs/issues-log.csv,1,D,0,0,,repo_file_state,projectStateDb (sync-project -> syncVersionControlState),versionControlLedger,Rebuilt from git ls-files + git status on each projectStateDb run
pm/checkpoints/20260219T192515Z-0.2.0-beta.1-checkpoint/files/docs/policy-governance-events.csv,1,D,0,0,,repo_file_state,projectStateDb (sync-project -> syncVersionControlState),versionControlLedger,Rebuilt from git ls-files + git status on each projectStateDb run
pm/checkpoints/20260219T192515Z-0.2.0-beta.1-checkpoint/files/docs/policy-governance-events.xlsx,1,D,0,0,,repo_file_state,projectStateDb (sync-project -> syncVersionControlState),versionControlLedger,Rebuilt from git ls-files + git status on each projectStateDb run
pm/checkpoints/20260219T192515Z-0.2.0-beta.1-checkpoint/files/docs/project-plan-progress.csv,1,D,0,0,,repo_file_state,projectStateDb (sync-project -> syncVersionControlState),versionControlLedger,Rebuilt from git ls-files + git status on each projectStateDb run
pm/checkpoints/20260219T192515Z-0.2.0-beta.1-checkpoint/files/docs/project-plan-progress.xlsx,1,D,0,0,,repo_file_state,projectStateDb (sync-project -> syncVersionControlState),versionControlLedger,Rebuilt from git ls-files + git status on each projectStateDb run
pm/checkpoints/20260219T192515Z-0.2.0-beta.1-checkpoint/files/docs/project-plan.md,1,D,0,0,,repo_file_state,projectStateDb (sync-project -> syncVersionControlState),versionControlLedger,Rebuilt from git ls-files + git status on each projectStateDb run
pm/checkpoints/20260219T192515Z-0.2.0-beta.1-checkpoint/files/docs/update-packages/README.md,1,D,0,0,,repo_file_state,projectStateDb (sync-project -> syncVersionControlState),versionControlLedger,Rebuilt from git ls-files + git status on each projectStateDb run
pm/checkpoints/20260219T192515Z-0.2.0-beta.1-checkpoint/files/pm/policy/policy-rule-tables.sql,1,D,0,0,,repo_file_state,projectStateDb (sync-project -> syncVersionControlState),versionControlLedger,Rebuilt from git ls-files + git status on each projectStateDb run
pm/checkpoints/20260219T192515Z-0.2.0-beta.1-checkpoint/files/pm/reports/action-decision-suggestions.json,1,D,0,0,,repo_file_state,projectStateDb (sync-project -> syncVersionControlState),versionControlLedger,Rebuilt from git ls-files + git status on each projectStateDb run
pm/checkpoints/20260219T192515Z-0.2.0-beta.1-checkpoint/files/pm/reports/action-ingest-strict.json,1,D,0,0,,repo_file_state,projectStateDb (sync-project -> syncVersionControlState),versionControlLedger,Rebuilt from git ls-files + git status on each projectStateDb run
pm/checkpoints/20260219T192515Z-0.2.0-beta.1-checkpoint/files/pm/reports/action-items.json,1,D,0,0,,repo_file_state,projectStateDb (sync-project -> syncVersionControlState),versionControlLedger,Rebuilt from git ls-files + git status on each projectStateDb run
pm/checkpoints/20260219T192515Z-0.2.0-beta.1-checkpoint/files/pm/reports/action-owner-summary.json,1,D,0,0,,repo_file_state,projectStateDb (sync-project -> syncVersionControlState),versionControlLedger,Rebuilt from git ls-files + git status on each projectStateDb run
pm/checkpoints/20260219T192515Z-0.2.0-beta.1-checkpoint/files/pm/reports/action-sla-trend.json,1,D,0,0,,repo_file_state,projectStateDb (sync-project -> syncVersionControlState),versionControlLedger,Rebuilt from git ls-files + git status on each projectStateDb run
pm/checkpoints/20260219T192515Z-0.2.0-beta.1-checkpoint/files/pm/reports/application-realm-policy.json,1,D,0,0,,repo_file_state,projectStateDb (sync-project -> syncVersionControlState),versionControlLedger,Rebuilt from git ls-files + git status on each projectStateDb run
pm/checkpoints/20260219T192515Z-0.2.0-beta.1-checkpoint/files/pm/reports/boilerplate-package-files-with-context.csv,1,D,0,0,,repo_file_state,projectStateDb (sync-project -> syncVersionControlState),versionControlLedger,Rebuilt from git ls-files + git status on each projectStateDb run
pm/checkpoints/20260219T192515Z-0.2.0-beta.1-checkpoint/files/pm/reports/boilerplate-promotion-status.json,1,D,0,0,,repo_file_state,projectStateDb (sync-project -> syncVersionControlState),versionControlLedger,Rebuilt from git ls-files + git status on each projectStateDb run
pm/checkpoints/20260219T192515Z-0.2.0-beta.1-checkpoint/files/pm/reports/boilerplate-realm-policy.json,1,D,0,0,,repo_file_state,projectStateDb (sync-project -> syncVersionControlState),versionControlLedger,Rebuilt from git ls-files + git status on each projectStateDb run
pm/checkpoints/20260219T192515Z-0.2.0-beta.1-checkpoint/files/pm/reports/cross-realm-action-token-search.json,1,D,0,0,,repo_file_state,projectStateDb (sync-project -> syncVersionControlState),versionControlLedger,Rebuilt from git ls-files + git status on each projectStateDb run
pm/checkpoints/20260219T192515Z-0.2.0-beta.1-checkpoint/files/pm/reports/cross-realm-token-search.json,1,D,0,0,,repo_file_state,projectStateDb (sync-project -> syncVersionControlState),versionControlLedger,Rebuilt from git ls-files + git status on each projectStateDb run
pm/checkpoints/20260219T192515Z-0.2.0-beta.1-checkpoint/files/pm/reports/data-dictionary-lint.json,1,D,0,0,,repo_file_state,projectStateDb (sync-project -> syncVersionControlState),versionControlLedger,Rebuilt from git ls-files + git status on each projectStateDb run
pm/checkpoints/20260219T192515Z-0.2.0-beta.1-checkpoint/files/pm/reports/data-dictionary.json,1,D,0,0,,repo_file_state,projectStateDb (sync-project -> syncVersionControlState),versionControlLedger,Rebuilt from git ls-files + git status on each projectStateDb run
pm/checkpoints/20260219T192515Z-0.2.0-beta.1-checkpoint/files/pm/reports/decision-priority-queue.json,1,D,0,0,,repo_file_state,projectStateDb (sync-project -> syncVersionControlState),versionControlLedger,Rebuilt from git ls-files + git status on each projectStateDb run
pm/checkpoints/20260219T192515Z-0.2.0-beta.1-checkpoint/files/pm/reports/governance-alerts.json,1,D,0,0,,repo_file_state,projectStateDb (sync-project -> syncVersionControlState),versionControlLedger,Rebuilt from git ls-files + git status on each projectStateDb run
pm/checkpoints/20260219T192515Z-0.2.0-beta.1-checkpoint/files/pm/reports/issues-effectiveness.json,1,D,0,0,,repo_file_state,projectStateDb (sync-project -> syncVersionControlState),versionControlLedger,Rebuilt from git ls-files + git status on each projectStateDb run
pm/checkpoints/20260219T192515Z-0.2.0-beta.1-checkpoint/files/pm/reports/issues-log-tickle.json,1,D,0,0,,repo_file_state,projectStateDb (sync-project -> syncVersionControlState),versionControlLedger,Rebuilt from git ls-files + git status on each projectStateDb run
pm/checkpoints/20260219T192515Z-0.2.0-beta.1-checkpoint/files/pm/reports/knowledge-base.json,1,D,0,0,,repo_file_state,projectStateDb (sync-project -> syncVersionControlState),versionControlLedger,Rebuilt from git ls-files + git status on each projectStateDb run
pm/checkpoints/20260219T192515Z-0.2.0-beta.1-checkpoint/files/pm/reports/pm-realm-policy.json,1,D,0,0,,repo_file_state,projectStateDb (sync-project -> syncVersionControlState),versionControlLedger,Rebuilt from git ls-files + git status on each projectStateDb run
pm/checkpoints/20260219T192515Z-0.2.0-beta.1-checkpoint/files/pm/reports/policy-rules-lint.json,1,D,0,0,,repo_file_state,projectStateDb (sync-project -> syncVersionControlState),versionControlLedger,Rebuilt from git ls-files + git status on each projectStateDb run
pm/checkpoints/20260219T192515Z-0.2.0-beta.1-checkpoint/files/pm/reports/policy-rules.json,1,D,0,0,,repo_file_state,projectStateDb (sync-project -> syncVersionControlState),versionControlLedger,Rebuilt from git ls-files + git status on each projectStateDb run
pm/checkpoints/20260219T192515Z-0.2.0-beta.1-checkpoint/files/pm/reports/presentation-ref-lint.json,1,D,0,0,,repo_file_state,projectStateDb (sync-project -> syncVersionControlState),versionControlLedger,Rebuilt from git ls-files + git status on each projectStateDb run
pm/checkpoints/20260219T192515Z-0.2.0-beta.1-checkpoint/files/pm/reports/project-plan-next-step.json,1,D,0,0,,repo_file_state,projectStateDb (sync-project -> syncVersionControlState),versionControlLedger,Rebuilt from git ls-files + git status on each projectStateDb run
pm/checkpoints/20260219T192515Z-0.2.0-beta.1-checkpoint/files/pm/reports/project-plan-progress-data.json,1,D,0,0,,repo_file_state,projectStateDb (sync-project -> syncVersionControlState),versionControlLedger,Rebuilt from git ls-files + git status on each projectStateDb run
pm/checkpoints/20260219T192515Z-0.2.0-beta.1-checkpoint/files/pm/reports/realm-knowledge-link-gate.json,1,D,0,0,,repo_file_state,projectStateDb (sync-project -> syncVersionControlState),versionControlLedger,Rebuilt from git ls-files + git status on each projectStateDb run
pm/checkpoints/20260219T192515Z-0.2.0-beta.1-checkpoint/files/pm/reports/realm-knowledge-sync.json,1,D,0,0,,repo_file_state,projectStateDb (sync-project -> syncVersionControlState),versionControlLedger,Rebuilt from git ls-files + git status on each projectStateDb run
pm/checkpoints/20260219T192515Z-0.2.0-beta.1-checkpoint/files/pm/reports/realm-policy-diff.json,1,D,0,0,,repo_file_state,projectStateDb (sync-project -> syncVersionControlState),versionControlLedger,Rebuilt from git ls-files + git status on each projectStateDb run
pm/checkpoints/20260219T192515Z-0.2.0-beta.1-checkpoint/files/pm/reports/realm-policy-sync.json,1,D,0,0,,repo_file_state,projectStateDb (sync-project -> syncVersionControlState),versionControlLedger,Rebuilt from git ls-files + git status on each projectStateDb run
pm/checkpoints/20260219T192515Z-0.2.0-beta.1-checkpoint/files/pm/reports/reasoning-drive.json,1,D,0,0,,repo_file_state,projectStateDb (sync-project -> syncVersionControlState),versionControlLedger,Rebuilt from git ls-files + git status on each projectStateDb run
pm/checkpoints/20260219T192515Z-0.2.0-beta.1-checkpoint/files/pm/reports/repo-file-inventory-with-context.csv,1,D,0,0,,repo_file_state,projectStateDb (sync-project -> syncVersionControlState),versionControlLedger,Rebuilt from git ls-files + git status on each projectStateDb run
pm/checkpoints/20260219T192515Z-0.2.0-beta.1-checkpoint/files/pm/reports/sql-authority-application.json,1,D,0,0,,repo_file_state,projectStateDb (sync-project -> syncVersionControlState),versionControlLedger,Rebuilt from git ls-files + git status on each projectStateDb run
pm/checkpoints/20260219T192515Z-0.2.0-beta.1-checkpoint/files/pm/reports/sql-authority-boilerplate.json,1,D,0,0,,repo_file_state,projectStateDb (sync-project -> syncVersionControlState),versionControlLedger,Rebuilt from git ls-files + git status on each projectStateDb run
pm/checkpoints/20260219T192515Z-0.2.0-beta.1-checkpoint/files/pm/reports/sql-authority-pm.json,1,D,0,0,,repo_file_state,projectStateDb (sync-project -> syncVersionControlState),versionControlLedger,Rebuilt from git ls-files + git status on each projectStateDb run
pm/checkpoints/20260219T192515Z-0.2.0-beta.1-checkpoint/files/pm/reports/sql-coverage-application.json,1,D,0,0,,repo_file_state,projectStateDb (sync-project -> syncVersionControlState),versionControlLedger,Rebuilt from git ls-files + git status on each projectStateDb run
pm/checkpoints/20260219T192515Z-0.2.0-beta.1-checkpoint/files/pm/reports/sql-coverage-boilerplate.json,1,D,0,0,,repo_file_state,projectStateDb (sync-project -> syncVersionControlState),versionControlLedger,Rebuilt from git ls-files + git status on each projectStateDb run
pm/checkpoints/20260219T192515Z-0.2.0-beta.1-checkpoint/files/pm/reports/sql-coverage-pm.json,1,D,0,0,,repo_file_state,projectStateDb (sync-project -> syncVersionControlState),versionControlLedger,Rebuilt from git ls-files + git status on each projectStateDb run
pm/checkpoints/20260219T192515Z-0.2.0-beta.1-checkpoint/files/pm/reports/sql-reconstruction-application.json,1,D,0,0,,repo_file_state,projectStateDb (sync-project -> syncVersionControlState),versionControlLedger,Rebuilt from git ls-files + git status on each projectStateDb run
pm/checkpoints/20260219T192515Z-0.2.0-beta.1-checkpoint/files/pm/reports/sql-reconstruction-boilerplate.json,1,D,0,0,,repo_file_state,projectStateDb (sync-project -> syncVersionControlState),versionControlLedger,Rebuilt from git ls-files + git status on each projectStateDb run
pm/checkpoints/20260219T192515Z-0.2.0-beta.1-checkpoint/files/pm/reports/sql-reconstruction-pm.json,1,D,0,0,,repo_file_state,projectStateDb (sync-project -> syncVersionControlState),versionControlLedger,Rebuilt from git ls-files + git status on each projectStateDb run
pm/checkpoints/20260219T192515Z-0.2.0-beta.1-checkpoint/files/pm/reports/version-control-ledger.json,1,D,0,0,,repo_file_state,projectStateDb (sync-project -> syncVersionControlState),versionControlLedger,Rebuilt from git ls-files + git status on each projectStateDb run
pm/checkpoints/20260219T192515Z-0.2.0-beta.1-checkpoint/files/pm/reports/version.json,1,D,0,0,,repo_file_state,projectStateDb (sync-project -> syncVersionControlState),versionControlLedger,Rebuilt from git ls-files + git status on each projectStateDb run
pm/checkpoints/20260219T192515Z-0.2.0-beta.1-checkpoint/files/pm/reports/workbook-refresh-status.json,1,D,0,0,,repo_file_state,projectStateDb (sync-project -> syncVersionControlState),versionControlLedger,Rebuilt from git ls-files + git status on each projectStateDb run
pm/checkpoints/20260219T192515Z-0.2.0-beta.1-checkpoint/files/pm/state/action-sla-history.json,1,D,0,0,,repo_file_state,projectStateDb (sync-project -> syncVersionControlState),versionControlLedger,Rebuilt from git ls-files + git status on each projectStateDb run
pm/checkpoints/20260219T192515Z-0.2.0-beta.1-checkpoint/files/pm/state/application-realm.sqlite,1,D,0,0,,repo_file_state,projectStateDb (sync-project -> syncVersionControlState),versionControlLedger,Rebuilt from git ls-files + git status on each projectStateDb run
pm/checkpoints/20260219T192515Z-0.2.0-beta.1-checkpoint/files/pm/state/boilerplate-realm.sqlite,1,D,0,0,,repo_file_state,projectStateDb (sync-project -> syncVersionControlState),versionControlLedger,Rebuilt from git ls-files + git status on each projectStateDb run
pm/checkpoints/20260219T192515Z-0.2.0-beta.1-checkpoint/files/pm/state/boilerplate-state.sqlite,1,D,0,0,,repo_file_state,projectStateDb (sync-project -> syncVersionControlState),versionControlLedger,Rebuilt from git ls-files + git status on each projectStateDb run
pm/checkpoints/20260219T192515Z-0.2.0-beta.1-checkpoint/files/pm/state/pm-realm.sqlite,1,D,0,0,,repo_file_state,projectStateDb (sync-project -> syncVersionControlState),versionControlLedger,Rebuilt from git ls-files + git status on each projectStateDb run
pm/checkpoints/20260219T192515Z-0.2.0-beta.1-checkpoint/files/pm/state/project-state.sqlite,1,D,0,0,,repo_file_state,projectStateDb (sync-project -> syncVersionControlState),versionControlLedger,Rebuilt from git ls-files + git status on each projectStateDb run
pm/checkpoints/20260219T192515Z-0.2.0-beta.1-checkpoint/files/pm/state/realm-policy-snapshot.json,1,D,0,0,,repo_file_state,projectStateDb (sync-project -> syncVersionControlState),versionControlLedger,Rebuilt from git ls-files + git status on each projectStateDb run
pm/checkpoints/20260219T192515Z-0.2.0-beta.1-checkpoint/files/pm/state/reasoning-derived.sqlite,1,D,0,0,,repo_file_state,projectStateDb (sync-project -> syncVersionControlState),versionControlLedger,Rebuilt from git ls-files + git status on each projectStateDb run
pm/checkpoints/20260219T192515Z-0.2.0-beta.1-checkpoint/files/pm/state/reasoning-experience.sqlite,1,D,0,0,,repo_file_state,projectStateDb (sync-project -> syncVersionControlState),versionControlLedger,Rebuilt from git ls-files + git status on each projectStateDb run
pm/checkpoints/20260219T192515Z-0.2.0-beta.1-checkpoint/files/preview/afp-diag.json,1,D,0,0,,repo_file_state,projectStateDb (sync-project -> syncVersionControlState),versionControlLedger,Rebuilt from git ls-files + git status on each projectStateDb run
pm/checkpoints/20260219T192515Z-0.2.0-beta.1-checkpoint/files/preview/afp-meta.json,1,D,0,0,,repo_file_state,projectStateDb (sync-project -> syncVersionControlState),versionControlLedger,Rebuilt from git ls-files + git status on each projectStateDb run
pm/checkpoints/20260219T192515Z-0.2.0-beta.1-checkpoint/files/preview/afp-output.html,1,D,0,0,,repo_file_state,projectStateDb (sync-project -> syncVersionControlState),versionControlLedger,Rebuilt from git ls-files + git status on each projectStateDb run
pm/checkpoints/20260219T192515Z-0.2.0-beta.1-checkpoint/files/preview/afp-output.pdf,1,D,0,0,,repo_file_state,projectStateDb (sync-project -> syncVersionControlState),versionControlLedger,Rebuilt from git ls-files + git status on each projectStateDb run
pm/checkpoints/20260219T192515Z-0.2.0-beta.1-checkpoint/files/preview/fidelity-report.json,1,D,0,0,,repo_file_state,projectStateDb (sync-project -> syncVersionControlState),versionControlLedger,Rebuilt from git ls-files + git status on each projectStateDb run
pm/checkpoints/20260219T192515Z-0.2.0-beta.1-checkpoint/files/settings.gradle,1,D,0,0,,repo_file_state,projectStateDb (sync-project -> syncVersionControlState),versionControlLedger,Rebuilt from git ls-files + git status on each projectStateDb run
pm/checkpoints/20260219T192515Z-0.2.0-beta.1-checkpoint/manifest.json,1,D,0,0,,repo_file_state,projectStateDb (sync-project -> syncVersionControlState),versionControlLedger,Rebuilt from git ls-files + git status on each projectStateDb run
pm/checkpoints/20260219T194452Z-0.2.0-beta.1-checkpoint/files/AI-POLICY.md,1,D,0,0,,repo_file_state,projectStateDb (sync-project -> syncVersionControlState),versionControlLedger,Rebuilt from git ls-files + git status on each projectStateDb run
pm/checkpoints/20260219T194452Z-0.2.0-beta.1-checkpoint/files/README.md,1,D,0,0,,repo_file_state,projectStateDb (sync-project -> syncVersionControlState),versionControlLedger,Rebuilt from git ls-files + git status on each projectStateDb run
pm/checkpoints/20260219T194452Z-0.2.0-beta.1-checkpoint/files/SESSION_CHANGELOG.md,1,D,0,0,,repo_file_state,projectStateDb (sync-project -> syncVersionControlState),versionControlLedger,Rebuilt from git ls-files + git status on each projectStateDb run
pm/checkpoints/20260219T194452Z-0.2.0-beta.1-checkpoint/files/VERSION,1,D,0,0,,repo_file_state,projectStateDb (sync-project -> syncVersionControlState),versionControlLedger,Rebuilt from git ls-files + git status on each projectStateDb run
pm/checkpoints/20260219T194452Z-0.2.0-beta.1-checkpoint/files/build.gradle,1,D,0,0,,repo_file_state,projectStateDb (sync-project -> syncVersionControlState),versionControlLedger,Rebuilt from git ls-files + git status on each projectStateDb run
pm/checkpoints/20260219T194452Z-0.2.0-beta.1-checkpoint/files/docs/API.md,1,D,0,0,,repo_file_state,projectStateDb (sync-project -> syncVersionControlState),versionControlLedger,Rebuilt from git ls-files + git status on each projectStateDb run
pm/checkpoints/20260219T194452Z-0.2.0-beta.1-checkpoint/files/docs/NEW_MACHINE_BOOTSTRAP.md,1,D,0,0,,repo_file_state,projectStateDb (sync-project -> syncVersionControlState),versionControlLedger,Rebuilt from git ls-files + git status on each projectStateDb run
pm/checkpoints/20260219T194452Z-0.2.0-beta.1-checkpoint/files/docs/PM_CONSOLE_EXCHANGE_FORMAT.md,1,D,0,0,,repo_file_state,projectStateDb (sync-project -> syncVersionControlState),versionControlLedger,Rebuilt from git ls-files + git status on each projectStateDb run
pm/checkpoints/20260219T194452Z-0.2.0-beta.1-checkpoint/files/docs/PRESENTATION_ID_MIGRATION.md,1,D,0,0,,repo_file_state,projectStateDb (sync-project -> syncVersionControlState),versionControlLedger,Rebuilt from git ls-files + git status on each projectStateDb run
pm/checkpoints/20260219T194452Z-0.2.0-beta.1-checkpoint/files/docs/SQL_FIRST_WORKFLOW.md,1,D,0,0,,repo_file_state,projectStateDb (sync-project -> syncVersionControlState),versionControlLedger,Rebuilt from git ls-files + git status on each projectStateDb run
pm/checkpoints/20260219T194452Z-0.2.0-beta.1-checkpoint/files/docs/boilerplate-sync-candidates.xlsx,1,D,0,0,,repo_file_state,projectStateDb (sync-project -> syncVersionControlState),versionControlLedger,Rebuilt from git ls-files + git status on each projectStateDb run
pm/checkpoints/20260219T194452Z-0.2.0-beta.1-checkpoint/files/docs/issues-log-template.csv,1,D,0,0,,repo_file_state,projectStateDb (sync-project -> syncVersionControlState),versionControlLedger,Rebuilt from git ls-files + git status on each projectStateDb run
pm/checkpoints/20260219T194452Z-0.2.0-beta.1-checkpoint/files/docs/issues-log.csv,1,D,0,0,,repo_file_state,projectStateDb (sync-project -> syncVersionControlState),versionControlLedger,Rebuilt from git ls-files + git status on each projectStateDb run
pm/checkpoints/20260219T194452Z-0.2.0-beta.1-checkpoint/files/docs/policy-governance-events.csv,1,D,0,0,,repo_file_state,projectStateDb (sync-project -> syncVersionControlState),versionControlLedger,Rebuilt from git ls-files + git status on each projectStateDb run
pm/checkpoints/20260219T194452Z-0.2.0-beta.1-checkpoint/files/docs/policy-governance-events.xlsx,1,D,0,0,,repo_file_state,projectStateDb (sync-project -> syncVersionControlState),versionControlLedger,Rebuilt from git ls-files + git status on each projectStateDb run
pm/checkpoints/20260219T194452Z-0.2.0-beta.1-checkpoint/files/docs/project-plan-progress.csv,1,D,0,0,,repo_file_state,projectStateDb (sync-project -> syncVersionControlState),versionControlLedger,Rebuilt from git ls-files + git status on each projectStateDb run
pm/checkpoints/20260219T194452Z-0.2.0-beta.1-checkpoint/files/docs/project-plan-progress.xlsx,1,D,0,0,,repo_file_state,projectStateDb (sync-project -> syncVersionControlState),versionControlLedger,Rebuilt from git ls-files + git status on each projectStateDb run
pm/checkpoints/20260219T194452Z-0.2.0-beta.1-checkpoint/files/docs/project-plan.md,1,D,0,0,,repo_file_state,projectStateDb (sync-project -> syncVersionControlState),versionControlLedger,Rebuilt from git ls-files + git status on each projectStateDb run
pm/checkpoints/20260219T194452Z-0.2.0-beta.1-checkpoint/files/docs/update-packages/README.md,1,D,0,0,,repo_file_state,projectStateDb (sync-project -> syncVersionControlState),versionControlLedger,Rebuilt from git ls-files + git status on each projectStateDb run
pm/checkpoints/20260219T194452Z-0.2.0-beta.1-checkpoint/files/pm/policy/policy-rule-tables.sql,1,D,0,0,,repo_file_state,projectStateDb (sync-project -> syncVersionControlState),versionControlLedger,Rebuilt from git ls-files + git status on each projectStateDb run
pm/checkpoints/20260219T194452Z-0.2.0-beta.1-checkpoint/files/pm/reports/action-decision-suggestions.json,1,D,0,0,,repo_file_state,projectStateDb (sync-project -> syncVersionControlState),versionControlLedger,Rebuilt from git ls-files + git status on each projectStateDb run
pm/checkpoints/20260219T194452Z-0.2.0-beta.1-checkpoint/files/pm/reports/action-ingest-strict.json,1,D,0,0,,repo_file_state,projectStateDb (sync-project -> syncVersionControlState),versionControlLedger,Rebuilt from git ls-files + git status on each projectStateDb run
pm/checkpoints/20260219T194452Z-0.2.0-beta.1-checkpoint/files/pm/reports/action-items.json,1,D,0,0,,repo_file_state,projectStateDb (sync-project -> syncVersionControlState),versionControlLedger,Rebuilt from git ls-files + git status on each projectStateDb run
pm/checkpoints/20260219T194452Z-0.2.0-beta.1-checkpoint/files/pm/reports/action-owner-summary.json,1,D,0,0,,repo_file_state,projectStateDb (sync-project -> syncVersionControlState),versionControlLedger,Rebuilt from git ls-files + git status on each projectStateDb run
pm/checkpoints/20260219T194452Z-0.2.0-beta.1-checkpoint/files/pm/reports/action-sla-trend.json,1,D,0,0,,repo_file_state,projectStateDb (sync-project -> syncVersionControlState),versionControlLedger,Rebuilt from git ls-files + git status on each projectStateDb run
pm/checkpoints/20260219T194452Z-0.2.0-beta.1-checkpoint/files/pm/reports/application-realm-policy.json,1,D,0,0,,repo_file_state,projectStateDb (sync-project -> syncVersionControlState),versionControlLedger,Rebuilt from git ls-files + git status on each projectStateDb run
pm/checkpoints/20260219T194452Z-0.2.0-beta.1-checkpoint/files/pm/reports/boilerplate-package-files-with-context.csv,1,D,0,0,,repo_file_state,projectStateDb (sync-project -> syncVersionControlState),versionControlLedger,Rebuilt from git ls-files + git status on each projectStateDb run
pm/checkpoints/20260219T194452Z-0.2.0-beta.1-checkpoint/files/pm/reports/boilerplate-promotion-status.json,1,D,0,0,,repo_file_state,projectStateDb (sync-project -> syncVersionControlState),versionControlLedger,Rebuilt from git ls-files + git status on each projectStateDb run
pm/checkpoints/20260219T194452Z-0.2.0-beta.1-checkpoint/files/pm/reports/boilerplate-realm-policy.json,1,D,0,0,,repo_file_state,projectStateDb (sync-project -> syncVersionControlState),versionControlLedger,Rebuilt from git ls-files + git status on each projectStateDb run
pm/checkpoints/20260219T194452Z-0.2.0-beta.1-checkpoint/files/pm/reports/cross-realm-action-token-search.json,1,D,0,0,,repo_file_state,projectStateDb (sync-project -> syncVersionControlState),versionControlLedger,Rebuilt from git ls-files + git status on each projectStateDb run
pm/checkpoints/20260219T194452Z-0.2.0-beta.1-checkpoint/files/pm/reports/cross-realm-token-search.json,1,D,0,0,,repo_file_state,projectStateDb (sync-project -> syncVersionControlState),versionControlLedger,Rebuilt from git ls-files + git status on each projectStateDb run
pm/checkpoints/20260219T194452Z-0.2.0-beta.1-checkpoint/files/pm/reports/data-dictionary-lint.json,1,D,0,0,,repo_file_state,projectStateDb (sync-project -> syncVersionControlState),versionControlLedger,Rebuilt from git ls-files + git status on each projectStateDb run
pm/checkpoints/20260219T194452Z-0.2.0-beta.1-checkpoint/files/pm/reports/data-dictionary.json,1,D,0,0,,repo_file_state,projectStateDb (sync-project -> syncVersionControlState),versionControlLedger,Rebuilt from git ls-files + git status on each projectStateDb run
pm/checkpoints/20260219T194452Z-0.2.0-beta.1-checkpoint/files/pm/reports/decision-priority-queue.json,1,D,0,0,,repo_file_state,projectStateDb (sync-project -> syncVersionControlState),versionControlLedger,Rebuilt from git ls-files + git status on each projectStateDb run
pm/checkpoints/20260219T194452Z-0.2.0-beta.1-checkpoint/files/pm/reports/governance-alerts.json,1,D,0,0,,repo_file_state,projectStateDb (sync-project -> syncVersionControlState),versionControlLedger,Rebuilt from git ls-files + git status on each projectStateDb run
pm/checkpoints/20260219T194452Z-0.2.0-beta.1-checkpoint/files/pm/reports/identifier-registry.json,1,D,0,0,,repo_file_state,projectStateDb (sync-project -> syncVersionControlState),versionControlLedger,Rebuilt from git ls-files + git status on each projectStateDb run
pm/checkpoints/20260219T194452Z-0.2.0-beta.1-checkpoint/files/pm/reports/issues-effectiveness.json,1,D,0,0,,repo_file_state,projectStateDb (sync-project -> syncVersionControlState),versionControlLedger,Rebuilt from git ls-files + git status on each projectStateDb run
pm/checkpoints/20260219T194452Z-0.2.0-beta.1-checkpoint/files/pm/reports/issues-log-tickle.json,1,D,0,0,,repo_file_state,projectStateDb (sync-project -> syncVersionControlState),versionControlLedger,Rebuilt from git ls-files + git status on each projectStateDb run
pm/checkpoints/20260219T194452Z-0.2.0-beta.1-checkpoint/files/pm/reports/knowledge-base.json,1,D,0,0,,repo_file_state,projectStateDb (sync-project -> syncVersionControlState),versionControlLedger,Rebuilt from git ls-files + git status on each projectStateDb run
pm/checkpoints/20260219T194452Z-0.2.0-beta.1-checkpoint/files/pm/reports/pm-realm-policy.json,1,D,0,0,,repo_file_state,projectStateDb (sync-project -> syncVersionControlState),versionControlLedger,Rebuilt from git ls-files + git status on each projectStateDb run
pm/checkpoints/20260219T194452Z-0.2.0-beta.1-checkpoint/files/pm/reports/policy-rules-lint.json,1,D,0,0,,repo_file_state,projectStateDb (sync-project -> syncVersionControlState),versionControlLedger,Rebuilt from git ls-files + git status on each projectStateDb run
pm/checkpoints/20260219T194452Z-0.2.0-beta.1-checkpoint/files/pm/reports/policy-rules.json,1,D,0,0,,repo_file_state,projectStateDb (sync-project -> syncVersionControlState),versionControlLedger,Rebuilt from git ls-files + git status on each projectStateDb run
pm/checkpoints/20260219T194452Z-0.2.0-beta.1-checkpoint/files/pm/reports/presentation-ref-lint.json,1,D,0,0,,repo_file_state,projectStateDb (sync-project -> syncVersionControlState),versionControlLedger,Rebuilt from git ls-files + git status on each projectStateDb run
pm/checkpoints/20260219T194452Z-0.2.0-beta.1-checkpoint/files/pm/reports/project-plan-next-step.json,1,D,0,0,,repo_file_state,projectStateDb (sync-project -> syncVersionControlState),versionControlLedger,Rebuilt from git ls-files + git status on each projectStateDb run
pm/checkpoints/20260219T194452Z-0.2.0-beta.1-checkpoint/files/pm/reports/project-plan-progress-data.json,1,D,0,0,,repo_file_state,projectStateDb (sync-project -> syncVersionControlState),versionControlLedger,Rebuilt from git ls-files + git status on each projectStateDb run
pm/checkpoints/20260219T194452Z-0.2.0-beta.1-checkpoint/files/pm/reports/realm-knowledge-link-gate.json,1,D,0,0,,repo_file_state,projectStateDb (sync-project -> syncVersionControlState),versionControlLedger,Rebuilt from git ls-files + git status on each projectStateDb run
pm/checkpoints/20260219T194452Z-0.2.0-beta.1-checkpoint/files/pm/reports/realm-knowledge-sync.json,1,D,0,0,,repo_file_state,projectStateDb (sync-project -> syncVersionControlState),versionControlLedger,Rebuilt from git ls-files + git status on each projectStateDb run
pm/checkpoints/20260219T194452Z-0.2.0-beta.1-checkpoint/files/pm/reports/realm-policy-diff.json,1,D,0,0,,repo_file_state,projectStateDb (sync-project -> syncVersionControlState),versionControlLedger,Rebuilt from git ls-files + git status on each projectStateDb run
pm/checkpoints/20260219T194452Z-0.2.0-beta.1-checkpoint/files/pm/reports/realm-policy-sync.json,1,D,0,0,,repo_file_state,projectStateDb (sync-project -> syncVersionControlState),versionControlLedger,Rebuilt from git ls-files + git status on each projectStateDb run
pm/checkpoints/20260219T194452Z-0.2.0-beta.1-checkpoint/files/pm/reports/reasoning-drive.json,1,D,0,0,,repo_file_state,projectStateDb (sync-project -> syncVersionControlState),versionControlLedger,Rebuilt from git ls-files + git status on each projectStateDb run
pm/checkpoints/20260219T194452Z-0.2.0-beta.1-checkpoint/files/pm/reports/repo-file-inventory-with-context.csv,1,D,0,0,,repo_file_state,projectStateDb (sync-project -> syncVersionControlState),versionControlLedger,Rebuilt from git ls-files + git status on each projectStateDb run
pm/checkpoints/20260219T194452Z-0.2.0-beta.1-checkpoint/files/pm/reports/sql-authority-application.json,1,D,0,0,,repo_file_state,projectStateDb (sync-project -> syncVersionControlState),versionControlLedger,Rebuilt from git ls-files + git status on each projectStateDb run
pm/checkpoints/20260219T194452Z-0.2.0-beta.1-checkpoint/files/pm/reports/sql-authority-boilerplate.json,1,D,0,0,,repo_file_state,projectStateDb (sync-project -> syncVersionControlState),versionControlLedger,Rebuilt from git ls-files + git status on each projectStateDb run
pm/checkpoints/20260219T194452Z-0.2.0-beta.1-checkpoint/files/pm/reports/sql-authority-pm.json,1,D,0,0,,repo_file_state,projectStateDb (sync-project -> syncVersionControlState),versionControlLedger,Rebuilt from git ls-files + git status on each projectStateDb run
pm/checkpoints/20260219T194452Z-0.2.0-beta.1-checkpoint/files/pm/reports/sql-coverage-application.json,1,D,0,0,,repo_file_state,projectStateDb (sync-project -> syncVersionControlState),versionControlLedger,Rebuilt from git ls-files + git status on each projectStateDb run
pm/checkpoints/20260219T194452Z-0.2.0-beta.1-checkpoint/files/pm/reports/sql-coverage-boilerplate.json,1,D,0,0,,repo_file_state,projectStateDb (sync-project -> syncVersionControlState),versionControlLedger,Rebuilt from git ls-files + git status on each projectStateDb run
pm/checkpoints/20260219T194452Z-0.2.0-beta.1-checkpoint/files/pm/reports/sql-coverage-pm.json,1,D,0,0,,repo_file_state,projectStateDb (sync-project -> syncVersionControlState),versionControlLedger,Rebuilt from git ls-files + git status on each projectStateDb run
pm/checkpoints/20260219T194452Z-0.2.0-beta.1-checkpoint/files/pm/reports/sql-reconstruction-application.json,1,D,0,0,,repo_file_state,projectStateDb (sync-project -> syncVersionControlState),versionControlLedger,Rebuilt from git ls-files + git status on each projectStateDb run
pm/checkpoints/20260219T194452Z-0.2.0-beta.1-checkpoint/files/pm/reports/sql-reconstruction-boilerplate.json,1,D,0,0,,repo_file_state,projectStateDb (sync-project -> syncVersionControlState),versionControlLedger,Rebuilt from git ls-files + git status on each projectStateDb run
pm/checkpoints/20260219T194452Z-0.2.0-beta.1-checkpoint/files/pm/reports/sql-reconstruction-pm.json,1,D,0,0,,repo_file_state,projectStateDb (sync-project -> syncVersionControlState),versionControlLedger,Rebuilt from git ls-files + git status on each projectStateDb run
pm/checkpoints/20260219T194452Z-0.2.0-beta.1-checkpoint/files/pm/reports/version-control-ledger.json,1,D,0,0,,repo_file_state,projectStateDb (sync-project -> syncVersionControlState),versionControlLedger,Rebuilt from git ls-files + git status on each projectStateDb run
pm/checkpoints/20260219T194452Z-0.2.0-beta.1-checkpoint/files/pm/reports/version.json,1,D,0,0,,repo_file_state,projectStateDb (sync-project -> syncVersionControlState),versionControlLedger,Rebuilt from git ls-files + git status on each projectStateDb run
pm/checkpoints/20260219T194452Z-0.2.0-beta.1-checkpoint/files/pm/reports/workbook-refresh-status.json,1,D,0,0,,repo_file_state,projectStateDb (sync-project -> syncVersionControlState),versionControlLedger,Rebuilt from git ls-files + git status on each projectStateDb run
pm/checkpoints/20260219T194452Z-0.2.0-beta.1-checkpoint/files/pm/state/action-sla-history.json,1,D,0,0,,repo_file_state,projectStateDb (sync-project -> syncVersionControlState),versionControlLedger,Rebuilt from git ls-files + git status on each projectStateDb run
pm/checkpoints/20260219T194452Z-0.2.0-beta.1-checkpoint/files/pm/state/application-realm.sqlite,1,D,0,0,,repo_file_state,projectStateDb (sync-project -> syncVersionControlState),versionControlLedger,Rebuilt from git ls-files + git status on each projectStateDb run
pm/checkpoints/20260219T194452Z-0.2.0-beta.1-checkpoint/files/pm/state/boilerplate-realm.sqlite,1,D,0,0,,repo_file_state,projectStateDb (sync-project -> syncVersionControlState),versionControlLedger,Rebuilt from git ls-files + git status on each projectStateDb run
pm/checkpoints/20260219T194452Z-0.2.0-beta.1-checkpoint/files/pm/state/boilerplate-state.sqlite,1,D,0,0,,repo_file_state,projectStateDb (sync-project -> syncVersionControlState),versionControlLedger,Rebuilt from git ls-files + git status on each projectStateDb run
pm/checkpoints/20260219T194452Z-0.2.0-beta.1-checkpoint/files/pm/state/pm-realm.sqlite,1,D,0,0,,repo_file_state,projectStateDb (sync-project -> syncVersionControlState),versionControlLedger,Rebuilt from git ls-files + git status on each projectStateDb run
pm/checkpoints/20260219T194452Z-0.2.0-beta.1-checkpoint/files/pm/state/project-state.sqlite,1,D,0,0,,repo_file_state,projectStateDb (sync-project -> syncVersionControlState),versionControlLedger,Rebuilt from git ls-files + git status on each projectStateDb run
pm/checkpoints/20260219T194452Z-0.2.0-beta.1-checkpoint/files/pm/state/realm-policy-snapshot.json,1,D,0,0,,repo_file_state,projectStateDb (sync-project -> syncVersionControlState),versionControlLedger,Rebuilt from git ls-files + git status on each projectStateDb run
pm/checkpoints/20260219T194452Z-0.2.0-beta.1-checkpoint/files/pm/state/reasoning-derived.sqlite,1,D,0,0,,repo_file_state,projectStateDb (sync-project -> syncVersionControlState),versionControlLedger,Rebuilt from git ls-files + git status on each projectStateDb run
pm/checkpoints/20260219T194452Z-0.2.0-beta.1-checkpoint/files/pm/state/reasoning-experience.sqlite,1,D,0,0,,repo_file_state,projectStateDb (sync-project -> syncVersionControlState),versionControlLedger,Rebuilt from git ls-files + git status on each projectStateDb run
pm/checkpoints/20260219T194452Z-0.2.0-beta.1-checkpoint/files/preview/afp-diag.json,1,D,0,0,,repo_file_state,projectStateDb (sync-project -> syncVersionControlState),versionControlLedger,Rebuilt from git ls-files + git status on each projectStateDb run
pm/checkpoints/20260219T194452Z-0.2.0-beta.1-checkpoint/files/preview/afp-meta.json,1,D,0,0,,repo_file_state,projectStateDb (sync-project -> syncVersionControlState),versionControlLedger,Rebuilt from git ls-files + git status on each projectStateDb run
pm/checkpoints/20260219T194452Z-0.2.0-beta.1-checkpoint/files/preview/afp-output.html,1,D,0,0,,repo_file_state,projectStateDb (sync-project -> syncVersionControlState),versionControlLedger,Rebuilt from git ls-files + git status on each projectStateDb run
pm/checkpoints/20260219T194452Z-0.2.0-beta.1-checkpoint/files/preview/afp-output.pdf,1,D,0,0,,repo_file_state,projectStateDb (sync-project -> syncVersionControlState),versionControlLedger,Rebuilt from git ls-files + git status on each projectStateDb run
pm/checkpoints/20260219T194452Z-0.2.0-beta.1-checkpoint/files/preview/fidelity-report.json,1,D,0,0,,repo_file_state,projectStateDb (sync-project -> syncVersionControlState),versionControlLedger,Rebuilt from git ls-files + git status on each projectStateDb run
pm/checkpoints/20260219T194452Z-0.2.0-beta.1-checkpoint/files/settings.gradle,1,D,0,0,,repo_file_state,projectStateDb (sync-project -> syncVersionControlState),versionControlLedger,Rebuilt from git ls-files + git status on each projectStateDb run
pm/checkpoints/20260219T194452Z-0.2.0-beta.1-checkpoint/manifest.json,1,D,0,0,,repo_file_state,projectStateDb (sync-project -> syncVersionControlState),versionControlLedger,Rebuilt from git ls-files + git status on each projectStateDb run
pm/checkpoints/20260219T195123Z-0.2.0-beta.1-checkpoint/files/AI-POLICY.md,1,D,0,0,,repo_file_state,projectStateDb (sync-project -> syncVersionControlState),versionControlLedger,Rebuilt from git ls-files + git status on each projectStateDb run
pm/checkpoints/20260219T195123Z-0.2.0-beta.1-checkpoint/files/README.md,1,D,0,0,,repo_file_state,projectStateDb (sync-project -> syncVersionControlState),versionControlLedger,Rebuilt from git ls-files + git status on each projectStateDb run
pm/checkpoints/20260219T195123Z-0.2.0-beta.1-checkpoint/files/SESSION_CHANGELOG.md,1,D,0,0,,repo_file_state,projectStateDb (sync-project -> syncVersionControlState),versionControlLedger,Rebuilt from git ls-files + git status on each projectStateDb run
pm/checkpoints/20260219T195123Z-0.2.0-beta.1-checkpoint/files/VERSION,1,D,0,0,,repo_file_state,projectStateDb (sync-project -> syncVersionControlState),versionControlLedger,Rebuilt from git ls-files + git status on each projectStateDb run
pm/checkpoints/20260219T195123Z-0.2.0-beta.1-checkpoint/files/build.gradle,1,D,0,0,,repo_file_state,projectStateDb (sync-project -> syncVersionControlState),versionControlLedger,Rebuilt from git ls-files + git status on each projectStateDb run
pm/checkpoints/20260219T195123Z-0.2.0-beta.1-checkpoint/files/docs/API.md,1,D,0,0,,repo_file_state,projectStateDb (sync-project -> syncVersionControlState),versionControlLedger,Rebuilt from git ls-files + git status on each projectStateDb run
pm/checkpoints/20260219T195123Z-0.2.0-beta.1-checkpoint/files/docs/NEW_MACHINE_BOOTSTRAP.md,1,D,0,0,,repo_file_state,projectStateDb (sync-project -> syncVersionControlState),versionControlLedger,Rebuilt from git ls-files + git status on each projectStateDb run
pm/checkpoints/20260219T195123Z-0.2.0-beta.1-checkpoint/files/docs/PM_CONSOLE_EXCHANGE_FORMAT.md,1,D,0,0,,repo_file_state,projectStateDb (sync-project -> syncVersionControlState),versionControlLedger,Rebuilt from git ls-files + git status on each projectStateDb run
pm/checkpoints/20260219T195123Z-0.2.0-beta.1-checkpoint/files/docs/PRESENTATION_ID_MIGRATION.md,1,D,0,0,,repo_file_state,projectStateDb (sync-project -> syncVersionControlState),versionControlLedger,Rebuilt from git ls-files + git status on each projectStateDb run
pm/checkpoints/20260219T195123Z-0.2.0-beta.1-checkpoint/files/docs/SQL_FIRST_WORKFLOW.md,1,D,0,0,,repo_file_state,projectStateDb (sync-project -> syncVersionControlState),versionControlLedger,Rebuilt from git ls-files + git status on each projectStateDb run
pm/checkpoints/20260219T195123Z-0.2.0-beta.1-checkpoint/files/docs/boilerplate-sync-candidates.xlsx,1,D,0,0,,repo_file_state,projectStateDb (sync-project -> syncVersionControlState),versionControlLedger,Rebuilt from git ls-files + git status on each projectStateDb run
pm/checkpoints/20260219T195123Z-0.2.0-beta.1-checkpoint/files/docs/issues-log-template.csv,1,D,0,0,,repo_file_state,projectStateDb (sync-project -> syncVersionControlState),versionControlLedger,Rebuilt from git ls-files + git status on each projectStateDb run
pm/checkpoints/20260219T195123Z-0.2.0-beta.1-checkpoint/files/docs/issues-log.csv,1,D,0,0,,repo_file_state,projectStateDb (sync-project -> syncVersionControlState),versionControlLedger,Rebuilt from git ls-files + git status on each projectStateDb run
pm/checkpoints/20260219T195123Z-0.2.0-beta.1-checkpoint/files/docs/policy-governance-events.csv,1,D,0,0,,repo_file_state,projectStateDb (sync-project -> syncVersionControlState),versionControlLedger,Rebuilt from git ls-files + git status on each projectStateDb run
pm/checkpoints/20260219T195123Z-0.2.0-beta.1-checkpoint/files/docs/policy-governance-events.xlsx,1,D,0,0,,repo_file_state,projectStateDb (sync-project -> syncVersionControlState),versionControlLedger,Rebuilt from git ls-files + git status on each projectStateDb run
pm/checkpoints/20260219T195123Z-0.2.0-beta.1-checkpoint/files/docs/project-plan-progress.csv,1,D,0,0,,repo_file_state,projectStateDb (sync-project -> syncVersionControlState),versionControlLedger,Rebuilt from git ls-files + git status on each projectStateDb run
pm/checkpoints/20260219T195123Z-0.2.0-beta.1-checkpoint/files/docs/project-plan-progress.xlsx,1,D,0,0,,repo_file_state,projectStateDb (sync-project -> syncVersionControlState),versionControlLedger,Rebuilt from git ls-files + git status on each projectStateDb run
pm/checkpoints/20260219T195123Z-0.2.0-beta.1-checkpoint/files/docs/project-plan.md,1,D,0,0,,repo_file_state,projectStateDb (sync-project -> syncVersionControlState),versionControlLedger,Rebuilt from git ls-files + git status on each projectStateDb run
pm/checkpoints/20260219T195123Z-0.2.0-beta.1-checkpoint/files/docs/update-packages/README.md,1,D,0,0,,repo_file_state,projectStateDb (sync-project -> syncVersionControlState),versionControlLedger,Rebuilt from git ls-files + git status on each projectStateDb run
pm/checkpoints/20260219T195123Z-0.2.0-beta.1-checkpoint/files/pm/policy/policy-rule-tables.sql,1,D,0,0,,repo_file_state,projectStateDb (sync-project -> syncVersionControlState),versionControlLedger,Rebuilt from git ls-files + git status on each projectStateDb run
pm/checkpoints/20260219T195123Z-0.2.0-beta.1-checkpoint/files/pm/reports/action-decision-suggestions.json,1,D,0,0,,repo_file_state,projectStateDb (sync-project -> syncVersionControlState),versionControlLedger,Rebuilt from git ls-files + git status on each projectStateDb run
pm/checkpoints/20260219T195123Z-0.2.0-beta.1-checkpoint/files/pm/reports/action-ingest-strict.json,1,D,0,0,,repo_file_state,projectStateDb (sync-project -> syncVersionControlState),versionControlLedger,Rebuilt from git ls-files + git status on each projectStateDb run
pm/checkpoints/20260219T195123Z-0.2.0-beta.1-checkpoint/files/pm/reports/action-items.json,1,D,0,0,,repo_file_state,projectStateDb (sync-project -> syncVersionControlState),versionControlLedger,Rebuilt from git ls-files + git status on each projectStateDb run
pm/checkpoints/20260219T195123Z-0.2.0-beta.1-checkpoint/files/pm/reports/action-owner-summary.json,1,D,0,0,,repo_file_state,projectStateDb (sync-project -> syncVersionControlState),versionControlLedger,Rebuilt from git ls-files + git status on each projectStateDb run
pm/checkpoints/20260219T195123Z-0.2.0-beta.1-checkpoint/files/pm/reports/action-sla-trend.json,1,D,0,0,,repo_file_state,projectStateDb (sync-project -> syncVersionControlState),versionControlLedger,Rebuilt from git ls-files + git status on each projectStateDb run
pm/checkpoints/20260219T195123Z-0.2.0-beta.1-checkpoint/files/pm/reports/application-realm-policy.json,1,D,0,0,,repo_file_state,projectStateDb (sync-project -> syncVersionControlState),versionControlLedger,Rebuilt from git ls-files + git status on each projectStateDb run
pm/checkpoints/20260219T195123Z-0.2.0-beta.1-checkpoint/files/pm/reports/boilerplate-package-files-with-context.csv,1,D,0,0,,repo_file_state,projectStateDb (sync-project -> syncVersionControlState),versionControlLedger,Rebuilt from git ls-files + git status on each projectStateDb run
pm/checkpoints/20260219T195123Z-0.2.0-beta.1-checkpoint/files/pm/reports/boilerplate-promotion-status.json,1,D,0,0,,repo_file_state,projectStateDb (sync-project -> syncVersionControlState),versionControlLedger,Rebuilt from git ls-files + git status on each projectStateDb run
pm/checkpoints/20260219T195123Z-0.2.0-beta.1-checkpoint/files/pm/reports/boilerplate-realm-policy.json,1,D,0,0,,repo_file_state,projectStateDb (sync-project -> syncVersionControlState),versionControlLedger,Rebuilt from git ls-files + git status on each projectStateDb run
pm/checkpoints/20260219T195123Z-0.2.0-beta.1-checkpoint/files/pm/reports/cross-realm-action-token-search.json,1,D,0,0,,repo_file_state,projectStateDb (sync-project -> syncVersionControlState),versionControlLedger,Rebuilt from git ls-files + git status on each projectStateDb run
pm/checkpoints/20260219T195123Z-0.2.0-beta.1-checkpoint/files/pm/reports/cross-realm-token-search.json,1,D,0,0,,repo_file_state,projectStateDb (sync-project -> syncVersionControlState),versionControlLedger,Rebuilt from git ls-files + git status on each projectStateDb run
pm/checkpoints/20260219T195123Z-0.2.0-beta.1-checkpoint/files/pm/reports/data-dictionary-lint.json,1,D,0,0,,repo_file_state,projectStateDb (sync-project -> syncVersionControlState),versionControlLedger,Rebuilt from git ls-files + git status on each projectStateDb run
pm/checkpoints/20260219T195123Z-0.2.0-beta.1-checkpoint/files/pm/reports/data-dictionary.json,1,D,0,0,,repo_file_state,projectStateDb (sync-project -> syncVersionControlState),versionControlLedger,Rebuilt from git ls-files + git status on each projectStateDb run
pm/checkpoints/20260219T195123Z-0.2.0-beta.1-checkpoint/files/pm/reports/decision-priority-queue.json,1,D,0,0,,repo_file_state,projectStateDb (sync-project -> syncVersionControlState),versionControlLedger,Rebuilt from git ls-files + git status on each projectStateDb run
pm/checkpoints/20260219T195123Z-0.2.0-beta.1-checkpoint/files/pm/reports/governance-alerts.json,1,D,0,0,,repo_file_state,projectStateDb (sync-project -> syncVersionControlState),versionControlLedger,Rebuilt from git ls-files + git status on each projectStateDb run
pm/checkpoints/20260219T195123Z-0.2.0-beta.1-checkpoint/files/pm/reports/identifier-registry.json,1,D,0,0,,repo_file_state,projectStateDb (sync-project -> syncVersionControlState),versionControlLedger,Rebuilt from git ls-files + git status on each projectStateDb run
pm/checkpoints/20260219T195123Z-0.2.0-beta.1-checkpoint/files/pm/reports/issues-effectiveness.json,1,D,0,0,,repo_file_state,projectStateDb (sync-project -> syncVersionControlState),versionControlLedger,Rebuilt from git ls-files + git status on each projectStateDb run
pm/checkpoints/20260219T195123Z-0.2.0-beta.1-checkpoint/files/pm/reports/issues-log-tickle.json,1,D,0,0,,repo_file_state,projectStateDb (sync-project -> syncVersionControlState),versionControlLedger,Rebuilt from git ls-files + git status on each projectStateDb run
pm/checkpoints/20260219T195123Z-0.2.0-beta.1-checkpoint/files/pm/reports/knowledge-base.json,1,D,0,0,,repo_file_state,projectStateDb (sync-project -> syncVersionControlState),versionControlLedger,Rebuilt from git ls-files + git status on each projectStateDb run
pm/checkpoints/20260219T195123Z-0.2.0-beta.1-checkpoint/files/pm/reports/pm-realm-policy.json,1,D,0,0,,repo_file_state,projectStateDb (sync-project -> syncVersionControlState),versionControlLedger,Rebuilt from git ls-files + git status on each projectStateDb run
pm/checkpoints/20260219T195123Z-0.2.0-beta.1-checkpoint/files/pm/reports/policy-rules-lint.json,1,D,0,0,,repo_file_state,projectStateDb (sync-project -> syncVersionControlState),versionControlLedger,Rebuilt from git ls-files + git status on each projectStateDb run
pm/checkpoints/20260219T195123Z-0.2.0-beta.1-checkpoint/files/pm/reports/policy-rules.json,1,D,0,0,,repo_file_state,projectStateDb (sync-project -> syncVersionControlState),versionControlLedger,Rebuilt from git ls-files + git status on each projectStateDb run
pm/checkpoints/20260219T195123Z-0.2.0-beta.1-checkpoint/files/pm/reports/presentation-ref-lint.json,1,D,0,0,,repo_file_state,projectStateDb (sync-project -> syncVersionControlState),versionControlLedger,Rebuilt from git ls-files + git status on each projectStateDb run
pm/checkpoints/20260219T195123Z-0.2.0-beta.1-checkpoint/files/pm/reports/project-plan-next-step.json,1,D,0,0,,repo_file_state,projectStateDb (sync-project -> syncVersionControlState),versionControlLedger,Rebuilt from git ls-files + git status on each projectStateDb run
pm/checkpoints/20260219T195123Z-0.2.0-beta.1-checkpoint/files/pm/reports/project-plan-progress-data.json,1,D,0,0,,repo_file_state,projectStateDb (sync-project -> syncVersionControlState),versionControlLedger,Rebuilt from git ls-files + git status on each projectStateDb run
pm/checkpoints/20260219T195123Z-0.2.0-beta.1-checkpoint/files/pm/reports/realm-knowledge-link-gate.json,1,D,0,0,,repo_file_state,projectStateDb (sync-project -> syncVersionControlState),versionControlLedger,Rebuilt from git ls-files + git status on each projectStateDb run
pm/checkpoints/20260219T195123Z-0.2.0-beta.1-checkpoint/files/pm/reports/realm-knowledge-sync.json,1,D,0,0,,repo_file_state,projectStateDb (sync-project -> syncVersionControlState),versionControlLedger,Rebuilt from git ls-files + git status on each projectStateDb run
pm/checkpoints/20260219T195123Z-0.2.0-beta.1-checkpoint/files/pm/reports/realm-policy-diff.json,1,D,0,0,,repo_file_state,projectStateDb (sync-project -> syncVersionControlState),versionControlLedger,Rebuilt from git ls-files + git status on each projectStateDb run
pm/checkpoints/20260219T195123Z-0.2.0-beta.1-checkpoint/files/pm/reports/realm-policy-sync.json,1,D,0,0,,repo_file_state,projectStateDb (sync-project -> syncVersionControlState),versionControlLedger,Rebuilt from git ls-files + git status on each projectStateDb run
pm/checkpoints/20260219T195123Z-0.2.0-beta.1-checkpoint/files/pm/reports/reasoning-drive.json,1,D,0,0,,repo_file_state,projectStateDb (sync-project -> syncVersionControlState),versionControlLedger,Rebuilt from git ls-files + git status on each projectStateDb run
pm/checkpoints/20260219T195123Z-0.2.0-beta.1-checkpoint/files/pm/reports/repo-file-inventory-with-context.csv,1,D,0,0,,repo_file_state,projectStateDb (sync-project -> syncVersionControlState),versionControlLedger,Rebuilt from git ls-files + git status on each projectStateDb run
pm/checkpoints/20260219T195123Z-0.2.0-beta.1-checkpoint/files/pm/reports/sql-authority-application.json,1,D,0,0,,repo_file_state,projectStateDb (sync-project -> syncVersionControlState),versionControlLedger,Rebuilt from git ls-files + git status on each projectStateDb run
pm/checkpoints/20260219T195123Z-0.2.0-beta.1-checkpoint/files/pm/reports/sql-authority-boilerplate.json,1,D,0,0,,repo_file_state,projectStateDb (sync-project -> syncVersionControlState),versionControlLedger,Rebuilt from git ls-files + git status on each projectStateDb run
pm/checkpoints/20260219T195123Z-0.2.0-beta.1-checkpoint/files/pm/reports/sql-authority-pm.json,1,D,0,0,,repo_file_state,projectStateDb (sync-project -> syncVersionControlState),versionControlLedger,Rebuilt from git ls-files + git status on each projectStateDb run
pm/checkpoints/20260219T195123Z-0.2.0-beta.1-checkpoint/files/pm/reports/sql-coverage-application.json,1,D,0,0,,repo_file_state,projectStateDb (sync-project -> syncVersionControlState),versionControlLedger,Rebuilt from git ls-files + git status on each projectStateDb run
pm/checkpoints/20260219T195123Z-0.2.0-beta.1-checkpoint/files/pm/reports/sql-coverage-boilerplate.json,1,D,0,0,,repo_file_state,projectStateDb (sync-project -> syncVersionControlState),versionControlLedger,Rebuilt from git ls-files + git status on each projectStateDb run
pm/checkpoints/20260219T195123Z-0.2.0-beta.1-checkpoint/files/pm/reports/sql-coverage-pm.json,1,D,0,0,,repo_file_state,projectStateDb (sync-project -> syncVersionControlState),versionControlLedger,Rebuilt from git ls-files + git status on each projectStateDb run
pm/checkpoints/20260219T195123Z-0.2.0-beta.1-checkpoint/files/pm/reports/sql-reconstruction-application.json,1,D,0,0,,repo_file_state,projectStateDb (sync-project -> syncVersionControlState),versionControlLedger,Rebuilt from git ls-files + git status on each projectStateDb run
pm/checkpoints/20260219T195123Z-0.2.0-beta.1-checkpoint/files/pm/reports/sql-reconstruction-boilerplate.json,1,D,0,0,,repo_file_state,projectStateDb (sync-project -> syncVersionControlState),versionControlLedger,Rebuilt from git ls-files + git status on each projectStateDb run
pm/checkpoints/20260219T195123Z-0.2.0-beta.1-checkpoint/files/pm/reports/sql-reconstruction-pm.json,1,D,0,0,,repo_file_state,projectStateDb (sync-project -> syncVersionControlState),versionControlLedger,Rebuilt from git ls-files + git status on each projectStateDb run
pm/checkpoints/20260219T195123Z-0.2.0-beta.1-checkpoint/files/pm/reports/version-control-ledger.json,1,D,0,0,,repo_file_state,projectStateDb (sync-project -> syncVersionControlState),versionControlLedger,Rebuilt from git ls-files + git status on each projectStateDb run
pm/checkpoints/20260219T195123Z-0.2.0-beta.1-checkpoint/files/pm/reports/version.json,1,D,0,0,,repo_file_state,projectStateDb (sync-project -> syncVersionControlState),versionControlLedger,Rebuilt from git ls-files + git status on each projectStateDb run
pm/checkpoints/20260219T195123Z-0.2.0-beta.1-checkpoint/files/pm/reports/workbook-refresh-status.json,1,D,0,0,,repo_file_state,projectStateDb (sync-project -> syncVersionControlState),versionControlLedger,Rebuilt from git ls-files + git status on each projectStateDb run
pm/checkpoints/20260219T195123Z-0.2.0-beta.1-checkpoint/files/pm/state/action-sla-history.json,1,D,0,0,,repo_file_state,projectStateDb (sync-project -> syncVersionControlState),versionControlLedger,Rebuilt from git ls-files + git status on each projectStateDb run
pm/checkpoints/20260219T195123Z-0.2.0-beta.1-checkpoint/files/pm/state/application-realm.sqlite,1,D,0,0,,repo_file_state,projectStateDb (sync-project -> syncVersionControlState),versionControlLedger,Rebuilt from git ls-files + git status on each projectStateDb run
pm/checkpoints/20260219T195123Z-0.2.0-beta.1-checkpoint/files/pm/state/boilerplate-realm.sqlite,1,D,0,0,,repo_file_state,projectStateDb (sync-project -> syncVersionControlState),versionControlLedger,Rebuilt from git ls-files + git status on each projectStateDb run
pm/checkpoints/20260219T195123Z-0.2.0-beta.1-checkpoint/files/pm/state/boilerplate-state.sqlite,1,D,0,0,,repo_file_state,projectStateDb (sync-project -> syncVersionControlState),versionControlLedger,Rebuilt from git ls-files + git status on each projectStateDb run
pm/checkpoints/20260219T195123Z-0.2.0-beta.1-checkpoint/files/pm/state/pm-realm.sqlite,1,D,0,0,,repo_file_state,projectStateDb (sync-project -> syncVersionControlState),versionControlLedger,Rebuilt from git ls-files + git status on each projectStateDb run
pm/checkpoints/20260219T195123Z-0.2.0-beta.1-checkpoint/files/pm/state/project-state.sqlite,1,D,0,0,,repo_file_state,projectStateDb (sync-project -> syncVersionControlState),versionControlLedger,Rebuilt from git ls-files + git status on each projectStateDb run
pm/checkpoints/20260219T195123Z-0.2.0-beta.1-checkpoint/files/pm/state/realm-policy-snapshot.json,1,D,0,0,,repo_file_state,projectStateDb (sync-project -> syncVersionControlState),versionControlLedger,Rebuilt from git ls-files + git status on each projectStateDb run
pm/checkpoints/20260219T195123Z-0.2.0-beta.1-checkpoint/files/pm/state/reasoning-derived.sqlite,1,D,0,0,,repo_file_state,projectStateDb (sync-project -> syncVersionControlState),versionControlLedger,Rebuilt from git ls-files + git status on each projectStateDb run
pm/checkpoints/20260219T195123Z-0.2.0-beta.1-checkpoint/files/pm/state/reasoning-experience.sqlite,1,D,0,0,,repo_file_state,projectStateDb (sync-project -> syncVersionControlState),versionControlLedger,Rebuilt from git ls-files + git status on each projectStateDb run
pm/checkpoints/20260219T195123Z-0.2.0-beta.1-checkpoint/files/preview/afp-diag.json,1,D,0,0,,repo_file_state,projectStateDb (sync-project -> syncVersionControlState),versionControlLedger,Rebuilt from git ls-files + git status on each projectStateDb run
pm/checkpoints/20260219T195123Z-0.2.0-beta.1-checkpoint/files/preview/afp-meta.json,1,D,0,0,,repo_file_state,projectStateDb (sync-project -> syncVersionControlState),versionControlLedger,Rebuilt from git ls-files + git status on each projectStateDb run
pm/checkpoints/20260219T195123Z-0.2.0-beta.1-checkpoint/files/preview/afp-output.html,1,D,0,0,,repo_file_state,projectStateDb (sync-project -> syncVersionControlState),versionControlLedger,Rebuilt from git ls-files + git status on each projectStateDb run
pm/checkpoints/20260219T195123Z-0.2.0-beta.1-checkpoint/files/preview/afp-output.pdf,1,D,0,0,,repo_file_state,projectStateDb (sync-project -> syncVersionControlState),versionControlLedger,Rebuilt from git ls-files + git status on each projectStateDb run
pm/checkpoints/20260219T195123Z-0.2.0-beta.1-checkpoint/files/preview/fidelity-report.json,1,D,0,0,,repo_file_state,projectStateDb (sync-project -> syncVersionControlState),versionControlLedger,Rebuilt from git ls-files + git status on each projectStateDb run
pm/checkpoints/20260219T195123Z-0.2.0-beta.1-checkpoint/files/settings.gradle,1,D,0,0,,repo_file_state,projectStateDb (sync-project -> syncVersionControlState),versionControlLedger,Rebuilt from git ls-files + git status on each projectStateDb run
pm/checkpoints/20260219T195123Z-0.2.0-beta.1-checkpoint/manifest.json,1,D,0,0,,repo_file_state,projectStateDb (sync-project -> syncVersionControlState),versionControlLedger,Rebuilt from git ls-files + git status on each projectStateDb run
pm/checkpoints/index.json,1,D,0,0,,repo_file_state,projectStateDb (sync-project -> syncVersionControlState),versionControlLedger,Rebuilt from git ls-files + git status on each projectStateDb run
pm/pm,0,??,0,0,,repo_file_state,projectStateDb (sync-project -> syncVersionControlState),versionControlLedger,Rebuilt from git ls-files + git status on each projectStateDb run
pm/policy/policy-rule-tables.sql,1,D,0,0,,repo_file_state,projectStateDb (sync-project -> syncVersionControlState),versionControlLedger,Rebuilt from git ls-files + git status on each projectStateDb run
pm/reports/action-decision-suggestions.json,1,M,1,2944,b1b7a9e6457128a76877fab4140c9ddb712a30122acbfb94dc7d0fb1915a0fba,repo_file_state,projectStateDb (sync-project -> syncVersionControlState),versionControlLedger,Rebuilt from git ls-files + git status on each projectStateDb run
pm/reports/action-ingest-strict.json,1,M,1,254,ba651e13c2a8e1424725382c32f0e20cd5fdfd014aa291d88a1b01bf61e1071d,repo_file_state,projectStateDb (sync-project -> syncVersionControlState),versionControlLedger,Rebuilt from git ls-files + git status on each projectStateDb run
pm/reports/action-items.json,1,M,1,2101,0d94c79672bad86a024b455226f0b4d1f90bda632366166b53e277a03b172ef7,repo_file_state,projectStateDb (sync-project -> syncVersionControlState),versionControlLedger,Rebuilt from git ls-files + git status on each projectStateDb run
pm/reports/action-owner-summary.json,1,M,1,282,878185be488674a9fd170a110621661cf8c9d9c76b2a5415670f3fffd7d3c09a,repo_file_state,projectStateDb (sync-project -> syncVersionControlState),versionControlLedger,Rebuilt from git ls-files + git status on each projectStateDb run
pm/reports/action-sla-trend.json,1,M,1,642,5aa557ed68cac9924b0c26cd760dd61f81b008127a332644a8e175ec6b32972b,repo_file_state,projectStateDb (sync-project -> syncVersionControlState),versionControlLedger,Rebuilt from git ls-files + git status on each projectStateDb run
pm/reports/application-realm-policy.json,1,M,1,23969,740d9cf000bc8e62339f8b948a358c4e17298019041fc62e30d2e199792b8fc0,repo_file_state,projectStateDb (sync-project -> syncVersionControlState),versionControlLedger,Rebuilt from git ls-files + git status on each projectStateDb run
pm/reports/application-realm-token-search.json,1,D,0,0,,repo_file_state,projectStateDb (sync-project -> syncVersionControlState),versionControlLedger,Rebuilt from git ls-files + git status on each projectStateDb run
pm/reports/boilerplate-package-files-with-context.csv,1,,1,31370,c562184d107e7a7efda90b2d2738e4dfc7a08ac269b4468ef69b2bac08984818,repo_file_state,projectStateDb (sync-project -> syncVersionControlState),versionControlLedger,Rebuilt from git ls-files + git status on each projectStateDb run
pm/reports/boilerplate-promotion-status.json,1,M,1,12337,13d2f129ecd9e3f9e8194456f14cc74c23684f38d5f71b5ec09aae655d6b3d8e,repo_file_state,projectStateDb (sync-project -> syncVersionControlState),versionControlLedger,Rebuilt from git ls-files + git status on each projectStateDb run
pm/reports/boilerplate-realm-policy.json,1,M,1,24934,f0765fd7546bcd02414ce13005abb77e0c44688ddc8bd6def6822670a91743ae,repo_file_state,projectStateDb (sync-project -> syncVersionControlState),versionControlLedger,Rebuilt from git ls-files + git status on each projectStateDb run
pm/reports/cross-realm-action-token-search.json,1,M,1,122,09da113167fa1cc344a7c259fa4009f2820429584bc502ea2c5a2c19cbd8cdf9,repo_file_state,projectStateDb (sync-project -> syncVersionControlState),versionControlLedger,Rebuilt from git ls-files + git status on each projectStateDb run
pm/reports/cross-realm-token-search.json,1,M,1,4398,46a5414a0c3e3ce3cb62e6ae493c542c316261812b2e46afaecdd9f627fb3cd1,repo_file_state,projectStateDb (sync-project -> syncVersionControlState),versionControlLedger,Rebuilt from git ls-files + git status on each projectStateDb run
pm/reports/data-dictionary-lint.json,1,M,1,822,9643bc3a880ce7f7649cc64147f33b1f03368408afd8fe34acb8713a53bd9eb2,repo_file_state,projectStateDb (sync-project -> syncVersionControlState),versionControlLedger,Rebuilt from git ls-files + git status on each projectStateDb run
pm/reports/data-dictionary.json,1,M,1,14793,4553e69eb08bbb98b88332acc00d32b4f702dba33e64b71d58361e1a38de6e64,repo_file_state,projectStateDb (sync-project -> syncVersionControlState),versionControlLedger,Rebuilt from git ls-files + git status on each projectStateDb run
pm/reports/decision-priority-queue.json,1,M,1,3751,f535941cd01ed09bb73aeb33934d611e98e6f2dc450adeb52322f9ba19439b16,repo_file_state,projectStateDb (sync-project -> syncVersionControlState),versionControlLedger,Rebuilt from git ls-files + git status on each projectStateDb run
pm/reports/documentation-manifest.json,1,M,1,17174,b2ad006cc838325e57971f88100bf48f8da84f7d0b89884a6843a4afe8ae1df4,repo_file_state,projectStateDb (sync-project -> syncVersionControlState),versionControlLedger,Rebuilt from git ls-files + git status on each projectStateDb run
pm/reports/environment-dashboard.json,1,M,1,515,b82ae6044abfa8845edecb13c4f6720c184069b87556edce63335abad28b90ee,repo_file_state,projectStateDb (sync-project -> syncVersionControlState),versionControlLedger,Rebuilt from git ls-files + git status on each projectStateDb run
pm/reports/environment-health.json,1,M,1,1537,76a0842e2b83df0f46e3d93a28be8fd010b5e2d2a3ef5eae24940b951a5b8760,repo_file_state,projectStateDb (sync-project -> syncVersionControlState),versionControlLedger,Rebuilt from git ls-files + git status on each projectStateDb run
pm/reports/governance-alerts.json,1,M,1,4162,0169f4fc54efa1e61a3aa4e1553406c884bc1ba780a3d53842844ceecc9ea40a,repo_file_state,projectStateDb (sync-project -> syncVersionControlState),versionControlLedger,Rebuilt from git ls-files + git status on each projectStateDb run
pm/reports/identifier-registry.json,1,M,1,50759,564197220f555db6e863f45ccb3e131c915315640c8a397d051516209a18c1a5,repo_file_state,projectStateDb (sync-project -> syncVersionControlState),versionControlLedger,Rebuilt from git ls-files + git status on each projectStateDb run
pm/reports/issues-effectiveness.json,1,M,1,4979,7a8fca77e91e7fe4337e03ec9ec6b7bddcab5f52bf8d0c999f954cf9e20b7f84,repo_file_state,projectStateDb (sync-project -> syncVersionControlState),versionControlLedger,Rebuilt from git ls-files + git status on each projectStateDb run
pm/reports/issues-log-tickle.json,1,M,1,3525,035f050868e7682414ae2fbb20f2beedc62edcbcb9a84507b0122a6afd3b7683,repo_file_state,projectStateDb (sync-project -> syncVersionControlState),versionControlLedger,Rebuilt from git ls-files + git status on each projectStateDb run
pm/reports/knowledge-base.json,1,M,1,13637,5ad4a56a0e5cdf6960e422f420aa97940586577742110914cf30be315b08bb93,repo_file_state,projectStateDb (sync-project -> syncVersionControlState),versionControlLedger,Rebuilt from git ls-files + git status on each projectStateDb run
pm/reports/pm-console-stale-cleanup.json,1,M,1,509,e695f381598a7aa4a6a93c2e118dc00a44520df544e3d42f5b56d4a46a89d86e,repo_file_state,projectStateDb (sync-project -> syncVersionControlState),versionControlLedger,Rebuilt from git ls-files + git status on each projectStateDb run
pm/reports/pm-realm-policy.json,1,M,1,23230,3268252be90c57fec8b2c5afcb59b630074b9c24721ec3c1ae33b1500676bb8f,repo_file_state,projectStateDb (sync-project -> syncVersionControlState),versionControlLedger,Rebuilt from git ls-files + git status on each projectStateDb run
pm/reports/pm-realm-token-search.json,1,D,0,0,,repo_file_state,projectStateDb (sync-project -> syncVersionControlState),versionControlLedger,Rebuilt from git ls-files + git status on each projectStateDb run
pm/reports/policy-rules-lint.json,1,M,1,487,96259946aefc5252d31ed5b38711509cbbf5cc5bad65dfaf23099753a763f509,repo_file_state,projectStateDb (sync-project -> syncVersionControlState),versionControlLedger,Rebuilt from git ls-files + git status on each projectStateDb run
pm/reports/policy-rules.json,1,M,1,28914,0caa8d2179958f902e0558272f290ea16a08e4baee6345c63acd379e09e10990,repo_file_state,projectStateDb (sync-project -> syncVersionControlState),versionControlLedger,Rebuilt from git ls-files + git status on each projectStateDb run
pm/reports/presentation-ref-lint.json,1,M,1,398,5ad090e5c787da962bdce1c5522eeeeaf6fc8fcada414abaca87845cfe8c53ef,repo_file_state,projectStateDb (sync-project -> syncVersionControlState),versionControlLedger,Rebuilt from git ls-files + git status on each projectStateDb run
pm/reports/project-plan-next-step.json,1,M,1,5064,09699d91522e031da9c5962e865980bf626b1df31f975c3f32020ec732b1f899,repo_file_state,projectStateDb (sync-project -> syncVersionControlState),versionControlLedger,Rebuilt from git ls-files + git status on each projectStateDb run
pm/reports/project-plan-progress-data.json,1,M,1,15544,9bd638e9d7722ceb002d023d36d11a4219ab8185c897a7d39bf803d56b16fa5a,repo_file_state,projectStateDb (sync-project -> syncVersionControlState),versionControlLedger,Rebuilt from git ls-files + git status on each projectStateDb run
pm/reports/realm-knowledge-link-gate.json,1,M,1,837,05cbfb3a9ec6501c7004c3d4dadbf77b3677206059887d217a22173d4f5bc98f,repo_file_state,projectStateDb (sync-project -> syncVersionControlState),versionControlLedger,Rebuilt from git ls-files + git status on each projectStateDb run
pm/reports/realm-knowledge-sync.json,1,M,1,1077,cca9a9894a0fc98ab5e2b8f77001f56111ac19ab76440b563221918c3a98d078,repo_file_state,projectStateDb (sync-project -> syncVersionControlState),versionControlLedger,Rebuilt from git ls-files + git status on each projectStateDb run
pm/reports/realm-policy-diff.json,1,M,1,660,c77dc1bc32f210830ef1664d565aacbf00ff3d3cf217e4a609c200c3e976c12d,repo_file_state,projectStateDb (sync-project -> syncVersionControlState),versionControlLedger,Rebuilt from git ls-files + git status on each projectStateDb run
pm/reports/realm-policy-sync.json,1,M,1,456,79bde0227c126ad025c62546a2979e46c1d19af09815ef190c34f713c15b504b,repo_file_state,projectStateDb (sync-project -> syncVersionControlState),versionControlLedger,Rebuilt from git ls-files + git status on each projectStateDb run
pm/reports/reasoning-drive.json,1,M,1,3507,782d99623f3d9dd21b509e014208907aabcc54feecd84509dfd4fa6612d5057b,repo_file_state,projectStateDb (sync-project -> syncVersionControlState),versionControlLedger,Rebuilt from git ls-files + git status on each projectStateDb run
pm/reports/recovery-status.json,1,D,0,0,,repo_file_state,projectStateDb (sync-project -> syncVersionControlState),versionControlLedger,Rebuilt from git ls-files + git status on each projectStateDb run
pm/reports/remanifest-drill.json,1,D,0,0,,repo_file_state,projectStateDb (sync-project -> syncVersionControlState),versionControlLedger,Rebuilt from git ls-files + git status on each projectStateDb run
pm/reports/repo-file-inventory-with-context.csv,1,M,1,260559,8f740dfc35427c19952daa8557e0ba1c2abb788d00e91cce865e70e9e2aa15ad,repo_file_state,projectStateDb (sync-project -> syncVersionControlState),versionControlLedger,Rebuilt from git ls-files + git status on each projectStateDb run
pm/reports/sql-authority-application.json,1,M,1,226,bdf405f373d9f25a95504179e5d5ff27932d0b2e68975e4e2d5e7c91375a85c5,repo_file_state,projectStateDb (sync-project -> syncVersionControlState),versionControlLedger,Rebuilt from git ls-files + git status on each projectStateDb run
pm/reports/sql-authority-boilerplate.json,1,M,1,226,a8c3ca95a0288eefcd3a0c5749d55db5cb5d839344c38385e94970de67cf757a,repo_file_state,projectStateDb (sync-project -> syncVersionControlState),versionControlLedger,Rebuilt from git ls-files + git status on each projectStateDb run
pm/reports/sql-authority-pm.json,1,M,1,218,6e8aed13f75ac0c6d9e38862175300aa9e9c28246681cec144ce47a2e21c4a58,repo_file_state,projectStateDb (sync-project -> syncVersionControlState),versionControlLedger,Rebuilt from git ls-files + git status on each projectStateDb run
pm/reports/sql-coverage-application.json,1,M,1,330,518afbd31d90e2f111d9d73f5562645edf3a9dd50fcb9bde083b0cf526a4bfd4,repo_file_state,projectStateDb (sync-project -> syncVersionControlState),versionControlLedger,Rebuilt from git ls-files + git status on each projectStateDb run
pm/reports/sql-coverage-boilerplate.json,1,M,1,330,31097fe5ca05cceddf220ad00d3b6f0e8f3ca881b6077aff4793568e895c75a7,repo_file_state,projectStateDb (sync-project -> syncVersionControlState),versionControlLedger,Rebuilt from git ls-files + git status on each projectStateDb run
pm/reports/sql-coverage-pm.json,1,M,1,321,bb192a64d3a2191eaa8658c60ef0314df2518291cdaa76ddba74936960d66fed,repo_file_state,projectStateDb (sync-project -> syncVersionControlState),versionControlLedger,Rebuilt from git ls-files + git status on each projectStateDb run
pm/reports/sql-drift-summary.json,1,D,0,0,,repo_file_state,projectStateDb (sync-project -> syncVersionControlState),versionControlLedger,Rebuilt from git ls-files + git status on each projectStateDb run
pm/reports/sql-reconstruction-application.json,1,M,1,227,8d8eee12bf8e7e4029e154715fe2a521c6915807a57e1e7a62fdc4b0ab49bc14,repo_file_state,projectStateDb (sync-project -> syncVersionControlState),versionControlLedger,Rebuilt from git ls-files + git status on each projectStateDb run
pm/reports/sql-reconstruction-boilerplate.json,1,M,1,227,eeaada9fbb7ceddfa35fafdf5685ae718ce394e4b0d062407dc1668bea670218,repo_file_state,projectStateDb (sync-project -> syncVersionControlState),versionControlLedger,Rebuilt from git ls-files + git status on each projectStateDb run
pm/reports/sql-reconstruction-pm.json,1,M,1,218,455051f10ba5ae683ddf47aa1471bd78ff9805637a38c295bf288ac2d8f5c18b,repo_file_state,projectStateDb (sync-project -> syncVersionControlState),versionControlLedger,Rebuilt from git ls-files + git status on each projectStateDb run
pm/reports/version-control-ledger.json,1,M,1,241862,41d615ef275f7f9b9fbf2f7a857fe22316c4977b478d93dbe843bcdf109b9640,repo_file_state,projectStateDb (sync-project -> syncVersionControlState),versionControlLedger,Rebuilt from git ls-files + git status on each projectStateDb run
pm/reports/version.json,1,M,1,208,f00ff5812affbc4c0070673cad67fdffdfa633211c2b1bc93977fca831b565d2,repo_file_state,projectStateDb (sync-project -> syncVersionControlState),versionControlLedger,Rebuilt from git ls-files + git status on each projectStateDb run
pm/reports/workbook-refresh-status.json,1,D,0,0,,repo_file_state,projectStateDb (sync-project -> syncVersionControlState),versionControlLedger,Rebuilt from git ls-files + git status on each projectStateDb run
pm/security/authorized-databases.json,1,D,0,0,,repo_file_state,projectStateDb (sync-project -> syncVersionControlState),versionControlLedger,Rebuilt from git ls-files + git status on each projectStateDb run
pm/state/action-sla-history.json,1,M,1,463,7e02e0059993344a4823a105347753b6f1fe1ea2bbb45943ec29ed0f293afc84,repo_file_state,projectStateDb (sync-project -> syncVersionControlState),versionControlLedger,Rebuilt from git ls-files + git status on each projectStateDb run
pm/state/application-realm.sqlite,1,M,1,4497408,e39a727b4aeadd37fb184092707ddc91b5b6e25fbf1d2dc01c7e7979511d48eb,repo_file_state,projectStateDb (sync-project -> syncVersionControlState),versionControlLedger,Rebuilt from git ls-files + git status on each projectStateDb run
pm/state/boilerplate-realm.sqlite,1,M,1,2560000,046120e4872d20f0b09137b5dcba896620dbf053518d8bf25d3526c74650e13a,repo_file_state,projectStateDb (sync-project -> syncVersionControlState),versionControlLedger,Rebuilt from git ls-files + git status on each projectStateDb run
pm/state/boilerplate-state.sqlite,1,M,1,90112,5d83c38e9f70250dfce7f326b5ae24071b8ad68a275ca3a0e82a0ff214510b4b,repo_file_state,projectStateDb (sync-project -> syncVersionControlState),versionControlLedger,Rebuilt from git ls-files + git status on each projectStateDb run
pm/state/critical-db-sha256.txt,1,,1,690,72271db7f38f5bf5d43817f61bc76d8b62d75f62a4e1199092be431c5fb79ba1,repo_file_state,projectStateDb (sync-project -> syncVersionControlState),versionControlLedger,Rebuilt from git ls-files + git status on each projectStateDb run
pm/state/managed-delete-manifest.txt,1,,1,17719,8cb40cd57143f28ccd75a04877129b1e04629db60d3274396326fff04aa1b644,repo_file_state,projectStateDb (sync-project -> syncVersionControlState),versionControlLedger,Rebuilt from git ls-files + git status on each projectStateDb run
pm/state/pm-console-stale-history.json,1,M,1,1690,641a3ee313534f987b68b5991c8da29b6510b997821ee71c99f72533a7e30cee,repo_file_state,projectStateDb (sync-project -> syncVersionControlState),versionControlLedger,Rebuilt from git ls-files + git status on each projectStateDb run
pm/state/pm-realm.sqlite,1,M,1,24350720,cd72bc2d8c8769d32cfc62e4e80363e8171c403d1ecdbc9d21b918526f6c5cfa,repo_file_state,projectStateDb (sync-project -> syncVersionControlState),versionControlLedger,Rebuilt from git ls-files + git status on each projectStateDb run
pm/state/project-state.sqlite,1,M,1,565248,41a797132b4e1ffdae937a9fbd58fd210b2c13a450c0e4c4efa74df59f8cae93,repo_file_state,projectStateDb (sync-project -> syncVersionControlState),versionControlLedger,Rebuilt from git ls-files + git status on each projectStateDb run
pm/state/realm-policy-snapshot.json,1,M,1,79566,1713a42d1ee9ca35db62c4bdc8043df3efb190d03535a8af36998586e0e2985d,repo_file_state,projectStateDb (sync-project -> syncVersionControlState),versionControlLedger,Rebuilt from git ls-files + git status on each projectStateDb run
pm/state/reasoning-derived.sqlite,1,M,1,24576,c0a15b8841b7c73dc65afa1672cfd11e4ab4ac3019111faca53f5b2886999317,repo_file_state,projectStateDb (sync-project -> syncVersionControlState),versionControlLedger,Rebuilt from git ls-files + git status on each projectStateDb run
pm/state/reasoning-experience.sqlite,1,M,1,28672,db17069cb9f39971d33678ba42f1cdc6a211c3c9e597efa374aa79376ec63ae9,repo_file_state,projectStateDb (sync-project -> syncVersionControlState),versionControlLedger,Rebuilt from git ls-files + git status on each projectStateDb run
pm/workflow/binary-artifact-policy.txt,1,D,0,0,,repo_file_state,projectStateDb (sync-project -> syncVersionControlState),versionControlLedger,Rebuilt from git ls-files + git status on each projectStateDb run
pm/workflow/minimal-snapshot-keep.txt,1,D,0,0,,repo_file_state,projectStateDb (sync-project -> syncVersionControlState),versionControlLedger,Rebuilt from git ls-files + git status on each projectStateDb run
pm/workflow/realm-managed-manifest.json,1,D,0,0,,repo_file_state,projectStateDb (sync-project -> syncVersionControlState),versionControlLedger,Rebuilt from git ls-files + git status on each projectStateDb run
pm/workflow/workflow-manifest.json,1,D,0,0,,repo_file_state,projectStateDb (sync-project -> syncVersionControlState),versionControlLedger,Rebuilt from git ls-files + git status on each projectStateDb run
policy/,0,??,1,128,,repo_file_state,projectStateDb (sync-project -> syncVersionControlState),versionControlLedger,Rebuilt from git ls-files + git status on each projectStateDb run
preview/afp-diag.json,1,,1,15959,a86944092b6ef9e0761e99481e32841052928cbbcf130ad08e75f813ad2f2a56,repo_file_state,projectStateDb (sync-project -> syncVersionControlState),versionControlLedger,Rebuilt from git ls-files + git status on each projectStateDb run
preview/afp-meta.json,1,,1,59533,d2d8d379db1f5f0cc38b7c59ec32648aa8029aea109b860cb2c3722ced44c2c1,repo_file_state,projectStateDb (sync-project -> syncVersionControlState),versionControlLedger,Rebuilt from git ls-files + git status on each projectStateDb run
preview/afp-output.html,1,,1,3461,f9028529313a32541fadf1c16ac3deb8f209a6970046bbe83a2805afa186ef9b,repo_file_state,projectStateDb (sync-project -> syncVersionControlState),versionControlLedger,Rebuilt from git ls-files + git status on each projectStateDb run
preview/afp-output.pdf,1,M,1,1957,70ddce93a30731cb96d998e728158fab4cb79c43d8391d8b4793ae54a4731219,repo_file_state,projectStateDb (sync-project -> syncVersionControlState),versionControlLedger,Rebuilt from git ls-files + git status on each projectStateDb run
preview/ci-artifacts/latest/AI-POLICY.md,1,,1,22166,b47c9f49c5c21b7ffb3aebe47aaa3856b288dfb33c405f0742137bef8a78dac8,repo_file_state,projectStateDb (sync-project -> syncVersionControlState),versionControlLedger,Rebuilt from git ls-files + git status on each projectStateDb run
preview/ci-artifacts/latest/NATIVE_RENDERER_PLAN.md,1,,1,6528,c48ff48d8f9b0e36a4afbd14e02ac60e2c335b2439c64055a8bbb7b357645391,repo_file_state,projectStateDb (sync-project -> syncVersionControlState),versionControlLedger,Rebuilt from git ls-files + git status on each projectStateDb run
preview/ci-artifacts/latest/PRESENTATION_ID_MIGRATION.md,1,,1,895,30ba16906901115d798d706cfe603c981e1de15e4b318597ea50079d6a0596d3,repo_file_state,projectStateDb (sync-project -> syncVersionControlState),versionControlLedger,Rebuilt from git ls-files + git status on each projectStateDb run
preview/ci-artifacts/latest/SESSION_CHANGELOG.md,1,M,1,65575,3dfd0f59abf5526d69f15694c5c903319a5ab998e06c6d097b36c79e5252a171,repo_file_state,projectStateDb (sync-project -> syncVersionControlState),versionControlLedger,Rebuilt from git ls-files + git status on each projectStateDb run
preview/ci-artifacts/latest/VERSION,1,,1,13,214374e4ab6ceb79d5fa5ff001fe9bbcbea31c3fd8c6bd42d48e7efaf6b2ce9f,repo_file_state,projectStateDb (sync-project -> syncVersionControlState),versionControlLedger,Rebuilt from git ls-files + git status on each projectStateDb run
preview/ci-artifacts/latest/action-decision-suggestions.json,1,M,1,2944,b1b7a9e6457128a76877fab4140c9ddb712a30122acbfb94dc7d0fb1915a0fba,repo_file_state,projectStateDb (sync-project -> syncVersionControlState),versionControlLedger,Rebuilt from git ls-files + git status on each projectStateDb run
preview/ci-artifacts/latest/action-ingest-strict.json,1,M,1,254,ba651e13c2a8e1424725382c32f0e20cd5fdfd014aa291d88a1b01bf61e1071d,repo_file_state,projectStateDb (sync-project -> syncVersionControlState),versionControlLedger,Rebuilt from git ls-files + git status on each projectStateDb run
preview/ci-artifacts/latest/action-items.json,1,M,1,2101,0d94c79672bad86a024b455226f0b4d1f90bda632366166b53e277a03b172ef7,repo_file_state,projectStateDb (sync-project -> syncVersionControlState),versionControlLedger,Rebuilt from git ls-files + git status on each projectStateDb run
preview/ci-artifacts/latest/action-owner-summary.json,1,M,1,282,878185be488674a9fd170a110621661cf8c9d9c76b2a5415670f3fffd7d3c09a,repo_file_state,projectStateDb (sync-project -> syncVersionControlState),versionControlLedger,Rebuilt from git ls-files + git status on each projectStateDb run
preview/ci-artifacts/latest/action-sla-history.json,1,M,1,463,7e02e0059993344a4823a105347753b6f1fe1ea2bbb45943ec29ed0f293afc84,repo_file_state,projectStateDb (sync-project -> syncVersionControlState),versionControlLedger,Rebuilt from git ls-files + git status on each projectStateDb run
preview/ci-artifacts/latest/action-sla-trend.json,1,M,1,642,5aa557ed68cac9924b0c26cd760dd61f81b008127a332644a8e175ec6b32972b,repo_file_state,projectStateDb (sync-project -> syncVersionControlState),versionControlLedger,Rebuilt from git ls-files + git status on each projectStateDb run
preview/ci-artifacts/latest/afp-diag.json,1,,1,15959,a86944092b6ef9e0761e99481e32841052928cbbcf130ad08e75f813ad2f2a56,repo_file_state,projectStateDb (sync-project -> syncVersionControlState),versionControlLedger,Rebuilt from git ls-files + git status on each projectStateDb run
preview/ci-artifacts/latest/afp-meta.json,1,,1,59533,d2d8d379db1f5f0cc38b7c59ec32648aa8029aea109b860cb2c3722ced44c2c1,repo_file_state,projectStateDb (sync-project -> syncVersionControlState),versionControlLedger,Rebuilt from git ls-files + git status on each projectStateDb run
preview/ci-artifacts/latest/afp-output.html,1,,1,3461,f9028529313a32541fadf1c16ac3deb8f209a6970046bbe83a2805afa186ef9b,repo_file_state,projectStateDb (sync-project -> syncVersionControlState),versionControlLedger,Rebuilt from git ls-files + git status on each projectStateDb run
preview/ci-artifacts/latest/afp-output.pdf,1,M,1,1957,70ddce93a30731cb96d998e728158fab4cb79c43d8391d8b4793ae54a4731219,repo_file_state,projectStateDb (sync-project -> syncVersionControlState),versionControlLedger,Rebuilt from git ls-files + git status on each projectStateDb run
preview/ci-artifacts/latest/application-realm-policy.json,1,M,1,23969,740d9cf000bc8e62339f8b948a358c4e17298019041fc62e30d2e199792b8fc0,repo_file_state,projectStateDb (sync-project -> syncVersionControlState),versionControlLedger,Rebuilt from git ls-files + git status on each projectStateDb run
preview/ci-artifacts/latest/application-realm.sqlite,1,M,1,4497408,013e148ad3200f3c1473420879d79d7a37010c89015d417c51d9a56ef2c1456d,repo_file_state,projectStateDb (sync-project -> syncVersionControlState),versionControlLedger,Rebuilt from git ls-files + git status on each projectStateDb run
preview/ci-artifacts/latest/boilerplate-package-files-with-context.csv,1,,1,31370,c562184d107e7a7efda90b2d2738e4dfc7a08ac269b4468ef69b2bac08984818,repo_file_state,projectStateDb (sync-project -> syncVersionControlState),versionControlLedger,Rebuilt from git ls-files + git status on each projectStateDb run
preview/ci-artifacts/latest/boilerplate-promotion-status.json,1,M,1,12337,13d2f129ecd9e3f9e8194456f14cc74c23684f38d5f71b5ec09aae655d6b3d8e,repo_file_state,projectStateDb (sync-project -> syncVersionControlState),versionControlLedger,Rebuilt from git ls-files + git status on each projectStateDb run
preview/ci-artifacts/latest/boilerplate-realm-policy.json,1,M,1,24934,f0765fd7546bcd02414ce13005abb77e0c44688ddc8bd6def6822670a91743ae,repo_file_state,projectStateDb (sync-project -> syncVersionControlState),versionControlLedger,Rebuilt from git ls-files + git status on each projectStateDb run
preview/ci-artifacts/latest/boilerplate-realm.sqlite,1,M,1,2560000,04c996eb50004afb1655f87b4fd9fc3adbb93c8ce671d7e1af6c63f48ff4241b,repo_file_state,projectStateDb (sync-project -> syncVersionControlState),versionControlLedger,Rebuilt from git ls-files + git status on each projectStateDb run
preview/ci-artifacts/latest/boilerplate-state.sqlite,1,M,1,90112,5d83c38e9f70250dfce7f326b5ae24071b8ad68a275ca3a0e82a0ff214510b4b,repo_file_state,projectStateDb (sync-project -> syncVersionControlState),versionControlLedger,Rebuilt from git ls-files + git status on each projectStateDb run
preview/ci-artifacts/latest/boilerplate-sync-candidates.xlsx,1,,1,9849,bf97c3e2accb6059e259add11b8cb60767292e71919a1d94e3e63263612a55b2,repo_file_state,projectStateDb (sync-project -> syncVersionControlState),versionControlLedger,Rebuilt from git ls-files + git status on each projectStateDb run
preview/ci-artifacts/latest/cross-realm-action-token-search.json,1,M,1,122,d0d2d2a3b0123c1b6e6c0eee9a20afd1379b1461faf573621602d17d41267ab4,repo_file_state,projectStateDb (sync-project -> syncVersionControlState),versionControlLedger,Rebuilt from git ls-files + git status on each projectStateDb run
preview/ci-artifacts/latest/cross-realm-token-search.json,1,M,1,36832,b989aba7b36c4518d70a88ff3b8f7b655b483f57ded9f507da0ddd4758f1c89c,repo_file_state,projectStateDb (sync-project -> syncVersionControlState),versionControlLedger,Rebuilt from git ls-files + git status on each projectStateDb run
preview/ci-artifacts/latest/data-dictionary-lint.json,1,M,1,822,73766d3ce11edd78684322a903ff2325e395206b0311dfb051d372b1de75ffc2,repo_file_state,projectStateDb (sync-project -> syncVersionControlState),versionControlLedger,Rebuilt from git ls-files + git status on each projectStateDb run
preview/ci-artifacts/latest/data-dictionary.json,1,M,1,14793,b8adb4bca193a39cfc0a382ba586f9c65ebe65517d0450151dfc6262c691399d,repo_file_state,projectStateDb (sync-project -> syncVersionControlState),versionControlLedger,Rebuilt from git ls-files + git status on each projectStateDb run
preview/ci-artifacts/latest/decision-priority-queue.json,1,M,1,3751,f535941cd01ed09bb73aeb33934d611e98e6f2dc450adeb52322f9ba19439b16,repo_file_state,projectStateDb (sync-project -> syncVersionControlState),versionControlLedger,Rebuilt from git ls-files + git status on each projectStateDb run
preview/ci-artifacts/latest/documentation-manifest.json,1,M,1,17174,b2ad006cc838325e57971f88100bf48f8da84f7d0b89884a6843a4afe8ae1df4,repo_file_state,projectStateDb (sync-project -> syncVersionControlState),versionControlLedger,Rebuilt from git ls-files + git status on each projectStateDb run
preview/ci-artifacts/latest/environment-dashboard.json,1,M,1,515,4bb9200db061bd6160d4ca3394f971e598213cdc8443cac34f8b8e089d5159f3,repo_file_state,projectStateDb (sync-project -> syncVersionControlState),versionControlLedger,Rebuilt from git ls-files + git status on each projectStateDb run
preview/ci-artifacts/latest/environment-health.json,1,M,1,1482,12386c6f38b1e24735785f31e35f55c52bc8fdaeda169ffe5e50a4ab704141fd,repo_file_state,projectStateDb (sync-project -> syncVersionControlState),versionControlLedger,Rebuilt from git ls-files + git status on each projectStateDb run
preview/ci-artifacts/latest/fidelity-corpus.txt,1,,1,153,e3750b6d368a66e26ac0885f120f4eaa9e3064393c2d396fbda6d942d80b8f32,repo_file_state,projectStateDb (sync-project -> syncVersionControlState),versionControlLedger,Rebuilt from git ls-files + git status on each projectStateDb run
preview/ci-artifacts/latest/fidelity-report.json,1,,1,2384,814e3f5ed0f58f5f5b0130e4f915656b877aaa38e31f27e41d13d535ad48820e,repo_file_state,projectStateDb (sync-project -> syncVersionControlState),versionControlLedger,Rebuilt from git ls-files + git status on each projectStateDb run
preview/ci-artifacts/latest/governance-alerts.json,1,M,1,4162,e59abf313554baeea625968171088a56bea0fd573a31a965f1ec4889b60c6771,repo_file_state,projectStateDb (sync-project -> syncVersionControlState),versionControlLedger,Rebuilt from git ls-files + git status on each projectStateDb run
preview/ci-artifacts/latest/identifier-registry.json,1,M,1,50759,eb6210361747849a62088c40c4dca68887f7e762ca0a67ebf78f5d5b009182d3,repo_file_state,projectStateDb (sync-project -> syncVersionControlState),versionControlLedger,Rebuilt from git ls-files + git status on each projectStateDb run
preview/ci-artifacts/latest/index.json,1,M,1,16545,e7e3c3300b86e2d3224126ee9e1565ac16f0efbe9c5656f9ba75f15f8a033490,repo_file_state,projectStateDb (sync-project -> syncVersionControlState),versionControlLedger,Rebuilt from git ls-files + git status on each projectStateDb run
preview/ci-artifacts/latest/issues-effectiveness.json,1,M,1,4979,7a8fca77e91e7fe4337e03ec9ec6b7bddcab5f52bf8d0c999f954cf9e20b7f84,repo_file_state,projectStateDb (sync-project -> syncVersionControlState),versionControlLedger,Rebuilt from git ls-files + git status on each projectStateDb run
preview/ci-artifacts/latest/issues-log-tickle.json,1,M,1,3761,3e941a01d89e9702c1d39d5710327dc9bd864f255ebd37ddcb3a3167f654a65e,repo_file_state,projectStateDb (sync-project -> syncVersionControlState),versionControlLedger,Rebuilt from git ls-files + git status on each projectStateDb run
preview/ci-artifacts/latest/knowledge-base.json,1,M,1,13637,5ad4a56a0e5cdf6960e422f420aa97940586577742110914cf30be315b08bb93,repo_file_state,projectStateDb (sync-project -> syncVersionControlState),versionControlLedger,Rebuilt from git ls-files + git status on each projectStateDb run
preview/ci-artifacts/latest/pm-console-stale-cleanup.json,1,M,1,509,e695f381598a7aa4a6a93c2e118dc00a44520df544e3d42f5b56d4a46a89d86e,repo_file_state,projectStateDb (sync-project -> syncVersionControlState),versionControlLedger,Rebuilt from git ls-files + git status on each projectStateDb run
preview/ci-artifacts/latest/pm-console-stale-history.json,1,M,1,1690,641a3ee313534f987b68b5991c8da29b6510b997821ee71c99f72533a7e30cee,repo_file_state,projectStateDb (sync-project -> syncVersionControlState),versionControlLedger,Rebuilt from git ls-files + git status on each projectStateDb run
preview/ci-artifacts/latest/pm-realm-policy.json,1,M,1,23230,3268252be90c57fec8b2c5afcb59b630074b9c24721ec3c1ae33b1500676bb8f,repo_file_state,projectStateDb (sync-project -> syncVersionControlState),versionControlLedger,Rebuilt from git ls-files + git status on each projectStateDb run
preview/ci-artifacts/latest/pm-realm.sqlite,1,M,1,24350720,2e441d9903ae98e53903653eae41f5a76f5e689b8f3491ae20bbff79a65219de,repo_file_state,projectStateDb (sync-project -> syncVersionControlState),versionControlLedger,Rebuilt from git ls-files + git status on each projectStateDb run
preview/ci-artifacts/latest/policy-governance-events.csv,1,,1,2102,bd6182cfc9a620f51f17b96e1565a3ea42650ab0f5fe1f99fb41730f0ffdf132,repo_file_state,projectStateDb (sync-project -> syncVersionControlState),versionControlLedger,Rebuilt from git ls-files + git status on each projectStateDb run
preview/ci-artifacts/latest/policy-governance-events.xlsx,1,,1,4517,f366429098a47b9bde9a54f8704548905d6c5e43f209cdd10e55241715eaebca,repo_file_state,projectStateDb (sync-project -> syncVersionControlState),versionControlLedger,Rebuilt from git ls-files + git status on each projectStateDb run
preview/ci-artifacts/latest/policy-rule-tables.sql,1,,1,25325,8fe5937e646c0318f12ac9011727b7cf7185e3daf300235dff2002d1e69c9f2b,repo_file_state,projectStateDb (sync-project -> syncVersionControlState),versionControlLedger,Rebuilt from git ls-files + git status on each projectStateDb run
preview/ci-artifacts/latest/policy-rules-lint.json,1,M,1,487,96259946aefc5252d31ed5b38711509cbbf5cc5bad65dfaf23099753a763f509,repo_file_state,projectStateDb (sync-project -> syncVersionControlState),versionControlLedger,Rebuilt from git ls-files + git status on each projectStateDb run
preview/ci-artifacts/latest/policy-rules.json,1,M,1,28914,0caa8d2179958f902e0558272f290ea16a08e4baee6345c63acd379e09e10990,repo_file_state,projectStateDb (sync-project -> syncVersionControlState),versionControlLedger,Rebuilt from git ls-files + git status on each projectStateDb run
preview/ci-artifacts/latest/presentation-ref-lint.json,1,M,1,398,5ad090e5c787da962bdce1c5522eeeeaf6fc8fcada414abaca87845cfe8c53ef,repo_file_state,projectStateDb (sync-project -> syncVersionControlState),versionControlLedger,Rebuilt from git ls-files + git status on each projectStateDb run
preview/ci-artifacts/latest/project-plan-next-step.json,1,M,1,5064,09699d91522e031da9c5962e865980bf626b1df31f975c3f32020ec732b1f899,repo_file_state,projectStateDb (sync-project -> syncVersionControlState),versionControlLedger,Rebuilt from git ls-files + git status on each projectStateDb run
preview/ci-artifacts/latest/project-plan-progress-data.json,1,M,1,15544,9bd638e9d7722ceb002d023d36d11a4219ab8185c897a7d39bf803d56b16fa5a,repo_file_state,projectStateDb (sync-project -> syncVersionControlState),versionControlLedger,Rebuilt from git ls-files + git status on each projectStateDb run
preview/ci-artifacts/latest/project-plan-progress.csv,1,M,1,9304,4760c40cc2c79e5e54fa793f95f0ed64180f275b0aa13464af27b7fd7a746cf8,repo_file_state,projectStateDb (sync-project -> syncVersionControlState),versionControlLedger,Rebuilt from git ls-files + git status on each projectStateDb run
preview/ci-artifacts/latest/project-plan-progress.xlsx,1,M,1,13977,572f7905002d3cbc2e8e66447b9ad1d28f380ea7f6119ce4b3b644d332ced6f0,repo_file_state,projectStateDb (sync-project -> syncVersionControlState),versionControlLedger,Rebuilt from git ls-files + git status on each projectStateDb run
preview/ci-artifacts/latest/project-plan.md,1,M,1,8627,1fe5e79e9abb0e253fe69767e2a59e9f7feb20319b3c6720e4b6b62a7841f862,repo_file_state,projectStateDb (sync-project -> syncVersionControlState),versionControlLedger,Rebuilt from git ls-files + git status on each projectStateDb run
preview/ci-artifacts/latest/project-state.sqlite,1,M,1,565248,4752dfd98a5de0e24d466e9cd39557adf9378c745b7f1554c1b7d43ecde6c53a,repo_file_state,projectStateDb (sync-project -> syncVersionControlState),versionControlLedger,Rebuilt from git ls-files + git status on each projectStateDb run
preview/ci-artifacts/latest/realm-knowledge-link-gate.json,1,M,1,838,016397ad6805c837819b270804ce6d8e8f4a6160c07a50db522e38a542774c85,repo_file_state,projectStateDb (sync-project -> syncVersionControlState),versionControlLedger,Rebuilt from git ls-files + git status on each projectStateDb run
preview/ci-artifacts/latest/realm-knowledge-sync.json,1,M,1,1077,cca9a9894a0fc98ab5e2b8f77001f56111ac19ab76440b563221918c3a98d078,repo_file_state,projectStateDb (sync-project -> syncVersionControlState),versionControlLedger,Rebuilt from git ls-files + git status on each projectStateDb run
preview/ci-artifacts/latest/realm-policy-diff.json,1,M,1,660,c77dc1bc32f210830ef1664d565aacbf00ff3d3cf217e4a609c200c3e976c12d,repo_file_state,projectStateDb (sync-project -> syncVersionControlState),versionControlLedger,Rebuilt from git ls-files + git status on each projectStateDb run
preview/ci-artifacts/latest/realm-policy-snapshot.json,1,M,1,79566,1713a42d1ee9ca35db62c4bdc8043df3efb190d03535a8af36998586e0e2985d,repo_file_state,projectStateDb (sync-project -> syncVersionControlState),versionControlLedger,Rebuilt from git ls-files + git status on each projectStateDb run
preview/ci-artifacts/latest/realm-policy-sync.json,1,M,1,456,79bde0227c126ad025c62546a2979e46c1d19af09815ef190c34f713c15b504b,repo_file_state,projectStateDb (sync-project -> syncVersionControlState),versionControlLedger,Rebuilt from git ls-files + git status on each projectStateDb run
preview/ci-artifacts/latest/reasoning-derived.sqlite,1,M,1,24576,c0a15b8841b7c73dc65afa1672cfd11e4ab4ac3019111faca53f5b2886999317,repo_file_state,projectStateDb (sync-project -> syncVersionControlState),versionControlLedger,Rebuilt from git ls-files + git status on each projectStateDb run
preview/ci-artifacts/latest/reasoning-drive.json,1,M,1,3507,782d99623f3d9dd21b509e014208907aabcc54feecd84509dfd4fa6612d5057b,repo_file_state,projectStateDb (sync-project -> syncVersionControlState),versionControlLedger,Rebuilt from git ls-files + git status on each projectStateDb run
preview/ci-artifacts/latest/reasoning-experience.sqlite,1,M,1,28672,db17069cb9f39971d33678ba42f1cdc6a211c3c9e597efa374aa79376ec63ae9,repo_file_state,projectStateDb (sync-project -> syncVersionControlState),versionControlLedger,Rebuilt from git ls-files + git status on each projectStateDb run
preview/ci-artifacts/latest/remanifest-drill.json,1,,1,494,6e567003b10198e8b1a6825a13d0eb5b5a132f4de9797fc2741a52f6d8fd5b13,repo_file_state,projectStateDb (sync-project -> syncVersionControlState),versionControlLedger,Rebuilt from git ls-files + git status on each projectStateDb run
preview/ci-artifacts/latest/repo-file-inventory-with-context.csv,1,M,1,260559,8f740dfc35427c19952daa8557e0ba1c2abb788d00e91cce865e70e9e2aa15ad,repo_file_state,projectStateDb (sync-project -> syncVersionControlState),versionControlLedger,Rebuilt from git ls-files + git status on each projectStateDb run
preview/ci-artifacts/latest/sql-authority-application.json,1,M,1,227,0b9dd119a13436d003143a5a2a7dbf3339fc7edcca5f9a3493172ecf793952dc,repo_file_state,projectStateDb (sync-project -> syncVersionControlState),versionControlLedger,Rebuilt from git ls-files + git status on each projectStateDb run
preview/ci-artifacts/latest/sql-authority-boilerplate.json,1,M,1,227,db6f6547a1ebbcbfc0bc478fe8cfaffee8060437c54a6875486a20192a1b9098,repo_file_state,projectStateDb (sync-project -> syncVersionControlState),versionControlLedger,Rebuilt from git ls-files + git status on each projectStateDb run
preview/ci-artifacts/latest/sql-authority-pm.json,1,M,1,218,30d004c0bb118bb795acac56de41d1fe098551c279f42d3301d56afb476b478d,repo_file_state,projectStateDb (sync-project -> syncVersionControlState),versionControlLedger,Rebuilt from git ls-files + git status on each projectStateDb run
preview/ci-artifacts/latest/sql-coverage-application.json,1,M,1,330,518afbd31d90e2f111d9d73f5562645edf3a9dd50fcb9bde083b0cf526a4bfd4,repo_file_state,projectStateDb (sync-project -> syncVersionControlState),versionControlLedger,Rebuilt from git ls-files + git status on each projectStateDb run
preview/ci-artifacts/latest/sql-coverage-boilerplate.json,1,M,1,330,31097fe5ca05cceddf220ad00d3b6f0e8f3ca881b6077aff4793568e895c75a7,repo_file_state,projectStateDb (sync-project -> syncVersionControlState),versionControlLedger,Rebuilt from git ls-files + git status on each projectStateDb run
preview/ci-artifacts/latest/sql-coverage-pm.json,1,M,1,321,bb192a64d3a2191eaa8658c60ef0314df2518291cdaa76ddba74936960d66fed,repo_file_state,projectStateDb (sync-project -> syncVersionControlState),versionControlLedger,Rebuilt from git ls-files + git status on each projectStateDb run
preview/ci-artifacts/latest/sql-reconstruction-application.json,1,M,1,227,30d9f61178da54be02f8a589cfcfb39807dd92eccf938bc8f65d48bd7767d2d8,repo_file_state,projectStateDb (sync-project -> syncVersionControlState),versionControlLedger,Rebuilt from git ls-files + git status on each projectStateDb run
preview/ci-artifacts/latest/sql-reconstruction-boilerplate.json,1,M,1,227,6979eaea7ba6d7e37b00a6af9680b64a9b5b369ab102f05228543802719d2c2f,repo_file_state,projectStateDb (sync-project -> syncVersionControlState),versionControlLedger,Rebuilt from git ls-files + git status on each projectStateDb run
preview/ci-artifacts/latest/sql-reconstruction-pm.json,1,M,1,218,81ed742f38fc7b1c7ed5630d74dc2e5d48c22709cf9597dc94f01c1a5d03728d,repo_file_state,projectStateDb (sync-project -> syncVersionControlState),versionControlLedger,Rebuilt from git ls-files + git status on each projectStateDb run
preview/ci-artifacts/latest/version-control-ledger.json,1,M,1,241862,41d615ef275f7f9b9fbf2f7a857fe22316c4977b478d93dbe843bcdf109b9640,repo_file_state,projectStateDb (sync-project -> syncVersionControlState),versionControlLedger,Rebuilt from git ls-files + git status on each projectStateDb run
preview/ci-artifacts/latest/version.json,1,M,1,208,f00ff5812affbc4c0070673cad67fdffdfa633211c2b1bc93977fca831b565d2,repo_file_state,projectStateDb (sync-project -> syncVersionControlState),versionControlLedger,Rebuilt from git ls-files + git status on each projectStateDb run
preview/ci-artifacts/latest/workbook-refresh-status.json,1,,1,96,da893a9d602c4b0508338ba3e4d68b59fdd719129a918860fea05098d8091968,repo_file_state,projectStateDb (sync-project -> syncVersionControlState),versionControlLedger,Rebuilt from git ls-files + git status on each projectStateDb run
preview/fidelity-report.json,1,,1,2384,814e3f5ed0f58f5f5b0130e4f915656b877aaa38e31f27e41d13d535ad48820e,repo_file_state,projectStateDb (sync-project -> syncVersionControlState),versionControlLedger,Rebuilt from git ls-files + git status on each projectStateDb run
preview/ibm-output.html,1,,1,4820,95dd15248ddb72e4f994073ddccd1c6991219cb28f9c05957f8a28610d9aefdd,repo_file_state,projectStateDb (sync-project -> syncVersionControlState),versionControlLedger,Rebuilt from git ls-files + git status on each projectStateDb run
preview/ibm-output.pdf,1,,1,30009,51b8b17a229a690fff1ac252a5756e0b0f05958210920cfca1d4dd4431d2e7ed,repo_file_state,projectStateDb (sync-project -> syncVersionControlState),versionControlLedger,Rebuilt from git ls-files + git status on each projectStateDb run
product/,0,??,1,224,,repo_file_state,projectStateDb (sync-project -> syncVersionControlState),versionControlLedger,Rebuilt from git ls-files + git status on each projectStateDb run
sampleData/image-heavy.afp,1,,1,826,ba58ab856de5c92ea28b854470468b8fd600901396f6f3ee2e06fb4f0cb280fd,repo_file_state,projectStateDb (sync-project -> syncVersionControlState),versionControlLedger,Rebuilt from git ls-files + git status on each projectStateDb run
sampleData/sample.afp,1,,1,12784,553a336db9283ebbf85092320b68c060aacdbea4138fa720810f09431f86b73a,repo_file_state,projectStateDb (sync-project -> syncVersionControlState),versionControlLedger,Rebuilt from git ls-files + git status on each projectStateDb run
sampleOutput/image-heavy.pdf,1,,1,3591,85af77367093207e01dc2f4e2eee9569b29e37038c67f441d0d5608e046bb362,repo_file_state,projectStateDb (sync-project -> syncVersionControlState),versionControlLedger,Rebuilt from git ls-files + git status on each projectStateDb run
sampleOutput/sample.html,1,,1,4820,95dd15248ddb72e4f994073ddccd1c6991219cb28f9c05957f8a28610d9aefdd,repo_file_state,projectStateDb (sync-project -> syncVersionControlState),versionControlLedger,Rebuilt from git ls-files + git status on each projectStateDb run
sampleOutput/sample.pdf,1,,1,30009,51b8b17a229a690fff1ac252a5756e0b0f05958210920cfca1d4dd4431d2e7ed,repo_file_state,projectStateDb (sync-project -> syncVersionControlState),versionControlLedger,Rebuilt from git ls-files + git status on each projectStateDb run
settings.gradle,1,M,1,411,d86ce6066d9bb15aa98aba7b025487f1f7afae0c8038048cf5e6d3e3c943ed33,repo_file_state,projectStateDb (sync-project -> syncVersionControlState),versionControlLedger,Rebuilt from git ls-files + git status on each projectStateDb run
tools/WorkbookUpdater.bas,1,,1,20889,c642b5542ded981e16d4ee8c016eefd64972ab7abe4f46a59bd988a18d9a4747,repo_file_state,projectStateDb (sync-project -> syncVersionControlState),versionControlLedger,Rebuilt from git ls-files + git status on each projectStateDb run
tools/action_decision_suggestions.py,1,,1,3368,671597703e6cfd921c4ed3678dbcde43b75519a552c9ba13f6654f689b09e47b,repo_file_state,projectStateDb (sync-project -> syncVersionControlState),versionControlLedger,Rebuilt from git ls-files + git status on each projectStateDb run
tools/action_owner_summary.py,1,,1,2054,a74e9a34ff9053dbca6cfd40d1ce5b594c0fc76605ed81c0e261edbe8ea4b199,repo_file_state,projectStateDb (sync-project -> syncVersionControlState),versionControlLedger,Rebuilt from git ls-files + git status on each projectStateDb run
tools/action_sla_trend.py,1,,1,2739,30d1836695b541be0fc4bff5067af23b1ff13f9429445cecb40ee60be7233d22,repo_file_state,projectStateDb (sync-project -> syncVersionControlState),versionControlLedger,Rebuilt from git ls-files + git status on each projectStateDb run
tools/check_action_ingest_strict.py,1,,1,2196,d90beb6eb1dce0689b25f8de14e0a488cb22982864668a45a7d796b170f67612,repo_file_state,projectStateDb (sync-project -> syncVersionControlState),versionControlLedger,Rebuilt from git ls-files + git status on each projectStateDb run
tools/check_critical_db_hashes.sh,1,,1,1635,49bd3bdec54f03c787d22eb9626281985459747b4c3b8670dcc1b3bcffd6b546,repo_file_state,projectStateDb (sync-project -> syncVersionControlState),versionControlLedger,Rebuilt from git ls-files + git status on each projectStateDb run
tools/environment_dashboard_report.py,1,,1,2314,cf6e4c62e7cece7644f67a01ae768bea3d4d6258a5de6487126f84355678e044,repo_file_state,projectStateDb (sync-project -> syncVersionControlState),versionControlLedger,Rebuilt from git ls-files + git status on each projectStateDb run
tools/environment_health_check.py,1,,1,9753,4523014aa9275f9f0c5e6a42b92bd432b550ed1c70e7c3c9d5e5ca0c5686d216,repo_file_state,projectStateDb (sync-project -> syncVersionControlState),versionControlLedger,Rebuilt from git ls-files + git status on each projectStateDb run
tools/export_boilerplate_package.sh,1,,1,774,90953c47064fbd81678196d3ce74354861833872556b53aef53346275755f084,repo_file_state,projectStateDb (sync-project -> syncVersionControlState),versionControlLedger,Rebuilt from git ls-files + git status on each projectStateDb run
tools/export_project_plan_progress_json.py,1,,1,2000,0d6a05bf144fbe6bb82031b0840f18dbd4af898bb8d7c5531f1eeef3307292df,repo_file_state,projectStateDb (sync-project -> syncVersionControlState),versionControlLedger,Rebuilt from git ls-files + git status on each projectStateDb run
tools/fake-afp-engine.ps1,1,,1,3119,3f36ffd92760e942f5b1819ca99a53c1c9c6236eb809c778bccdba2549d97417,repo_file_state,projectStateDb (sync-project -> syncVersionControlState),versionControlLedger,Rebuilt from git ls-files + git status on each projectStateDb run
tools/fake-afp-engine.sh,1,,1,2219,170a1abb14151ec3c16441df7b565342fb412488a5f807fae84e25004c54b70b,repo_file_state,projectStateDb (sync-project -> syncVersionControlState),versionControlLedger,Rebuilt from git ls-files + git status on each projectStateDb run
tools/git-hooks/pre-commit,1,,1,287,6c4ebc33e8797c1cb8218e1816634419dce8dfc8c3d2072513673fc4a2598c6f,repo_file_state,projectStateDb (sync-project -> syncVersionControlState),versionControlLedger,Rebuilt from git ls-files + git status on each projectStateDb run
tools/init_update_package.sh,1,,1,1078,c9812c3ae85ae0b77866d1d25334497d6ea4615990779d56b7d2cec6938712a3,repo_file_state,projectStateDb (sync-project -> syncVersionControlState),versionControlLedger,Rebuilt from git ls-files + git status on each projectStateDb run
tools/install_git_hooks.sh,1,,1,460,9b1db4139fb2a2bcb1506045c9049d51d79943d5ec3bd7edb5deaa66625d5c0f,repo_file_state,projectStateDb (sync-project -> syncVersionControlState),versionControlLedger,Rebuilt from git ls-files + git status on each projectStateDb run
tools/issues_effectiveness_report.py,1,,1,4759,6d61de78ab21a300e394a93906f1e7efff7f8b985e576a8a165428c0a1842ea3,repo_file_state,projectStateDb (sync-project -> syncVersionControlState),versionControlLedger,Rebuilt from git ls-files + git status on each projectStateDb run
tools/issues_log_tickle.py,1,,1,3881,fdb93bc1d2c66a9b67c75d4af787af39a067e47bd83c4f19d89d0cf882562e4a,repo_file_state,projectStateDb (sync-project -> syncVersionControlState),versionControlLedger,Rebuilt from git ls-files + git status on each projectStateDb run
tools/lint_environment_policy_defaults.py,1,,1,1354,bc2c52d327db4fa423636988aa468544c23a76e5987d88fb913a6a4794de935f,repo_file_state,projectStateDb (sync-project -> syncVersionControlState),versionControlLedger,Rebuilt from git ls-files + git status on each projectStateDb run
tools/manifest_from_sql.py,1,,1,1609,3405abb7a0d041e5c98a08ab6cf070e54766b12b8bb5e5104295e1cde19ce4e2,repo_file_state,projectStateDb (sync-project -> syncVersionControlState),versionControlLedger,Rebuilt from git ls-files + git status on each projectStateDb run
tools/manifest_from_sql.sh,1,,1,115,30172866465791be5e9fcd00164e5c7fe564e7dd0fc8e98ab00cf31bfd7b3060,repo_file_state,projectStateDb (sync-project -> syncVersionControlState),versionControlLedger,Rebuilt from git ls-files + git status on each projectStateDb run
tools/minimal_snapshot.sh,1,,1,1108,a50701be2fc4c3f37363ae2fc9300e7d953d4cf12180388c635aa153ccc1c93c,repo_file_state,projectStateDb (sync-project -> syncVersionControlState),versionControlLedger,Rebuilt from git ls-files + git status on each projectStateDb run
tools/minimal_snapshot_guard.sh,1,,1,596,177333d028bcd8aa54eb672cdb4dc359b7adb786426df5ec17fea02d143a54de,repo_file_state,projectStateDb (sync-project -> syncVersionControlState),versionControlLedger,Rebuilt from git ls-files + git status on each projectStateDb run
tools/pm_console_cleanup.py,1,,1,5271,995482c001e54f08afdd5e926992200927d347331e12aeb3cd556c63f895fd9a,repo_file_state,projectStateDb (sync-project -> syncVersionControlState),versionControlLedger,Rebuilt from git ls-files + git status on each projectStateDb run
tools/pm_console_live_daemon.sh,1,,1,2028,5042396361742cd26c2ef5526bc677875098b230d314d6fe9d74d427bf97b976,repo_file_state,projectStateDb (sync-project -> syncVersionControlState),versionControlLedger,Rebuilt from git ls-files + git status on each projectStateDb run
tools/pm_workflow.py,1,,1,4813,c9a8b5e1105fd7b4157b44809bd15a9c818edc86aa19b9506bcb2baa6d2eb56d,repo_file_state,projectStateDb (sync-project -> syncVersionControlState),versionControlLedger,Rebuilt from git ls-files + git status on each projectStateDb run
tools/presentation_ref_lint.py,1,,1,5282,7b86d47ea0ba707836cc40622f0b805253c1f150f1d8ab8bb091df28a9eef025,repo_file_state,projectStateDb (sync-project -> syncVersionControlState),versionControlLedger,Rebuilt from git ls-files + git status on each projectStateDb run
tools/realm_drift_verify.sh,1,,1,1394,25a3ff67a4f52a10fac035946022416e9e0ec73430d3ef9f0c151925b167a690,repo_file_state,projectStateDb (sync-project -> syncVersionControlState),versionControlLedger,Rebuilt from git ls-files + git status on each projectStateDb run
tools/realm_knowledge_link_gate.py,1,,1,3658,18629e459468a9c05caba4e6b1fc2e91723cf4291d3b0a5ce2b3e286e790fa20,repo_file_state,projectStateDb (sync-project -> syncVersionControlState),versionControlLedger,Rebuilt from git ls-files + git status on each projectStateDb run
tools/realm_knowledge_sync.py,1,,1,9274,d56b2ba96c68315099516badcd095b81fb1f746b9291047e69d737e877001a1d,repo_file_state,projectStateDb (sync-project -> syncVersionControlState),versionControlLedger,Rebuilt from git ls-files + git status on each projectStateDb run
tools/realm_policy_diff.py,1,,1,3361,cf6925d470d60dade48839642bce500546d2c52d1375c5b30433cc19a40795a5,repo_file_state,projectStateDb (sync-project -> syncVersionControlState),versionControlLedger,Rebuilt from git ls-files + git status on each projectStateDb run
tools/realm_policy_sync.py,1,,1,4385,37cb3ce6cc5463ab39aaba7c6055fc8556dd7a00fe9de624144dadc0ee268ea7,repo_file_state,projectStateDb (sync-project -> syncVersionControlState),versionControlLedger,Rebuilt from git ls-files + git status on each projectStateDb run
tools/reasoning_sync.py,1,,1,13278,d542c1ec4e136ad9f87484ac7c69a391d7d1054007150c5afa384e94a2341944,repo_file_state,projectStateDb (sync-project -> syncVersionControlState),versionControlLedger,Rebuilt from git ls-files + git status on each projectStateDb run
tools/recovery_doctor.md,1,,1,1136,96f7231190c14b5856d535ac442f341e79844c5af68a71fd56391eca5e813918,repo_file_state,projectStateDb (sync-project -> syncVersionControlState),versionControlLedger,Rebuilt from git ls-files + git status on each projectStateDb run
tools/recovery_doctor.sh,1,,1,3672,2ab6da103f8d8100374833a90922b4151ce9dae7b522db7e256399ab3d7b723a,repo_file_state,projectStateDb (sync-project -> syncVersionControlState),versionControlLedger,Rebuilt from git ls-files + git status on each projectStateDb run
tools/recovery_quick_check.sh,1,,1,668,bcabdce7f87db44f2ee09928a3ac6668c535f6758a3419648fe52a2ac46453f0,repo_file_state,projectStateDb (sync-project -> syncVersionControlState),versionControlLedger,Rebuilt from git ls-files + git status on each projectStateDb run
tools/remanifest_drill.py,1,,1,5137,4767f40d35049977666ac693b901502b68d5d7a229544a1806bea70bfeceac96,repo_file_state,projectStateDb (sync-project -> syncVersionControlState),versionControlLedger,Rebuilt from git ls-files + git status on each projectStateDb run
tools/restore_binary_artifacts.sh,1,,1,1989,b29a0a1b5d54887064a508cd2e1d4cc42f4d4c6aa15d53f38701fae2b07d8cf3,repo_file_state,projectStateDb (sync-project -> syncVersionControlState),versionControlLedger,Rebuilt from git ls-files + git status on each projectStateDb run
tools/restore_recovery_checkpoint.sh,1,,1,990,06226913da9186de2aaffa162f89944da941d62f534e08eb723fd3377d1a153c,repo_file_state,projectStateDb (sync-project -> syncVersionControlState),versionControlLedger,Rebuilt from git ls-files + git status on each projectStateDb run
tools/rollback_manager.py,1,,1,7448,9ed6a5025ab7925dfd27b76551cec5fbf3e2eccc19c5500e7ad3d8b5524c795c,repo_file_state,projectStateDb (sync-project -> syncVersionControlState),versionControlLedger,Rebuilt from git ls-files + git status on each projectStateDb run
tools/run_excel_workbook_refresh.applescript,1,,1,580,25a5cb93a637a93e718b4b52eb25b8e6acab423a1f8bfb3af761526217bf4977,repo_file_state,projectStateDb (sync-project -> syncVersionControlState),versionControlLedger,Rebuilt from git ls-files + git status on each projectStateDb run
tools/run_excel_workbook_refresh.py,1,,1,4806,5b6a762726ac55db885875b6f2ce740367729beb0fdfb5b468a52f2215492860,repo_file_state,projectStateDb (sync-project -> syncVersionControlState),versionControlLedger,Rebuilt from git ls-files + git status on each projectStateDb run
tools/sql_code_workflow.sh,1,,1,3260,d249a3eabe98807a498e788e634fab0452beab05c8e0e25f8e3a7564c642e2bc,repo_file_state,projectStateDb (sync-project -> syncVersionControlState),versionControlLedger,Rebuilt from git ls-files + git status on each projectStateDb run
tools/sql_drift_summary.py,1,,1,2441,b06dbdc859d9e1bbe1fac0cf7077e958359e2c731a037109b61969f83a4e5b37,repo_file_state,projectStateDb (sync-project -> syncVersionControlState),versionControlLedger,Rebuilt from git ls-files + git status on each projectStateDb run
tools/sql_upsert_text_files.sh,1,,1,828,0019be0e59e98cde53c37c62c4595ba94bcace98cd1455f390c0a57b1f4b15ac,repo_file_state,projectStateDb (sync-project -> syncVersionControlState),versionControlLedger,Rebuilt from git ls-files + git status on each projectStateDb run
tools/tests/test_check_action_ingest_strict.py,1,,1,1542,3b26d902bd80a171341d828f464fe32c2a506c6899a67c97fc2e682a2135f96f,repo_file_state,projectStateDb (sync-project -> syncVersionControlState),versionControlLedger,Rebuilt from git ls-files + git status on each projectStateDb run
tools/tests/test_environment_health_check.py,1,,1,1642,c8d8ab446844ae1d5c076d24db52809f837ffeb405bff74d42753af7bd7b0cbb,repo_file_state,projectStateDb (sync-project -> syncVersionControlState),versionControlLedger,Rebuilt from git ls-files + git status on each projectStateDb run
tools/tests/test_pm_console_cleanup.py,1,,1,1432,c4bcf8f35c3e926f8726eb0d36106008361e3490b4a1b185ff57a4abdfca1900,repo_file_state,projectStateDb (sync-project -> syncVersionControlState),versionControlLedger,Rebuilt from git ls-files + git status on each projectStateDb run
tools/tests/test_pm_environment_ready_chain.py,1,,1,832,a6f7aefb482b2ff6fcd3b141f82d388809c03eb23bf241cde397c7eb71c8d770,repo_file_state,projectStateDb (sync-project -> syncVersionControlState),versionControlLedger,Rebuilt from git ls-files + git status on each projectStateDb run
tools/tests/test_presentation_ref_lint.py,1,,1,3118,aad701e259eb4c01068289e4379c2326f77599798ca3b2101d6f15ada123ada7,repo_file_state,projectStateDb (sync-project -> syncVersionControlState),versionControlLedger,Rebuilt from git ls-files + git status on each projectStateDb run
tools/tests/test_realm_knowledge_link_gate.py,1,,1,2105,6f3a11ac64480bbd4e1dd153d3eec1ec5a2611452e7b96da47cff83ae0d6f690,repo_file_state,projectStateDb (sync-project -> syncVersionControlState),versionControlLedger,Rebuilt from git ls-files + git status on each projectStateDb run
tools/tests/test_realm_policy_diff.py,1,,1,2207,af813c95e0390461dfd92108d49418fa6987f7dbe18d6f00d069ee1d95ce5724,repo_file_state,projectStateDb (sync-project -> syncVersionControlState),versionControlLedger,Rebuilt from git ls-files + git status on each projectStateDb run
tools/tests/test_realm_policy_sync.py,1,,1,3001,f8682cfb573a64ca995003bb930761a6263275b11301e887f67ee93ca603a2e6,repo_file_state,projectStateDb (sync-project -> syncVersionControlState),versionControlLedger,Rebuilt from git ls-files + git status on each projectStateDb run
tools/tests/test_validate_stale_history_report.py,1,,1,1018,66f39a115ff6e0f10c66150e067c8e829422afb16580ebcd54bb894dc4b166eb,repo_file_state,projectStateDb (sync-project -> syncVersionControlState),versionControlLedger,Rebuilt from git ls-files + git status on each projectStateDb run
tools/update_project_plan_workbook.py,1,,1,49008,d97e46ed93d987a9ef52e8a53967c9531762f4fa2cc7a3daea9ca2c1e795b9f4,repo_file_state,projectStateDb (sync-project -> syncVersionControlState),versionControlLedger,Rebuilt from git ls-files + git status on each projectStateDb run
tools/validate_boilerplate_package.sh,1,,1,2019,46f52cc99aadd63c681c59f335c5d33ff482e020179a8f7d8bc47221d25ae15d,repo_file_state,projectStateDb (sync-project -> syncVersionControlState),versionControlLedger,Rebuilt from git ls-files + git status on each projectStateDb run
tools/validate_environment_health_report.py,1,,1,1477,4a1064a1886d36d3e5a752fcbe3e313002692cfb5acde56fcd197ac14397cc2d,repo_file_state,projectStateDb (sync-project -> syncVersionControlState),versionControlLedger,Rebuilt from git ls-files + git status on each projectStateDb run
tools/validate_stale_history_report.py,1,,1,1286,637b6c756ff39611f7e8b3e697c7cc266d32589232349090523cd83ad242a24e,repo_file_state,projectStateDb (sync-project -> syncVersionControlState),versionControlLedger,Rebuilt from git ls-files + git status on each projectStateDb run
tools/versioning.py,1,,1,3244,de3d379787bce83501416e7a3a5bbd73fb9ea9ac731b637b3eacd75ad7738ec9,repo_file_state,projectStateDb (sync-project -> syncVersionControlState),versionControlLedger,Rebuilt from git ls-files + git status on each projectStateDb run
