path,tracked,status_code,exists_on_disk,size_bytes,sha256,source_table,generated_by,reporting_task,maintenance_context
.github/ISSUE_TEMPLATE/bug_report.yml,1,,1,1121,c31724add6f3758dbda936a7742aced458c0c94cd52020dc9fd22a1d349b6953,repo_file_state,projectStateDb (sync-project -> syncVersionControlState),versionControlLedger,Rebuilt from git ls-files + git status on each projectStateDb run
.github/ISSUE_TEMPLATE/config.yml,1,,1,242,d37a30db65f2e6d074049d1ce955c6417e88e2ff5e51aa6bcae8b912ff832fee,repo_file_state,projectStateDb (sync-project -> syncVersionControlState),versionControlLedger,Rebuilt from git ls-files + git status on each projectStateDb run
.github/ISSUE_TEMPLATE/feature_request.yml,1,,1,717,2febf0fba66844f522104a095e648d801b9994532f7ac32f2b9a23c8bb8e043d,repo_file_state,projectStateDb (sync-project -> syncVersionControlState),versionControlLedger,Rebuilt from git ls-files + git status on each projectStateDb run
.github/pull_request_template.md,1,,1,875,e2211848e2bbaec1d5b64d62be539d1cf164bf27a235c25a2625816bbc73347a,repo_file_state,projectStateDb (sync-project -> syncVersionControlState),versionControlLedger,Rebuilt from git ls-files + git status on each projectStateDb run
.github/workflows/ci.yml,1,,1,3554,f2e4461ec22a62c99cf3878623482a0a35edf4a7fa2ab093b00b5e89aa8bfddf,repo_file_state,projectStateDb (sync-project -> syncVersionControlState),versionControlLedger,Rebuilt from git ls-files + git status on each projectStateDb run
.gitignore,1,,1,469,92b3e5f1f0b9c19248b13f07213524d3944fe22d690823f3001695ab8f97990b,repo_file_state,projectStateDb (sync-project -> syncVersionControlState),versionControlLedger,Rebuilt from git ls-files + git status on each projectStateDb run
.gradle/9.0.0/checksums/checksums.lock,1,M,1,39,5144452d55a8e170ee74ab995acb91446df5807c49f4eb5ae3d00385f8a7db84,repo_file_state,projectStateDb (sync-project -> syncVersionControlState),versionControlLedger,Rebuilt from git ls-files + git status on each projectStateDb run
.gradle/9.0.0/fileChanges/last-build.bin,1,,1,1,6e340b9cffb37a989ca544e6bb780a2c78901d3fb33738768511a30617afa01d,repo_file_state,projectStateDb (sync-project -> syncVersionControlState),versionControlLedger,Rebuilt from git ls-files + git status on each projectStateDb run
.gradle/9.0.0/fileHashes/fileHashes.bin,1,M,1,33797,7a84133b9a4dfbe16478c2555dab7c554fb8c5c97b0bfb90b79d1ee43a55c59e,repo_file_state,projectStateDb (sync-project -> syncVersionControlState),versionControlLedger,Rebuilt from git ls-files + git status on each projectStateDb run
.gradle/9.0.0/fileHashes/fileHashes.lock,1,M,1,39,68ee2b6329adfc8279d3a8b64b6ff883058ec1e71b97e2a373c8fb08b50804e2,repo_file_state,projectStateDb (sync-project -> syncVersionControlState),versionControlLedger,Rebuilt from git ls-files + git status on each projectStateDb run
.gradle/9.0.0/gc.properties,1,,1,0,e3b0c44298fc1c149afbf4c8996fb92427ae41e4649b934ca495991b7852b855,repo_file_state,projectStateDb (sync-project -> syncVersionControlState),versionControlLedger,Rebuilt from git ls-files + git status on each projectStateDb run
.gradle/buildOutputCleanup/buildOutputCleanup.lock,1,M,1,39,86d8babb9e498280540ecb0ab4bd2d699f3bb4d553a099f9215a6248257510f1,repo_file_state,projectStateDb (sync-project -> syncVersionControlState),versionControlLedger,Rebuilt from git ls-files + git status on each projectStateDb run
.gradle/buildOutputCleanup/cache.properties,1,,1,51,51107c2b258d904ee868610f6b40bbe61e7687873b6a89fefb13cc29730eb0ec,repo_file_state,projectStateDb (sync-project -> syncVersionControlState),versionControlLedger,Rebuilt from git ls-files + git status on each projectStateDb run
.gradle/vcs-1/gc.properties,1,,1,0,e3b0c44298fc1c149afbf4c8996fb92427ae41e4649b934ca495991b7852b855,repo_file_state,projectStateDb (sync-project -> syncVersionControlState),versionControlLedger,Rebuilt from git ls-files + git status on each projectStateDb run
.idea/workspace.xml,1,M,1,84167,09d65c68bae37a99f9f196e249076595e4a3d05b78ef72aafea9ff2baadadcb3,repo_file_state,projectStateDb (sync-project -> syncVersionControlState),versionControlLedger,Rebuilt from git ls-files + git status on each projectStateDb run
AI-POLICY.md,1,,1,26247,11b2152d6ef82c30c82f18e0ed38b1da23f72c48cc123464cffbfefdab0a4f1b,repo_file_state,projectStateDb (sync-project -> syncVersionControlState),versionControlLedger,Rebuilt from git ls-files + git status on each projectStateDb run
README.md,1,,1,18875,6c0b2e9edf02a4ac25047a2913fc6b7fd9db8ab935f610879d6a80740d792df0,repo_file_state,projectStateDb (sync-project -> syncVersionControlState),versionControlLedger,Rebuilt from git ls-files + git status on each projectStateDb run
SESSION_CHANGELOG.md,1,,1,75511,08fbd08e53d93534234c028ca3cf21b0bef9bf90ba353bebc4c2890cc520d50a,repo_file_state,projectStateDb (sync-project -> syncVersionControlState),versionControlLedger,Rebuilt from git ls-files + git status on each projectStateDb run
build.gradle,1,,1,122402,11b9decd3f1565fa9b8e4b88fd54677ed55d42fde7ea42f0ffdd1fd22baebe5b,repo_file_state,projectStateDb (sync-project -> syncVersionControlState),versionControlLedger,Rebuilt from git ls-files + git status on each projectStateDb run
build/reports/problems/problems-report.html,1,M,1,133810,73ceeff507c9b46445104c4167380f1212006c7ee6aba3c857fc52ca1e0a1e29,repo_file_state,projectStateDb (sync-project -> syncVersionControlState),versionControlLedger,Rebuilt from git ls-files + git status on each projectStateDb run
gradle/wrapper/gradle-wrapper.jar,1,,1,60756,91a239400bb638f36a1795d8fdf7939d532cdc7d794d1119b7261aac158b1e60,repo_file_state,projectStateDb (sync-project -> syncVersionControlState),versionControlLedger,Rebuilt from git ls-files + git status on each projectStateDb run
gradle/wrapper/gradle-wrapper.properties,1,,1,232,9ba4f8c8258f3d6d74144493b9e3e80e470a7b05cf34ce392a60d0e4fb9fc504,repo_file_state,projectStateDb (sync-project -> syncVersionControlState),versionControlLedger,Rebuilt from git ls-files + git status on each projectStateDb run
gradlew,1,,1,8070,f96a757581fe5292465e3f3393380bd11fd8086d450b92e7c693da6513f583fe,repo_file_state,projectStateDb (sync-project -> syncVersionControlState),versionControlLedger,Rebuilt from git ls-files + git status on each projectStateDb run
gradlew.bat,1,,1,2763,af835f98787e9269af5a046edcb821a592fed372139df7b947b471a63cfc236b,repo_file_state,projectStateDb (sync-project -> syncVersionControlState),versionControlLedger,Rebuilt from git ls-files + git status on each projectStateDb run
management/docs/API.md,1,,1,9387,b4e83f9377a9a39c38e919af8576e3d2c475a5e53fc4b3e1e6698fa0f3e252bd,repo_file_state,projectStateDb (sync-project -> syncVersionControlState),versionControlLedger,Rebuilt from git ls-files + git status on each projectStateDb run
management/docs/CORE_DERIVATIVE_MODEL.md,1,,1,1659,f419b615cf65e24f305193f90f3dde859154248beb3fa85416fd716794b55e47,repo_file_state,projectStateDb (sync-project -> syncVersionControlState),versionControlLedger,Rebuilt from git ls-files + git status on each projectStateDb run
management/docs/NEW_MACHINE_BOOTSTRAP.md,1,,1,1291,e6ba2850d749640918a7542daf88f9d0de0e9c77220eacf75fce928dc29b03a5,repo_file_state,projectStateDb (sync-project -> syncVersionControlState),versionControlLedger,Rebuilt from git ls-files + git status on each projectStateDb run
management/docs/SQL_FIRST_WORKFLOW.md,1,,1,16040,a6f2e56aa0b9227b2ac8c276a0f325ebb082eabc23a9fd0ee3f7f7f2dba9b177,repo_file_state,projectStateDb (sync-project -> syncVersionControlState),versionControlLedger,Rebuilt from git ls-files + git status on each projectStateDb run
management/docs/boilerplate-sync-candidates.xlsx,1,,1,9444,dd97a0a66100df7e8e7e14115ccdf1e9e5340e797f4131839b064bf1ce7566bd,repo_file_state,projectStateDb (sync-project -> syncVersionControlState),versionControlLedger,Rebuilt from git ls-files + git status on each projectStateDb run
management/docs/fidelity-corpus.txt,1,,1,241,07972cb9a76e912e2c76dc33d0521a7e8eef7fe9451c9dd0167e4bd6871f575d,repo_file_state,projectStateDb (sync-project -> syncVersionControlState),versionControlLedger,Rebuilt from git ls-files + git status on each projectStateDb run
management/docs/issues-log-template.csv,1,,1,275,344c8e1f896da05226f17ce1ccc16eedb36bd7924c13f7545a3c89f5b3c176ce,repo_file_state,projectStateDb (sync-project -> syncVersionControlState),versionControlLedger,Rebuilt from git ls-files + git status on each projectStateDb run
management/docs/issues-log.csv,1,M,1,9650,0d3810605aa78dd21f05b41c378e141b09dcccf553ee5c2ba524a502defe36e8,repo_file_state,projectStateDb (sync-project -> syncVersionControlState),versionControlLedger,Rebuilt from git ls-files + git status on each projectStateDb run
management/docs/policy-governance-events.csv,1,,1,2851,2350ad331c3ddb2dc8f5128bd16fecf8a7a6061af07fc7fc1f3cc55c866aad25,repo_file_state,projectStateDb (sync-project -> syncVersionControlState),versionControlLedger,Rebuilt from git ls-files + git status on each projectStateDb run
management/docs/policy-governance-events.xlsx,1,,1,4670,4923d44ab7a722f18edbaef91b62de7fc245f409cf4dee862872c37651f955de,repo_file_state,projectStateDb (sync-project -> syncVersionControlState),versionControlLedger,Rebuilt from git ls-files + git status on each projectStateDb run
management/docs/project-plan-progress.csv,1,M,1,15308,c5e4af56ab8edea50578ee3d6d80cdbb3a557ed2ac50b2769543007d0be85edb,repo_file_state,projectStateDb (sync-project -> syncVersionControlState),versionControlLedger,Rebuilt from git ls-files + git status on each projectStateDb run
management/docs/project-plan-progress.xlsx,1,,1,21239,51ef82c431a4ea2fc98fa0885c1df773e5aeb1941514e57753c36e5c88b3add3,repo_file_state,projectStateDb (sync-project -> syncVersionControlState),versionControlLedger,Rebuilt from git ls-files + git status on each projectStateDb run
management/docs/project-plan.md,1,,1,9843,79592091d70065b4ebf3916ae64d7ca3b8b25896c45d7342c70d2ec4b0671cfb,repo_file_state,projectStateDb (sync-project -> syncVersionControlState),versionControlLedger,Rebuilt from git ls-files + git status on each projectStateDb run
management/docs/update-packages/README.md,1,,1,250,074433f3576708c494241bec51652fd40ef64e5ac7dcabfc30b99f7a15549677,repo_file_state,projectStateDb (sync-project -> syncVersionControlState),versionControlLedger,Rebuilt from git ls-files + git status on each projectStateDb run
management/docs/workstream-i-closure-report.md,1,,1,1841,95e7f182465a15e6cc2495917bb2964460b4be6b20b11e889e572f464e368fdb,repo_file_state,projectStateDb (sync-project -> syncVersionControlState),versionControlLedger,Rebuilt from git ls-files + git status on each projectStateDb run
management/docs/workstream-i-scope-of-works.md,1,,1,5205,ef8544c109bc10bedd06295f669fbcdf73c3156e1f7e8db13375ba96153b3349,repo_file_state,projectStateDb (sync-project -> syncVersionControlState),versionControlLedger,Rebuilt from git ls-files + git status on each projectStateDb run
management/pm-console/build.gradle,1,,1,454,57bf41851234afeb13a6747749524fb30a9350f5a7dc4afdf8a07767feb2052a,repo_file_state,projectStateDb (sync-project -> syncVersionControlState),versionControlLedger,Rebuilt from git ls-files + git status on each projectStateDb run
management/pm-console/src/main/java/solutions/pointzero/symphony/pm/console/PmConsoleMain.java,1,,1,75379,a634427c430e23630f14b1f81b9fc4cffe8047e04122fcb7d40e72611f85e1ea,repo_file_state,projectStateDb (sync-project -> syncVersionControlState),versionControlLedger,Rebuilt from git ls-files + git status on each projectStateDb run
management/pm-console/src/test/java/solutions/pointzero/symphony/pm/console/PmConsoleMainTest.java,1,,1,3167,d952dda6f01bed643bca456e8eb5cd3e4eb54f4b8ebc83a8d855507697a031f7,repo_file_state,projectStateDb (sync-project -> syncVersionControlState),versionControlLedger,Rebuilt from git ls-files + git status on each projectStateDb run
management/pm-tools/build.gradle,1,,1,390,b45a96a1bb89b33ff3379fe301ef21bcf3af7cd97ab5d7048099660aee5137a9,repo_file_state,projectStateDb (sync-project -> syncVersionControlState),versionControlLedger,Rebuilt from git ls-files + git status on each projectStateDb run
management/pm-tools/src/main/java/solutions/pointzero/symphony/pm/tools/BoilerplateSyncWorkbookUpdater.java,1,,1,18283,20c3603fe10ea33dc3d48bb2e7b6a806c19df61bf19037c53ebe0ecbc68c7c3f,repo_file_state,projectStateDb (sync-project -> syncVersionControlState),versionControlLedger,Rebuilt from git ls-files + git status on each projectStateDb run
management/pm-tools/src/main/java/solutions/pointzero/symphony/pm/tools/PolicyGovernanceWorkbookUpdater.java,1,,1,5953,c42bff43bb409866e8ccc7745c45e745541e8296d080665f428830bbf8a8c53c,repo_file_state,projectStateDb (sync-project -> syncVersionControlState),versionControlLedger,Rebuilt from git ls-files + git status on each projectStateDb run
management/pm-tools/src/main/java/solutions/pointzero/symphony/pm/tools/ProjectPlanWorkbookUpdater.java,1,,1,22324,1dcd63961590e45d8c39416334d9d45be726b642cc037b38e6072566221eec27,repo_file_state,projectStateDb (sync-project -> syncVersionControlState),versionControlLedger,Rebuilt from git ls-files + git status on each projectStateDb run
management/pm-tools/src/main/java/solutions/pointzero/symphony/pm/tools/StateDatabaseTool.java,1,,1,203181,418c442255fcb81c8f23bf51254165f687359719e936c886d4f848d90d790007,repo_file_state,projectStateDb (sync-project -> syncVersionControlState),versionControlLedger,Rebuilt from git ls-files + git status on each projectStateDb run
management/pm-tools/src/test/java/solutions/pointzero/symphony/pm/tools/StateDatabaseToolTest.java,1,,1,23994,481250aa3bc06717e4e9d5699b080cd55e5210f650895b2c865997d9094f2292,repo_file_state,projectStateDb (sync-project -> syncVersionControlState),versionControlLedger,Rebuilt from git ls-files + git status on each projectStateDb run
management/pm/policy/policy-rule-tables.sql,1,,1,30563,bd4cb2a4667b4e062eafa0ee98bda6575bf9dabebc296f2208629ee4bb4cab99,repo_file_state,projectStateDb (sync-project -> syncVersionControlState),versionControlLedger,Rebuilt from git ls-files + git status on each projectStateDb run
management/pm/reports/action-decision-suggestions.json,1,M,1,5186,981b6a70c97594d922e26d103bfeddec581ce7daddaae377638c1a7e6c0ecd22,repo_file_state,projectStateDb (sync-project -> syncVersionControlState),versionControlLedger,Rebuilt from git ls-files + git status on each projectStateDb run
management/pm/reports/action-ingest-strict.json,1,,1,276,cf0b7cabd047fcc37e7cee59efd59c0a49372d66e343ceaed02e5b3877403571,repo_file_state,projectStateDb (sync-project -> syncVersionControlState),versionControlLedger,Rebuilt from git ls-files + git status on each projectStateDb run
management/pm/reports/action-items.json,1,M,1,4609,ed0c25cc20e4b3b957f9c92f3a0679196f84f269e50d3a854204c98e38d0b4fe,repo_file_state,projectStateDb (sync-project -> syncVersionControlState),versionControlLedger,Rebuilt from git ls-files + git status on each projectStateDb run
management/pm/reports/action-owner-summary.json,1,M,1,293,3a2b74182f4d9508b8f90d8cf7644a467ea4e5857a62bc872c11f575caebc63a,repo_file_state,projectStateDb (sync-project -> syncVersionControlState),versionControlLedger,Rebuilt from git ls-files + git status on each projectStateDb run
management/pm/reports/action-sla-trend.json,1,M,1,487,b830d49dc1b94b073f8ae30b68a63bc66b4ced4325d47ca3cdd2ae279f7c7e7c,repo_file_state,projectStateDb (sync-project -> syncVersionControlState),versionControlLedger,Rebuilt from git ls-files + git status on each projectStateDb run
management/pm/reports/application-realm-policy.json,1,M,1,26418,2359d2b36d56f334e20aac11e070f76a587dfaf97f10b3dfdd084e12c0be728e,repo_file_state,projectStateDb (sync-project -> syncVersionControlState),versionControlLedger,Rebuilt from git ls-files + git status on each projectStateDb run
management/pm/reports/boilerplate-package-files-with-context.csv,1,,1,31837,3be5749f7202c016400f5de42c656051ba7d4684bb57078773aff375bf0d9051,repo_file_state,projectStateDb (sync-project -> syncVersionControlState),versionControlLedger,Rebuilt from git ls-files + git status on each projectStateDb run
management/pm/reports/boilerplate-promotion-status.json,1,M,1,13420,82aa4a91807cc2d5567e7e4835bfc3ee739f6f586258e7fa7a7d9ed81b86a4a7,repo_file_state,projectStateDb (sync-project -> syncVersionControlState),versionControlLedger,Rebuilt from git ls-files + git status on each projectStateDb run
management/pm/reports/boilerplate-realm-policy.json,1,M,1,27402,1483f5958d3e8a22d444ab69c33f85636192bcd314dd70e51a308bfa4310843a,repo_file_state,projectStateDb (sync-project -> syncVersionControlState),versionControlLedger,Rebuilt from git ls-files + git status on each projectStateDb run
management/pm/reports/cross-realm-action-token-search.json,1,M,1,122,853e52eb1cc0609c57af68a662838288d5518e4eaad9207171c019aee3db1557,repo_file_state,projectStateDb (sync-project -> syncVersionControlState),versionControlLedger,Rebuilt from git ls-files + git status on each projectStateDb run
management/pm/reports/cross-realm-token-search.json,1,M,1,46901,aaac841f5a9208d00e8014479482c4d487501150d3d9f525c8db5dd4887d86d8,repo_file_state,projectStateDb (sync-project -> syncVersionControlState),versionControlLedger,Rebuilt from git ls-files + git status on each projectStateDb run
management/pm/reports/data-dictionary-lint.json,1,M,1,841,121e3dc99a2c131e85cc669fd912ea7daaebe4a790a18bc6d299e6fadebdc08a,repo_file_state,projectStateDb (sync-project -> syncVersionControlState),versionControlLedger,Rebuilt from git ls-files + git status on each projectStateDb run
management/pm/reports/data-dictionary.json,1,M,1,19535,dce3173c987fa9877e3a35c62473bbb8e3617ddef56624aed240d66c9a3bbfcc,repo_file_state,projectStateDb (sync-project -> syncVersionControlState),versionControlLedger,Rebuilt from git ls-files + git status on each projectStateDb run
management/pm/reports/decision-priority-queue.json,1,M,1,4629,0de762308f94a744d8f4c4e9f4c84a4c1173bfe8953d896672e8105105e277ad,repo_file_state,projectStateDb (sync-project -> syncVersionControlState),versionControlLedger,Rebuilt from git ls-files + git status on each projectStateDb run
management/pm/reports/documentation-manifest.json,1,M,1,16838,a0626ffe77f7876def2479ddf73a4d224683303eb648e5e6ed302c8e50429b0f,repo_file_state,projectStateDb (sync-project -> syncVersionControlState),versionControlLedger,Rebuilt from git ls-files + git status on each projectStateDb run
management/pm/reports/environment-dashboard.json,1,M,1,373,427aa4e336b7a00414676db3d28feec38f52442b91bd5ae6fb5abaa6d7bcd280,repo_file_state,projectStateDb (sync-project -> syncVersionControlState),versionControlLedger,Rebuilt from git ls-files + git status on each projectStateDb run
management/pm/reports/environment-health.json,1,M,1,1187,2872fb8bf2791cbb39f5f9a04770595663273a309064dad41d9fbc4730cc3aff,repo_file_state,projectStateDb (sync-project -> syncVersionControlState),versionControlLedger,Rebuilt from git ls-files + git status on each projectStateDb run
management/pm/reports/governance-alerts.json,1,M,1,5181,88a2e8137cab3a1ccfea85769ee1afab525853fb8e1c2b8e987f3ab36ac3d936,repo_file_state,projectStateDb (sync-project -> syncVersionControlState),versionControlLedger,Rebuilt from git ls-files + git status on each projectStateDb run
management/pm/reports/hardcoded-critical-path-gate.json,1,M,1,277,a359debde97ccaf2faf0235ca5f11572b39293951ba03691ad7a39b6e3212d1b,repo_file_state,projectStateDb (sync-project -> syncVersionControlState),versionControlLedger,Rebuilt from git ls-files + git status on each projectStateDb run
management/pm/reports/identifier-registry.json,1,M,1,89764,6c463c3f3c4549f07c86a9ce26e72e3732c85ed2db614105fcc1c2b6a04b47ff,repo_file_state,projectStateDb (sync-project -> syncVersionControlState),versionControlLedger,Rebuilt from git ls-files + git status on each projectStateDb run
management/pm/reports/issues-effectiveness.json,1,M,1,2539,a92391ae71470f2f20fbb9a0aec6978ca8fd6d87c98b9121d0669370b744e49e,repo_file_state,projectStateDb (sync-project -> syncVersionControlState),versionControlLedger,Rebuilt from git ls-files + git status on each projectStateDb run
management/pm/reports/issues-log-tickle.json,1,M,1,1331,35698374d25adbf08ba8af60a79bf196e212bca2adbd28c45870965f1e9b1414,repo_file_state,projectStateDb (sync-project -> syncVersionControlState),versionControlLedger,Rebuilt from git ls-files + git status on each projectStateDb run
management/pm/reports/knowledge-base.json,1,M,1,15373,19bf0d13746e02023adad356b2fcfa4a61cfaa97f8b05497f7efea8094e4ecdf,repo_file_state,projectStateDb (sync-project -> syncVersionControlState),versionControlLedger,Rebuilt from git ls-files + git status on each projectStateDb run
management/pm/reports/managed-tool-inventory.json,1,M,1,545,5d5d2642f9f65d37e03a3df5b6272daebafbc92ce2b1d155d0c314424562e8f7,repo_file_state,projectStateDb (sync-project -> syncVersionControlState),versionControlLedger,Rebuilt from git ls-files + git status on each projectStateDb run
management/pm/reports/pm-console-stale-cleanup.json,1,M,1,450,3b8b785cb815ba3617ac3ea6ec0add1351907bd54a15b1faa96994dd19685baa,repo_file_state,projectStateDb (sync-project -> syncVersionControlState),versionControlLedger,Rebuilt from git ls-files + git status on each projectStateDb run
management/pm/reports/pm-realm-policy.json,1,M,1,25679,27dc686bf0359dcb3efdca9d3b32267c69152e6b283917dd2ddb6f3c4afff859,repo_file_state,projectStateDb (sync-project -> syncVersionControlState),versionControlLedger,Rebuilt from git ls-files + git status on each projectStateDb run
management/pm/reports/policy-rules-lint.json,1,M,1,487,cc65adc0411bfbbfe86327a031f92e2a439fe651eb5f5b16de00b96e77227602,repo_file_state,projectStateDb (sync-project -> syncVersionControlState),versionControlLedger,Rebuilt from git ls-files + git status on each projectStateDb run
management/pm/reports/policy-rules.json,1,M,1,32189,8f245700da860095b214460c4109e4e21540e2f0fe9d7cd638882fcbd23c5a45,repo_file_state,projectStateDb (sync-project -> syncVersionControlState),versionControlLedger,Rebuilt from git ls-files + git status on each projectStateDb run
management/pm/reports/presentation-ref-lint.json,1,M,1,453,4fb85561daf79ce8f282dba6e4db02ffb69e94f8805db4d9143f6567edd1d9a7,repo_file_state,projectStateDb (sync-project -> syncVersionControlState),versionControlLedger,Rebuilt from git ls-files + git status on each projectStateDb run
management/pm/reports/project-plan-commit-marker-lint.json,1,M,1,426,8aeada47bf4b76ec56557dcffca14380ce7a7158df193dabbd4993a49dfe6e49,repo_file_state,projectStateDb (sync-project -> syncVersionControlState),versionControlLedger,Rebuilt from git ls-files + git status on each projectStateDb run
management/pm/reports/project-plan-next-step.json,1,M,1,5903,709dce6d51556781da49927407faa7b7c8db82a304bbc4472e35913f221704a9,repo_file_state,projectStateDb (sync-project -> syncVersionControlState),versionControlLedger,Rebuilt from git ls-files + git status on each projectStateDb run
management/pm/reports/project-plan-progress-application.json,1,M,1,11385,d18c030864fa3eb1b714f06bf1a2db0070d70b9fe101a1f04f9a0c217417579d,repo_file_state,projectStateDb (sync-project -> syncVersionControlState),versionControlLedger,Rebuilt from git ls-files + git status on each projectStateDb run
management/pm/reports/project-plan-progress-boilerplate.json,1,M,1,11683,e7e783c0fd77b7da0811dab6e6a6cb50b8bfa86d09be1f93936d39b078df38e4,repo_file_state,projectStateDb (sync-project -> syncVersionControlState),versionControlLedger,Rebuilt from git ls-files + git status on each projectStateDb run
management/pm/reports/project-plan-progress-data.json,1,M,1,24192,67a8316c4a268e51feafbb551d5a1760f4b069bc11c2721be3aa2646f8295bb2,repo_file_state,projectStateDb (sync-project -> syncVersionControlState),versionControlLedger,Rebuilt from git ls-files + git status on each projectStateDb run
management/pm/reports/project-plan-progress-pm.json,1,M,1,13264,612b86494f04a1edf9d5e583af150b1b7333a8642abc63ef905e795cf2d4aa52,repo_file_state,projectStateDb (sync-project -> syncVersionControlState),versionControlLedger,Rebuilt from git ls-files + git status on each projectStateDb run
management/pm/reports/realm-knowledge-link-gate.json,1,M,1,848,2cd62fb970a2c28a02729e5174c12883c97503e2515749d578cebc35c680552a,repo_file_state,projectStateDb (sync-project -> syncVersionControlState),versionControlLedger,Rebuilt from git ls-files + git status on each projectStateDb run
management/pm/reports/realm-knowledge-sync.json,1,M,1,1124,f3ac6e86b2ae960b744ed9175049d13a346961660c898d4b8c4832aae6893053,repo_file_state,projectStateDb (sync-project -> syncVersionControlState),versionControlLedger,Rebuilt from git ls-files + git status on each projectStateDb run
management/pm/reports/realm-policy-diff.json,1,M,1,671,c097bd22b0952ee92418e6d87b2cae8d8fc77258a773dbab7cda6034f43d9a71,repo_file_state,projectStateDb (sync-project -> syncVersionControlState),versionControlLedger,Rebuilt from git ls-files + git status on each projectStateDb run
management/pm/reports/realm-policy-sync.json,1,M,1,500,42fc5fa2e97540943bd2673f37545dd983de155db482a61122e7b0b7b2247584,repo_file_state,projectStateDb (sync-project -> syncVersionControlState),versionControlLedger,Rebuilt from git ls-files + git status on each projectStateDb run
management/pm/reports/reasoning-drive.json,1,M,1,3520,afb88bbc4cdd7bc90ec591051dae579f19ca021772912054772302cb4f23fd73,repo_file_state,projectStateDb (sync-project -> syncVersionControlState),versionControlLedger,Rebuilt from git ls-files + git status on each projectStateDb run
management/pm/reports/repo-file-inventory-with-context.csv,1,M,1,135569,5c2fbf2d90e8564b36998275a235d17ca2c15a9ac4f5ba2cbfadf2b92b16da8a,repo_file_state,projectStateDb (sync-project -> syncVersionControlState),versionControlLedger,Rebuilt from git ls-files + git status on each projectStateDb run
management/pm/reports/slice-manifests/slice-management-paths.txt,1,M,1,3676,cef347ee0330c8f4f613b00d3f588dc713dd3a29942e5eebbdbe379b2fee0b23,repo_file_state,projectStateDb (sync-project -> syncVersionControlState),versionControlLedger,Rebuilt from git ls-files + git status on each projectStateDb run
management/pm/reports/slice-manifests/slice-policy-paths.txt,1,M,1,0,e3b0c44298fc1c149afbf4c8996fb92427ae41e4649b934ca495991b7852b855,repo_file_state,projectStateDb (sync-project -> syncVersionControlState),versionControlLedger,Rebuilt from git ls-files + git status on each projectStateDb run
management/pm/reports/slice-manifests/slice-product-paths.txt,1,M,1,4294,4b5ca800d911a712e7c61a5958d93b3884939a4ffab38723a48db009c7b74e1b,repo_file_state,projectStateDb (sync-project -> syncVersionControlState),versionControlLedger,Rebuilt from git ls-files + git status on each projectStateDb run
management/pm/reports/sql-authority-application.json,1,M,1,227,2eaf5b19d2f26b9fc53781740b7847acc247e58c5b185266ab0659e7aa006088,repo_file_state,projectStateDb (sync-project -> syncVersionControlState),versionControlLedger,Rebuilt from git ls-files + git status on each projectStateDb run
management/pm/reports/sql-authority-boilerplate.json,1,M,1,227,d82747c1fffc50401ec638253dc8d0913491a8fa348db4e9eb18a0b50876f0e2,repo_file_state,projectStateDb (sync-project -> syncVersionControlState),versionControlLedger,Rebuilt from git ls-files + git status on each projectStateDb run
management/pm/reports/sql-authority-pm.json,1,M,1,218,ebbbce6806ef4f97f48e162e6cccf1e0431df8fdcaf6feedbf53855b6bceb766,repo_file_state,projectStateDb (sync-project -> syncVersionControlState),versionControlLedger,Rebuilt from git ls-files + git status on each projectStateDb run
management/pm/reports/sql-coverage-application.json,1,M,1,330,d11751e5a2e1190ebe38590d0433609cfefb7169df69f125881a25e97e2d648e,repo_file_state,projectStateDb (sync-project -> syncVersionControlState),versionControlLedger,Rebuilt from git ls-files + git status on each projectStateDb run
management/pm/reports/sql-coverage-boilerplate.json,1,M,1,330,073475d1c1f8a511d31175d6f7bb653b04314334359dde0a518c97b8fead0c73,repo_file_state,projectStateDb (sync-project -> syncVersionControlState),versionControlLedger,Rebuilt from git ls-files + git status on each projectStateDb run
management/pm/reports/sql-coverage-pm.json,1,M,1,321,a2b0cc972f4f9bbdf88dac89ef3eb09bcb24a02d6413eb66ee1082137bb5e5d4,repo_file_state,projectStateDb (sync-project -> syncVersionControlState),versionControlLedger,Rebuilt from git ls-files + git status on each projectStateDb run
management/pm/reports/sql-reconstruction-application.json,1,M,1,227,063c8f826818a3be3b908526a21923673f840338c3f163426c17bbc9868db132,repo_file_state,projectStateDb (sync-project -> syncVersionControlState),versionControlLedger,Rebuilt from git ls-files + git status on each projectStateDb run
management/pm/reports/sql-reconstruction-boilerplate.json,1,M,1,227,5499fb8b72ec5c73f1a038b19883c7e9543a8ec854c12ef4d5522caf37ca034b,repo_file_state,projectStateDb (sync-project -> syncVersionControlState),versionControlLedger,Rebuilt from git ls-files + git status on each projectStateDb run
management/pm/reports/sql-reconstruction-pm.json,1,M,1,218,c897a2315c138d1ed3dfcf07f71f93e6948920b008a2a8424842c7eb874b6471,repo_file_state,projectStateDb (sync-project -> syncVersionControlState),versionControlLedger,Rebuilt from git ls-files + git status on each projectStateDb run
management/pm/reports/tool-argument-compliance.json,1,M,1,92018,93d6cbd1510fbe9431a927838508114765ebb89efe5ab5ba5807e47e40d8e786,repo_file_state,projectStateDb (sync-project -> syncVersionControlState),versionControlLedger,Rebuilt from git ls-files + git status on each projectStateDb run
management/pm/reports/topology-structure-drift.json,1,M,1,543,60f1c8a284e0763021c9d5d5dd17300006ae8ad13a6b38c7635fd2853f702e39,repo_file_state,projectStateDb (sync-project -> syncVersionControlState),versionControlLedger,Rebuilt from git ls-files + git status on each projectStateDb run
management/pm/reports/version-control-ledger.json,1,M,1,126390,f3d1d5296a068a40e933d32d3e1cbbd3a3395404f91c064cd6b7547d5d902669,repo_file_state,projectStateDb (sync-project -> syncVersionControlState),versionControlLedger,Rebuilt from git ls-files + git status on each projectStateDb run
management/pm/reports/version.json,1,M,1,208,e369e43f0bd03ffde19f07298dbe27d2cab03fa07512e17ffe85f4ee46e74d80,repo_file_state,projectStateDb (sync-project -> syncVersionControlState),versionControlLedger,Rebuilt from git ls-files + git status on each projectStateDb run
management/pm/reports/workstream-j-slice-evidence.json,1,M,1,1057,8b28adbddabeec018496cb583e59a639c43e53194c3e69d48493347908e45027,repo_file_state,projectStateDb (sync-project -> syncVersionControlState),versionControlLedger,Rebuilt from git ls-files + git status on each projectStateDb run
management/pm/reports/workstream-knowledge-sync.json,1,M,1,1759,f0695d7bd8049b98cc498380d183a38ce35c4916c7e073d84a1a47b1c545ac2f,repo_file_state,projectStateDb (sync-project -> syncVersionControlState),versionControlLedger,Rebuilt from git ls-files + git status on each projectStateDb run
management/pm/security/authorized-databases.json,1,,1,1623,421f8ff6aa6d22b68bab6eeb2f364aa4443202a52264a6c798ff467c0ec47f47,repo_file_state,projectStateDb (sync-project -> syncVersionControlState),versionControlLedger,Rebuilt from git ls-files + git status on each projectStateDb run
management/pm/state/action-sla-history.json,1,M,1,308,e06b443d24f17e08acfa48d242f96e52ee506d69b629a225fa732c0a4b9cd844,repo_file_state,projectStateDb (sync-project -> syncVersionControlState),versionControlLedger,Rebuilt from git ls-files + git status on each projectStateDb run
management/pm/state/application-realm.sqlite,1,M,1,5218304,faa1c317bf50da104134c28f2c96f6e6b19aa182c76373ce0ce7e212625748fa,repo_file_state,projectStateDb (sync-project -> syncVersionControlState),versionControlLedger,Rebuilt from git ls-files + git status on each projectStateDb run
management/pm/state/boilerplate-realm.sqlite,1,M,1,2875392,0e53df4eb1be734923cd8de67b0142e4e34a58a97f318b2b855874882d76448d,repo_file_state,projectStateDb (sync-project -> syncVersionControlState),versionControlLedger,Rebuilt from git ls-files + git status on each projectStateDb run
management/pm/state/boilerplate-state.sqlite,1,M,1,90112,87415b71ace5b0b270da597d627e502b78f791058099d7c1b391e1336a59e290,repo_file_state,projectStateDb (sync-project -> syncVersionControlState),versionControlLedger,Rebuilt from git ls-files + git status on each projectStateDb run
management/pm/state/core-realm.sqlite,1,M,1,98304,2b4d167b67e01a06131464b9c3aba8171cdc30edd88ec8b43c609c937c20288c,repo_file_state,projectStateDb (sync-project -> syncVersionControlState),versionControlLedger,Rebuilt from git ls-files + git status on each projectStateDb run
management/pm/state/critical-db-sha256.txt,1,,1,690,415280c546b4a97b86b35e64c77b9734ef227dd287b021ec4bebd92bee083ab4,repo_file_state,projectStateDb (sync-project -> syncVersionControlState),versionControlLedger,Rebuilt from git ls-files + git status on each projectStateDb run
management/pm/state/pm-console-stale-history.json,1,M,1,3511,7326e244a62d95b8b88437c610b8797d5f73769c1e981768ea730c8b3d06b468,repo_file_state,projectStateDb (sync-project -> syncVersionControlState),versionControlLedger,Rebuilt from git ls-files + git status on each projectStateDb run
management/pm/state/pm-realm.sqlite,1,M,1,24350720,62e5586d14e37087c11f979cf444617db81a67c6df0b59aac2c5f82495463db4,repo_file_state,projectStateDb (sync-project -> syncVersionControlState),versionControlLedger,Rebuilt from git ls-files + git status on each projectStateDb run
management/pm/state/project-state.sqlite,1,M,1,602112,efd89689ff9a1ae66d8016d32c2aa214b31397817178521c228ce2b82401b3d7,repo_file_state,projectStateDb (sync-project -> syncVersionControlState),versionControlLedger,Rebuilt from git ls-files + git status on each projectStateDb run
management/pm/state/realm-policy-snapshot.json,1,M,1,87532,d733a8f14ff2888bfe154724149193513ca78d9d83ae3b99570a9e1fad0b864a,repo_file_state,projectStateDb (sync-project -> syncVersionControlState),versionControlLedger,Rebuilt from git ls-files + git status on each projectStateDb run
management/pm/state/reasoning-derived.sqlite,1,M,1,24576,bf0430d8cafbc3cb646d6d2d75a51ab4034a43491fc51b8bd93edac1e23778e5,repo_file_state,projectStateDb (sync-project -> syncVersionControlState),versionControlLedger,Rebuilt from git ls-files + git status on each projectStateDb run
management/pm/state/reasoning-experience.sqlite,1,M,1,28672,54fef33f0eea6761fe5fe5b8d2d321bbdafcfa98ba4fc36b228a80cbac700960,repo_file_state,projectStateDb (sync-project -> syncVersionControlState),versionControlLedger,Rebuilt from git ls-files + git status on each projectStateDb run
management/pm/workflow/binary-artifact-policy.txt,1,,1,1255,263d656b29b0da9a8b7ddf4c5ae14c497a9b5d91088e52018481ec40e15d40a1,repo_file_state,projectStateDb (sync-project -> syncVersionControlState),versionControlLedger,Rebuilt from git ls-files + git status on each projectStateDb run
management/pm/workflow/core-derivative-topology.json,1,,1,5808,44a569c5aaab1be6929a27759ee57926aee1e4f4d9644aad708790dcb5f83f90,repo_file_state,projectStateDb (sync-project -> syncVersionControlState),versionControlLedger,Rebuilt from git ls-files + git status on each projectStateDb run
management/pm/workflow/minimal-snapshot-keep.txt,1,,1,1306,3f95ee61b1e4edfb9f5d5a17b2c59940c122edbc8fbbb35bc3f748cd0b32006d,repo_file_state,projectStateDb (sync-project -> syncVersionControlState),versionControlLedger,Rebuilt from git ls-files + git status on each projectStateDb run
management/pm/workflow/path-contract.json,1,,1,530,02982348ff2b2369f78440be1bf0c52a3e755c1bf7863e644657a0aec13f7452,repo_file_state,projectStateDb (sync-project -> syncVersionControlState),versionControlLedger,Rebuilt from git ls-files + git status on each projectStateDb run
management/pm/workflow/realm-managed-manifest.json,1,,1,2683,fd0eb4fecb0aae623c996e5800ecaa20ce1070c14b1fafbe5c53a8fb73428e1c,repo_file_state,projectStateDb (sync-project -> syncVersionControlState),versionControlLedger,Rebuilt from git ls-files + git status on each projectStateDb run
management/pm/workflow/workflow-manifest.json,1,,1,3285,6e31a0fcc8df4c79ab68690d2e5b7c2772d8b880427884e3dc1b2e5cb3a059cf,repo_file_state,projectStateDb (sync-project -> syncVersionControlState),versionControlLedger,Rebuilt from git ls-files + git status on each projectStateDb run
management/pm/workflow/workstream-realm-map.json,1,,1,565,afe77893c5fcee5847cca0281d530e3e171af17e45b246671756ab01a3618ae0,repo_file_state,projectStateDb (sync-project -> syncVersionControlState),versionControlLedger,Rebuilt from git ls-files + git status on each projectStateDb run
management/tools/action_decision_suggestions.py,1,,1,3368,671597703e6cfd921c4ed3678dbcde43b75519a552c9ba13f6654f689b09e47b,repo_file_state,projectStateDb (sync-project -> syncVersionControlState),versionControlLedger,Rebuilt from git ls-files + git status on each projectStateDb run
management/tools/action_owner_summary.py,1,,1,2054,a74e9a34ff9053dbca6cfd40d1ce5b594c0fc76605ed81c0e261edbe8ea4b199,repo_file_state,projectStateDb (sync-project -> syncVersionControlState),versionControlLedger,Rebuilt from git ls-files + git status on each projectStateDb run
management/tools/action_sla_trend.py,1,,1,2739,30d1836695b541be0fc4bff5067af23b1ff13f9429445cecb40ee60be7233d22,repo_file_state,projectStateDb (sync-project -> syncVersionControlState),versionControlLedger,Rebuilt from git ls-files + git status on each projectStateDb run
management/tools/bootstrap_core_derivative_project.sh,1,,1,943,3381b15f7ddd6785601c5e7cdcc21f0accf62af86c2904a61a54b0c33ecc6113,repo_file_state,projectStateDb (sync-project -> syncVersionControlState),versionControlLedger,Rebuilt from git ls-files + git status on each projectStateDb run
management/tools/check_action_ingest_strict.py,1,,1,2196,d90beb6eb1dce0689b25f8de14e0a488cb22982864668a45a7d796b170f67612,repo_file_state,projectStateDb (sync-project -> syncVersionControlState),versionControlLedger,Rebuilt from git ls-files + git status on each projectStateDb run
management/tools/check_critical_db_hashes.sh,1,,1,1723,bb4e3f6566e052293fa2322ae06a3c571d41d6b7d8b8e2758f0376ada51e38f9,repo_file_state,projectStateDb (sync-project -> syncVersionControlState),versionControlLedger,Rebuilt from git ls-files + git status on each projectStateDb run
management/tools/environment_dashboard_report.py,1,,1,2314,cf6e4c62e7cece7644f67a01ae768bea3d4d6258a5de6487126f84355678e044,repo_file_state,projectStateDb (sync-project -> syncVersionControlState),versionControlLedger,Rebuilt from git ls-files + git status on each projectStateDb run
management/tools/environment_health_check.py,1,,1,10367,7c57e14bcc96b4a68c509ba18b2f20a3ac1dac0e0dbca25233d9cc1ac189fe56,repo_file_state,projectStateDb (sync-project -> syncVersionControlState),versionControlLedger,Rebuilt from git ls-files + git status on each projectStateDb run
management/tools/export_boilerplate_package.sh,1,,1,793,7c7dd7f595c332c7a5e7ad967359717303d6cfe7ff55b8e8cc9f28fb60e6db37,repo_file_state,projectStateDb (sync-project -> syncVersionControlState),versionControlLedger,Rebuilt from git ls-files + git status on each projectStateDb run
management/tools/export_project_plan_progress_json.py,1,,1,2000,0d6a05bf144fbe6bb82031b0840f18dbd4af898bb8d7c5531f1eeef3307292df,repo_file_state,projectStateDb (sync-project -> syncVersionControlState),versionControlLedger,Rebuilt from git ls-files + git status on each projectStateDb run
management/tools/fake-afp-engine.sh,1,,1,2219,170a1abb14151ec3c16441df7b565342fb412488a5f807fae84e25004c54b70b,repo_file_state,projectStateDb (sync-project -> syncVersionControlState),versionControlLedger,Rebuilt from git ls-files + git status on each projectStateDb run
management/tools/git-hooks/pre-commit,1,,1,309,21f184b84ffc6656074bffde6d43c5b58cd39f1dd4d0fbaa103d4c758bda0b91,repo_file_state,projectStateDb (sync-project -> syncVersionControlState),versionControlLedger,Rebuilt from git ls-files + git status on each projectStateDb run
management/tools/hardcoded_critical_path_gate.py,1,,1,2841,3e1b334142bb2f32b1666fd372dd958bfca5fb9c8c4c0670b92517e9a9028749,repo_file_state,projectStateDb (sync-project -> syncVersionControlState),versionControlLedger,Rebuilt from git ls-files + git status on each projectStateDb run
management/tools/init_update_package.sh,1,,1,1086,6ecab1f0c236bcf801540313c55e11e57a44f86c1a6e87ff9fe154b030728a1a,repo_file_state,projectStateDb (sync-project -> syncVersionControlState),versionControlLedger,Rebuilt from git ls-files + git status on each projectStateDb run
management/tools/install_git_hooks.sh,1,,1,471,545096e68f49bb380c73b0ece4edc726b23141e0cd0c8988fb423a2446418b9b,repo_file_state,projectStateDb (sync-project -> syncVersionControlState),versionControlLedger,Rebuilt from git ls-files + git status on each projectStateDb run
management/tools/issues_effectiveness_report.py,1,,1,4814,3c3b4f357cae0dd3b6ee5bbd48f4c62ccf5a06b0872dc6cc3a81a23e2a75bfd1,repo_file_state,projectStateDb (sync-project -> syncVersionControlState),versionControlLedger,Rebuilt from git ls-files + git status on each projectStateDb run
management/tools/issues_log_tickle.py,1,,1,3892,c89bbb03160426a3748b22ab35b7b324dc8f26102ff798b33f9e2736a34ab0b0,repo_file_state,projectStateDb (sync-project -> syncVersionControlState),versionControlLedger,Rebuilt from git ls-files + git status on each projectStateDb run
management/tools/lint_environment_policy_defaults.py,1,,1,1354,bc2c52d327db4fa423636988aa468544c23a76e5987d88fb913a6a4794de935f,repo_file_state,projectStateDb (sync-project -> syncVersionControlState),versionControlLedger,Rebuilt from git ls-files + git status on each projectStateDb run
management/tools/managed_tool_inventory.py,1,,1,4026,976ddce2939c190331e16b3273b36c067d4e860bdeb085cb072dcdea959ab7c6,repo_file_state,projectStateDb (sync-project -> syncVersionControlState),versionControlLedger,Rebuilt from git ls-files + git status on each projectStateDb run
management/tools/manifest_from_sql.py,1,,1,1642,9633521955f4ed0aa758a5c062e6886eed2f551173755517d37fbe80cad30c7a,repo_file_state,projectStateDb (sync-project -> syncVersionControlState),versionControlLedger,Rebuilt from git ls-files + git status on each projectStateDb run
management/tools/manifest_from_sql.sh,1,,1,115,30172866465791be5e9fcd00164e5c7fe564e7dd0fc8e98ab00cf31bfd7b3060,repo_file_state,projectStateDb (sync-project -> syncVersionControlState),versionControlLedger,Rebuilt from git ls-files + git status on each projectStateDb run
management/tools/minimal_snapshot.sh,1,,1,1119,afc351c115e1f46baa7908313a17c4dde9467cba518f4726c0d9bbd41a5e374d,repo_file_state,projectStateDb (sync-project -> syncVersionControlState),versionControlLedger,Rebuilt from git ls-files + git status on each projectStateDb run
management/tools/minimal_snapshot_guard.sh,1,,1,607,f3455f248248d4d320c0459125bba12820eda5313432a6a8b23ea530e7f7dc6a,repo_file_state,projectStateDb (sync-project -> syncVersionControlState),versionControlLedger,Rebuilt from git ls-files + git status on each projectStateDb run
management/tools/plan_progress_commit_marker.py,1,,1,4346,7c939a9d1b157f657da0261390c07ca534743d2a41e3d83c9c16d4752866fe99,repo_file_state,projectStateDb (sync-project -> syncVersionControlState),versionControlLedger,Rebuilt from git ls-files + git status on each projectStateDb run
management/tools/pm_console_cleanup.py,1,,1,5282,5a75ff8fbe0e51ac80e0d9455d02c7653378b8d41eef945273d40197ad16dcc4,repo_file_state,projectStateDb (sync-project -> syncVersionControlState),versionControlLedger,Rebuilt from git ls-files + git status on each projectStateDb run
management/tools/pm_console_live_daemon.sh,1,,1,2075,00434332ee3a995b3ed2520247303fa6d65366f825b4b45182c6105ec75ba39d,repo_file_state,projectStateDb (sync-project -> syncVersionControlState),versionControlLedger,Rebuilt from git ls-files + git status on each projectStateDb run
management/tools/pm_workflow.py,1,,1,4824,572e898508abdaa1fdd30922f320daf8f8a261f7c6e38978200af3ce4ecdc3b5,repo_file_state,projectStateDb (sync-project -> syncVersionControlState),versionControlLedger,Rebuilt from git ls-files + git status on each projectStateDb run
management/tools/presentation_ref_lint.py,1,,1,5282,7b86d47ea0ba707836cc40622f0b805253c1f150f1d8ab8bb091df28a9eef025,repo_file_state,projectStateDb (sync-project -> syncVersionControlState),versionControlLedger,Rebuilt from git ls-files + git status on each projectStateDb run
management/tools/protect_core_authenticity.sh,1,,1,4089,51a5e5a5c16f5c6b3964e410005c3a45ddbb494d1ebfe15c885a77d7bcf545b5,repo_file_state,projectStateDb (sync-project -> syncVersionControlState),versionControlLedger,Rebuilt from git ls-files + git status on each projectStateDb run
management/tools/realm_drift_verify.sh,1,,1,1427,6707ff931bd0bd2f85b1c0f8a7814293a2140d3c3931f24e7a0c61ba002541d1,repo_file_state,projectStateDb (sync-project -> syncVersionControlState),versionControlLedger,Rebuilt from git ls-files + git status on each projectStateDb run
management/tools/realm_knowledge_link_gate.py,1,,1,3658,18629e459468a9c05caba4e6b1fc2e91723cf4291d3b0a5ce2b3e286e790fa20,repo_file_state,projectStateDb (sync-project -> syncVersionControlState),versionControlLedger,Rebuilt from git ls-files + git status on each projectStateDb run
management/tools/realm_knowledge_sync.py,1,,1,9274,d56b2ba96c68315099516badcd095b81fb1f746b9291047e69d737e877001a1d,repo_file_state,projectStateDb (sync-project -> syncVersionControlState),versionControlLedger,Rebuilt from git ls-files + git status on each projectStateDb run
management/tools/realm_policy_diff.py,1,,1,3361,cf6925d470d60dade48839642bce500546d2c52d1375c5b30433cc19a40795a5,repo_file_state,projectStateDb (sync-project -> syncVersionControlState),versionControlLedger,Rebuilt from git ls-files + git status on each projectStateDb run
management/tools/realm_policy_sync.py,1,,1,4385,37cb3ce6cc5463ab39aaba7c6055fc8556dd7a00fe9de624144dadc0ee268ea7,repo_file_state,projectStateDb (sync-project -> syncVersionControlState),versionControlLedger,Rebuilt from git ls-files + git status on each projectStateDb run
management/tools/reasoning_sync.py,1,,1,13278,d542c1ec4e136ad9f87484ac7c69a391d7d1054007150c5afa384e94a2341944,repo_file_state,projectStateDb (sync-project -> syncVersionControlState),versionControlLedger,Rebuilt from git ls-files + git status on each projectStateDb run
management/tools/recovery_doctor.md,1,,1,1202,6f037f5b104fe5c9bf436552a391a808c426f8fdc9d378a0104e1a16f4b14866,repo_file_state,projectStateDb (sync-project -> syncVersionControlState),versionControlLedger,Rebuilt from git ls-files + git status on each projectStateDb run
management/tools/recovery_doctor.sh,1,,1,4035,b75d962b57343983dfe1b22b121cdf030ca6293c2eda4fe68afc1eeac0a918a9,repo_file_state,projectStateDb (sync-project -> syncVersionControlState),versionControlLedger,Rebuilt from git ls-files + git status on each projectStateDb run
management/tools/recovery_quick_check.sh,1,,1,745,cae2a9811b45c1d5de4f19b4db6ad384fce085bfb56102c833b279ace35194a7,repo_file_state,projectStateDb (sync-project -> syncVersionControlState),versionControlLedger,Rebuilt from git ls-files + git status on each projectStateDb run
management/tools/remanifest_drill.py,1,,1,5170,32a3b7799693febcc9581aeb13e6c06033e808625fde7350a463e687b34acbc9,repo_file_state,projectStateDb (sync-project -> syncVersionControlState),versionControlLedger,Rebuilt from git ls-files + git status on each projectStateDb run
management/tools/restore_binary_artifacts.sh,1,,1,2000,a06578031277eace9b807c39be8a4138622e11475c8992d08792cf7e5b00e17f,repo_file_state,projectStateDb (sync-project -> syncVersionControlState),versionControlLedger,Rebuilt from git ls-files + git status on each projectStateDb run
management/tools/restore_core_authenticity.sh,1,,1,2634,2090f99b20c2f646539b7214b5138da7d3e920fc4e5bded311f6e275687d6ddf,repo_file_state,projectStateDb (sync-project -> syncVersionControlState),versionControlLedger,Rebuilt from git ls-files + git status on each projectStateDb run
management/tools/restore_recovery_checkpoint.sh,1,,1,1012,155f08e9c3605984c603166113e89d6d6aa215477bebe307f97a7bd3a5fed1a8,repo_file_state,projectStateDb (sync-project -> syncVersionControlState),versionControlLedger,Rebuilt from git ls-files + git status on each projectStateDb run
management/tools/rollback_manager.py,1,,1,7536,6f4994ecd043e9f57f57929702623fd88ab3dafbbb529c528262e64cb9a4221d,repo_file_state,projectStateDb (sync-project -> syncVersionControlState),versionControlLedger,Rebuilt from git ls-files + git status on each projectStateDb run
management/tools/run_excel_workbook_refresh.py,1,,1,4850,301f72bb3bb0343521202932456c3d386c67aae8d850e1edec48f9cae0a89f26,repo_file_state,projectStateDb (sync-project -> syncVersionControlState),versionControlLedger,Rebuilt from git ls-files + git status on each projectStateDb run
management/tools/sql_code_workflow.sh,1,,1,3381,b502538e3eda5b82c45679216481798a585b5053a7933810cf47f8b0a15b3139,repo_file_state,projectStateDb (sync-project -> syncVersionControlState),versionControlLedger,Rebuilt from git ls-files + git status on each projectStateDb run
management/tools/sql_drift_summary.py,1,,1,2474,9ece4129e3907eb55b23a4a87c8b092b0bb9e1b6dc35bb54b7340ac4255a82ce,repo_file_state,projectStateDb (sync-project -> syncVersionControlState),versionControlLedger,Rebuilt from git ls-files + git status on each projectStateDb run
management/tools/sql_upsert_text_files.sh,1,,1,861,9b759e6d7fd70c91ba39fee479bb89f5d97f1a5c6758c559562cc7b27517e09f,repo_file_state,projectStateDb (sync-project -> syncVersionControlState),versionControlLedger,Rebuilt from git ls-files + git status on each projectStateDb run
management/tools/tests/test_check_action_ingest_strict.py,1,,1,1553,c3f959562fe1f2d732ffa415db17cb5312a36105e79546ab07928368ded9c05e,repo_file_state,projectStateDb (sync-project -> syncVersionControlState),versionControlLedger,Rebuilt from git ls-files + git status on each projectStateDb run
management/tools/tests/test_environment_health_check.py,1,,1,1642,c8d8ab446844ae1d5c076d24db52809f837ffeb405bff74d42753af7bd7b0cbb,repo_file_state,projectStateDb (sync-project -> syncVersionControlState),versionControlLedger,Rebuilt from git ls-files + git status on each projectStateDb run
management/tools/tests/test_plan_progress_commit_marker.py,1,,1,2489,45fe795e7c361bb0a7a70d9a2c6ea9d4b467c8c1a0758da3a06d55f4b1e22179,repo_file_state,projectStateDb (sync-project -> syncVersionControlState),versionControlLedger,Rebuilt from git ls-files + git status on each projectStateDb run
management/tools/tests/test_pm_console_cleanup.py,1,,1,1432,c4bcf8f35c3e926f8726eb0d36106008361e3490b4a1b185ff57a4abdfca1900,repo_file_state,projectStateDb (sync-project -> syncVersionControlState),versionControlLedger,Rebuilt from git ls-files + git status on each projectStateDb run
management/tools/tests/test_pm_environment_ready_chain.py,1,,1,832,5056a1ed65e39a83bda9f889e37f1ee4e302ba96a7412d10b0a55160e2307655,repo_file_state,projectStateDb (sync-project -> syncVersionControlState),versionControlLedger,Rebuilt from git ls-files + git status on each projectStateDb run
management/tools/tests/test_presentation_ref_lint.py,1,,1,3129,c9e7b7096d80e17d06f7140f654a0b4c9090b223d0939014aaedba9194d07c03,repo_file_state,projectStateDb (sync-project -> syncVersionControlState),versionControlLedger,Rebuilt from git ls-files + git status on each projectStateDb run
management/tools/tests/test_realm_knowledge_link_gate.py,1,,1,2116,fc6e47fd1de3c6fa14eee103301d16fd7e0199dd1bb23e4ea72f82c5889c0dc5,repo_file_state,projectStateDb (sync-project -> syncVersionControlState),versionControlLedger,Rebuilt from git ls-files + git status on each projectStateDb run
management/tools/tests/test_realm_policy_diff.py,1,,1,2218,fa20e104e91191abf31de44881acc1c28a19584960dcbc05fe4484eb8c74d288,repo_file_state,projectStateDb (sync-project -> syncVersionControlState),versionControlLedger,Rebuilt from git ls-files + git status on each projectStateDb run
management/tools/tests/test_realm_policy_sync.py,1,,1,3012,7854ee31804da7675bd1c06fc6ec8095a81dfc98ab97063598881b9b7785a1ba,repo_file_state,projectStateDb (sync-project -> syncVersionControlState),versionControlLedger,Rebuilt from git ls-files + git status on each projectStateDb run
management/tools/tests/test_validate_stale_history_report.py,1,,1,1018,66f39a115ff6e0f10c66150e067c8e829422afb16580ebcd54bb894dc4b166eb,repo_file_state,projectStateDb (sync-project -> syncVersionControlState),versionControlLedger,Rebuilt from git ls-files + git status on each projectStateDb run
management/tools/tests/test_workstream_slice_report.py,1,,1,1253,8a9c86e1870671d0a10c04af8b06140fe07fe79e3a47ad1a575d222b34287def,repo_file_state,projectStateDb (sync-project -> syncVersionControlState),versionControlLedger,Rebuilt from git ls-files + git status on each projectStateDb run
management/tools/tool_argument_compliance.py,1,,1,4317,11b25fb7f30fdb453c9efa58a88f190eccdea4aef9f94067a3377b64c0c01000,repo_file_state,projectStateDb (sync-project -> syncVersionControlState),versionControlLedger,Rebuilt from git ls-files + git status on each projectStateDb run
management/tools/topology_structure_drift.py,1,,1,2881,189e95e45ac8ce90ee7e0299f06a897cec677ff75ee0d4b6d9da22a900e4f3cf,repo_file_state,projectStateDb (sync-project -> syncVersionControlState),versionControlLedger,Rebuilt from git ls-files + git status on each projectStateDb run
management/tools/update_project_plan_workbook.py,1,,1,49041,6f238f90abd990cf2dc001ac7c81a08e6122e9049190476efabe2575283caca7,repo_file_state,projectStateDb (sync-project -> syncVersionControlState),versionControlLedger,Rebuilt from git ls-files + git status on each projectStateDb run
management/tools/validate_boilerplate_package.sh,1,,1,2027,c81631c30b629a8d2518c28b9ff35a53ac705c123dcce3eb503c5620f5e66c3e,repo_file_state,projectStateDb (sync-project -> syncVersionControlState),versionControlLedger,Rebuilt from git ls-files + git status on each projectStateDb run
management/tools/validate_environment_health_report.py,1,,1,1477,4a1064a1886d36d3e5a752fcbe3e313002692cfb5acde56fcd197ac14397cc2d,repo_file_state,projectStateDb (sync-project -> syncVersionControlState),versionControlLedger,Rebuilt from git ls-files + git status on each projectStateDb run
management/tools/validate_stale_history_report.py,1,,1,1286,637b6c756ff39611f7e8b3e697c7cc266d32589232349090523cd83ad242a24e,repo_file_state,projectStateDb (sync-project -> syncVersionControlState),versionControlLedger,Rebuilt from git ls-files + git status on each projectStateDb run
management/tools/versioning.py,1,,1,3244,de3d379787bce83501416e7a3a5bbd73fb9ea9ac731b637b3eacd75ad7738ec9,repo_file_state,projectStateDb (sync-project -> syncVersionControlState),versionControlLedger,Rebuilt from git ls-files + git status on each projectStateDb run
management/tools/workstream_knowledge_distill.py,1,,1,15815,19669f0b59e2b8a620115b9c494eaebde9acaf1a0c625647f5955469e1ec1922,repo_file_state,projectStateDb (sync-project -> syncVersionControlState),versionControlLedger,Rebuilt from git ls-files + git status on each projectStateDb run
management/tools/workstream_slice_report.py,1,,1,2841,1fc88eedb8bbcd9a70929b3db0e4e3dff6c97575c7536bf86717ca0a9738bc8f,repo_file_state,projectStateDb (sync-project -> syncVersionControlState),versionControlLedger,Rebuilt from git ls-files + git status on each projectStateDb run
policy/authenticity/index.json,1,,1,580,9e26e30ef47f84e6c418493624a2be2a9677e92e379788c24ef0835e7798d81c,repo_file_state,projectStateDb (sync-project -> syncVersionControlState),versionControlLedger,Rebuilt from git ls-files + git status on each projectStateDb run
product/afp-converter/afp-api/build.gradle,1,,1,34,208442ed66a7a17a4f1b6bfb9c660912eb511de0a6e48e17ed10551e6d999d31,repo_file_state,projectStateDb (sync-project -> syncVersionControlState),versionControlLedger,Rebuilt from git ls-files + git status on each projectStateDb run
product/afp-converter/afp-api/src/main/java/solutions/pointzero/symphony/afp/api/AfpConverter.java,1,,1,738,9efcb28b21d20d56ab6757bd7b248064d56db7078577ed9955225e656e2514d2,repo_file_state,projectStateDb (sync-project -> syncVersionControlState),versionControlLedger,Rebuilt from git ls-files + git status on each projectStateDb run
product/afp-converter/afp-api/src/main/java/solutions/pointzero/symphony/afp/api/AfpConverterConfig.java,1,,1,2713,20024ed2b3c5e0df228926fef9919b14e7908fdb1c93f92961f0e45ece42d22a,repo_file_state,projectStateDb (sync-project -> syncVersionControlState),versionControlLedger,Rebuilt from git ls-files + git status on each projectStateDb run
product/afp-converter/afp-api/src/main/java/solutions/pointzero/symphony/afp/api/AfpConverterFactory.java,1,,1,5457,e7ecea19cb0d78573977155d3933ccaec75b8a9d5339aace0cdd04eb6b3fb4c2,repo_file_state,projectStateDb (sync-project -> syncVersionControlState),versionControlLedger,Rebuilt from git ls-files + git status on each projectStateDb run
product/afp-converter/afp-api/src/main/java/solutions/pointzero/symphony/afp/api/CancellationToken.java,1,,1,284,8c621468d97c5fa5afec91bfab2e1db02c637084b78945dd6e9c5afc2fac22fe,repo_file_state,projectStateDb (sync-project -> syncVersionControlState),versionControlLedger,Rebuilt from git ls-files + git status on each projectStateDb run
product/afp-converter/afp-api/src/main/java/solutions/pointzero/symphony/afp/api/ConfigurationException.java,1,,1,358,fed01e17bcd7cec83b6cfec650ca8fb83c02db43361b508ba6dde59183df01a8,repo_file_state,projectStateDb (sync-project -> syncVersionControlState),versionControlLedger,Rebuilt from git ls-files + git status on each projectStateDb run
product/afp-converter/afp-api/src/main/java/solutions/pointzero/symphony/afp/api/ConversionException.java,1,,1,563,00f652854acc28084bc555effca2aec17863b0071475dce616746baacd0e2934,repo_file_state,projectStateDb (sync-project -> syncVersionControlState),versionControlLedger,Rebuilt from git ls-files + git status on each projectStateDb run
product/afp-converter/afp-api/src/main/java/solutions/pointzero/symphony/afp/api/ConversionOptions.java,1,,1,3912,7d9419013d440ec994b68aec9d09dc57b37c575bf6a9b22b8ec083ba0c29fb12,repo_file_state,projectStateDb (sync-project -> syncVersionControlState),versionControlLedger,Rebuilt from git ls-files + git status on each projectStateDb run
product/afp-converter/afp-api/src/main/java/solutions/pointzero/symphony/afp/api/ConversionRequest.java,1,,1,2253,12b0035b5076b46177f07b68e01f1aa5985fca688661f54f3f69874c996415c1,repo_file_state,projectStateDb (sync-project -> syncVersionControlState),versionControlLedger,Rebuilt from git ls-files + git status on each projectStateDb run
product/afp-converter/afp-api/src/main/java/solutions/pointzero/symphony/afp/api/ConversionResult.java,1,,1,1714,9e2ee7536a55645219ff2945f6f1717e139932fe8152bfb836321492d9a93fe3,repo_file_state,projectStateDb (sync-project -> syncVersionControlState),versionControlLedger,Rebuilt from git ls-files + git status on each projectStateDb run
product/afp-converter/afp-api/src/main/java/solutions/pointzero/symphony/afp/api/ConversionWarning.java,1,,1,310,6754512c2ae6099e4939fe54c2ae8fdc90d9c3b431e7a5bc912ac67cd8e57925,repo_file_state,projectStateDb (sync-project -> syncVersionControlState),versionControlLedger,Rebuilt from git ls-files + git status on each projectStateDb run
product/afp-converter/afp-api/src/main/java/solutions/pointzero/symphony/afp/api/DiagnosticsPolicy.java,1,,1,384,f1206d8c535be35897ae6ae7057a733b8fb2853fd5bff8440629ba8e852e0031,repo_file_state,projectStateDb (sync-project -> syncVersionControlState),versionControlLedger,Rebuilt from git ls-files + git status on each projectStateDb run
product/afp-converter/afp-api/src/main/java/solutions/pointzero/symphony/afp/api/FontPolicy.java,1,,1,256,ee310bbef353dc037c318fa2ecc67b539b0c18c594a923380649eba8e29706bd,repo_file_state,projectStateDb (sync-project -> syncVersionControlState),versionControlLedger,Rebuilt from git ls-files + git status on each projectStateDb run
product/afp-converter/afp-api/src/main/java/solutions/pointzero/symphony/afp/api/GeometryPolicy.java,1,,1,268,5f6ed64bee33a9532740c9bd10d5d4db2891cc9ebe8e790a6bc24c6c06c508c6,repo_file_state,projectStateDb (sync-project -> syncVersionControlState),versionControlLedger,Rebuilt from git ls-files + git status on each projectStateDb run
product/afp-converter/afp-api/src/main/java/solutions/pointzero/symphony/afp/api/Limits.java,1,,1,731,4afadaed12f80b3ac6a8946a9fd1d6e7a8d748ccfb7242f73efc29eae8070717,repo_file_state,projectStateDb (sync-project -> syncVersionControlState),versionControlLedger,Rebuilt from git ls-files + git status on each projectStateDb run
product/afp-converter/afp-api/src/main/java/solutions/pointzero/symphony/afp/api/MetadataPolicy.java,1,,1,268,d58165ec69efd592953dcbe15e990f132fae22e18da07cc66e68514fb6b1e227,repo_file_state,projectStateDb (sync-project -> syncVersionControlState),versionControlLedger,Rebuilt from git ls-files + git status on each projectStateDb run
product/afp-converter/afp-api/src/main/java/solutions/pointzero/symphony/afp/api/RenderPolicy.java,1,,1,900,6481ee5624a7805597c3d34ea46d1b27c2104aaaff807187f07d3811e25b84f2,repo_file_state,projectStateDb (sync-project -> syncVersionControlState),versionControlLedger,Rebuilt from git ls-files + git status on each projectStateDb run
product/afp-converter/afp-api/src/main/java/solutions/pointzero/symphony/afp/api/ResourceContext.java,1,,1,1716,9020acba0ad5785b8d377eafd1d42c4e58d62591093d5e868ad4fbcf902340a2,repo_file_state,projectStateDb (sync-project -> syncVersionControlState),versionControlLedger,Rebuilt from git ls-files + git status on each projectStateDb run
product/afp-converter/afp-api/src/main/java/solutions/pointzero/symphony/afp/api/Severity.java,1,,1,270,c5d452aded55fde44e7b382df60f37bdf872afcb4a2f842ad40992b499e05515,repo_file_state,projectStateDb (sync-project -> syncVersionControlState),versionControlLedger,Rebuilt from git ls-files + git status on each projectStateDb run
product/afp-converter/afp-api/src/main/java/solutions/pointzero/symphony/afp/api/TextFallback.java,1,,1,379,0409c043767b3b0a6e6a3b20ad01ba1bdf745b8530daec1d48038cb42e1ee605,repo_file_state,projectStateDb (sync-project -> syncVersionControlState),versionControlLedger,Rebuilt from git ls-files + git status on each projectStateDb run
product/afp-converter/afp-api/src/main/java/solutions/pointzero/symphony/afp/api/TextPolicy.java,1,,1,419,2611e79fb498b4d2dfc1de8de64e559c619a159161e80ee79fa42d5ba9437c6a,repo_file_state,projectStateDb (sync-project -> syncVersionControlState),versionControlLedger,Rebuilt from git ls-files + git status on each projectStateDb run
product/afp-converter/afp-cli/build.gradle,1,,1,2146,9f9a0cccb6c1e7122863760c9f2e02f612b342efc48b1c48a2109248e331d142,repo_file_state,projectStateDb (sync-project -> syncVersionControlState),versionControlLedger,Rebuilt from git ls-files + git status on each projectStateDb run
product/afp-converter/afp-cli/src/main/java/solutions/pointzero/symphony/afp/cli/Afp2PdfMain.java,1,,1,7361,e503eddb6d8a97690f92eca8195ab4985b9e84773ba6184544541a03c2d919de,repo_file_state,projectStateDb (sync-project -> syncVersionControlState),versionControlLedger,Rebuilt from git ls-files + git status on each projectStateDb run
product/afp-converter/afp-engine/build.gradle,1,,1,3338,d356721ff4be517b4e8a9b69582717118fbde8ceaf091ffcb021e8e6344fd11a,repo_file_state,projectStateDb (sync-project -> syncVersionControlState),versionControlLedger,Rebuilt from git ls-files + git status on each projectStateDb run
product/afp-converter/afp-engine/src/main/java/solutions/pointzero/symphony/afp/engine/AfpCodePageProfile.java,1,,1,559,b0c8f29b69e4967d031ab3bda0d033ce210d4b76486ee3b7991b17bebf5de359,repo_file_state,projectStateDb (sync-project -> syncVersionControlState),versionControlLedger,Rebuilt from git ls-files + git status on each projectStateDb run
product/afp-converter/afp-engine/src/main/java/solutions/pointzero/symphony/afp/engine/AfpCodePageResolver.java,1,,1,7646,61abae9ad8f4f9613fcef5e4fd0c7eabbe73b244613cd1c3d530fe204d3d6fcd,repo_file_state,projectStateDb (sync-project -> syncVersionControlState),versionControlLedger,Rebuilt from git ls-files + git status on each projectStateDb run
product/afp-converter/afp-engine/src/main/java/solutions/pointzero/symphony/afp/engine/AfpDocumentLayout.java,1,,1,436,607d27eddc59c21781180569b72bd699927d684b58989162b6024797431adc2a,repo_file_state,projectStateDb (sync-project -> syncVersionControlState),versionControlLedger,Rebuilt from git ls-files + git status on each projectStateDb run
product/afp-converter/afp-engine/src/main/java/solutions/pointzero/symphony/afp/engine/AfpEngineAdapter.java,1,,1,316,2eef427b630c6248bb054f2eda9117dd7d77d19bb7cd25758f05aa47c22f92e2,repo_file_state,projectStateDb (sync-project -> syncVersionControlState),versionControlLedger,Rebuilt from git ls-files + git status on each projectStateDb run
product/afp-converter/afp-engine/src/main/java/solutions/pointzero/symphony/afp/engine/AfpHtmlRenderer.java,1,,1,3468,10f97246a56f02f85e5ac6c650d2d04f9ca1427a12d40b5cc262fbc5cffa53c9,repo_file_state,projectStateDb (sync-project -> syncVersionControlState),versionControlLedger,Rebuilt from git ls-files + git status on each projectStateDb run
product/afp-converter/afp-engine/src/main/java/solutions/pointzero/symphony/afp/engine/AfpInterpretation.java,1,,1,768,1ed8443af4985891ee2fe56d6f84422161158909ccfd814d5ecb0a7097bc737d,repo_file_state,projectStateDb (sync-project -> syncVersionControlState),versionControlLedger,Rebuilt from git ls-files + git status on each projectStateDb run
product/afp-converter/afp-engine/src/main/java/solutions/pointzero/symphony/afp/engine/AfpInterpreter.java,1,,1,7283,acbb8c150d5a241aeced82746f594257a7dc92640464ee9eef2a144df9bf491e,repo_file_state,projectStateDb (sync-project -> syncVersionControlState),versionControlLedger,Rebuilt from git ls-files + git status on each projectStateDb run
product/afp-converter/afp-engine/src/main/java/solutions/pointzero/symphony/afp/engine/AfpLayoutInterpreter.java,1,,1,5496,8044de24d3bf8c26fe5a04e154d94cc49a12ee9d265f716a7a9fd34d2d02b044,repo_file_state,projectStateDb (sync-project -> syncVersionControlState),versionControlLedger,Rebuilt from git ls-files + git status on each projectStateDb run
product/afp-converter/afp-engine/src/main/java/solutions/pointzero/symphony/afp/engine/AfpNativePdfRenderer.java,1,,1,156042,599eeee239c7d7a91dad49af01eabb91ef74eda00d4a0bb3feba24970d6cdda5,repo_file_state,projectStateDb (sync-project -> syncVersionControlState),versionControlLedger,Rebuilt from git ls-files + git status on each projectStateDb run
product/afp-converter/afp-engine/src/main/java/solutions/pointzero/symphony/afp/engine/AfpOptionRow.java,1,,1,123,c25c6dc9ed05a862b4bc53063e50721dcd35156ac19da0615ed744e6c6389e64,repo_file_state,projectStateDb (sync-project -> syncVersionControlState),versionControlLedger,Rebuilt from git ls-files + git status on each projectStateDb run
product/afp-converter/afp-engine/src/main/java/solutions/pointzero/symphony/afp/engine/AfpParseResult.java,1,,1,287,ba95b321cfb729e47b0e25b870f5085166f0c4d8e555790165b5da69d553686b,repo_file_state,projectStateDb (sync-project -> syncVersionControlState),versionControlLedger,Rebuilt from git ls-files + git status on each projectStateDb run
product/afp-converter/afp-engine/src/main/java/solutions/pointzero/symphony/afp/engine/AfpPrintCentricTraceEngine.java,1,,1,16223,a91d2c5f8f8c1520429e84e2a780215a79ca8705092a39b416c2cafeaa22d203,repo_file_state,projectStateDb (sync-project -> syncVersionControlState),versionControlLedger,Rebuilt from git ls-files + git status on each projectStateDb run
product/afp-converter/afp-engine/src/main/java/solutions/pointzero/symphony/afp/engine/AfpSemantics.java,1,,1,980,2d2e4deff2e84c83965f6939f5b5ef58b98854158af1b0be672aebafca502a15,repo_file_state,projectStateDb (sync-project -> syncVersionControlState),versionControlLedger,Rebuilt from git ls-files + git status on each projectStateDb run
product/afp-converter/afp-engine/src/main/java/solutions/pointzero/symphony/afp/engine/AfpStructuredField.java,1,,1,604,a30092045e7730608da4e680d2b80a868e8ac05d11fbec7af779703f5675fc8a,repo_file_state,projectStateDb (sync-project -> syncVersionControlState),versionControlLedger,Rebuilt from git ls-files + git status on each projectStateDb run
product/afp-converter/afp-engine/src/main/java/solutions/pointzero/symphony/afp/engine/AfpStructuredFieldParser.java,1,,1,2620,eaccc425aad82867dca253f16f83575101ffbf2bf9c53212481179919294af05,repo_file_state,projectStateDb (sync-project -> syncVersionControlState),versionControlLedger,Rebuilt from git ls-files + git status on each projectStateDb run
product/afp-converter/afp-engine/src/main/java/solutions/pointzero/symphony/afp/engine/AfpTextDecoders.java,1,,1,10921,324cbfcb3f10f1d26be4270de4a36d5421760ba95194366ad4b5d06d9f924a05,repo_file_state,projectStateDb (sync-project -> syncVersionControlState),versionControlLedger,Rebuilt from git ls-files + git status on each projectStateDb run
product/afp-converter/afp-engine/src/main/java/solutions/pointzero/symphony/afp/engine/AfplibSemanticPass.java,1,,1,6720,66333d661c379a25f047dafeaced3d3aec195bc81e55b5b88b7bf9fced67dde9,repo_file_state,projectStateDb (sync-project -> syncVersionControlState),versionControlLedger,Rebuilt from git ls-files + git status on each projectStateDb run
product/afp-converter/afp-engine/src/main/java/solutions/pointzero/symphony/afp/engine/CliAfpEngineAdapter.java,1,,1,4530,b070a0a8db69dc0d037fb5f6046242d15ebc0324ab03fa72d0aab99540786130,repo_file_state,projectStateDb (sync-project -> syncVersionControlState),versionControlLedger,Rebuilt from git ls-files + git status on each projectStateDb run
product/afp-converter/afp-engine/src/main/java/solutions/pointzero/symphony/afp/engine/DefaultAfpConverter.java,1,,1,12864,b357afc47cb1b98763063082b24ab6dd34a1ddf1089723e35b0c55cfed336110,repo_file_state,projectStateDb (sync-project -> syncVersionControlState),versionControlLedger,Rebuilt from git ls-files + git status on each projectStateDb run
product/afp-converter/afp-engine/src/main/java/solutions/pointzero/symphony/afp/engine/EngineIdentity.java,1,,1,126,7614d75d29d332e71a9fd5c1d64bff9bdff0175074f868e714da10218423958c,repo_file_state,projectStateDb (sync-project -> syncVersionControlState),versionControlLedger,Rebuilt from git ls-files + git status on each projectStateDb run
product/afp-converter/afp-engine/src/main/java/solutions/pointzero/symphony/afp/engine/EngineInputs.java,1,,1,653,fc6c0efb8f612875718eeeb0de6496fc25390abbdca3d927b251fbdfd32e118c,repo_file_state,projectStateDb (sync-project -> syncVersionControlState),versionControlLedger,Rebuilt from git ls-files + git status on each projectStateDb run
product/afp-converter/afp-engine/src/main/java/solutions/pointzero/symphony/afp/engine/EngineOutputs.java,1,,1,265,6614255cff22adaa119f537932e0a237f2945852cd712182138f12e99a44d9c1,repo_file_state,projectStateDb (sync-project -> syncVersionControlState),versionControlLedger,Rebuilt from git ls-files + git status on each projectStateDb run
product/afp-converter/afp-engine/src/main/java/solutions/pointzero/symphony/afp/engine/EngineStats.java,1,,1,191,eef448515ae29df6598974b7788fa8b338373b46208971e3692556827845ed90,repo_file_state,projectStateDb (sync-project -> syncVersionControlState),versionControlLedger,Rebuilt from git ls-files + git status on each projectStateDb run
product/afp-converter/afp-engine/src/main/java/solutions/pointzero/symphony/afp/engine/FakeEngineOutputGenerator.java,1,,1,131325,ec2506eb237f07feb226833a5991ebb30c2b7180ee109ca51b8452377c2dbd04,repo_file_state,projectStateDb (sync-project -> syncVersionControlState),versionControlLedger,Rebuilt from git ls-files + git status on each projectStateDb run
product/afp-converter/afp-engine/src/main/java/solutions/pointzero/symphony/afp/engine/Fingerprints.java,1,,1,5378,cfd84e1439a7235f9fed3f06ff63aed5cfc52910be06d792188b700a2b5e74df,repo_file_state,projectStateDb (sync-project -> syncVersionControlState),versionControlLedger,Rebuilt from git ls-files + git status on each projectStateDb run
product/afp-converter/afp-engine/src/main/java/solutions/pointzero/symphony/afp/engine/ImageResolutionService.java,1,,1,7604,65f56c86e464342b6076109ecf59782f3a2c9806d1be9d56d595ee374f0969f5,repo_file_state,projectStateDb (sync-project -> syncVersionControlState),versionControlLedger,Rebuilt from git ls-files + git status on each projectStateDb run
product/afp-converter/afp-engine/src/main/java/solutions/pointzero/symphony/afp/engine/InProcAfpEngineAdapter.java,1,,1,1744,a541dfc65ce03277009e2d94b636aa845c211cafb7fa8fb082667a564d61a117,repo_file_state,projectStateDb (sync-project -> syncVersionControlState),versionControlLedger,Rebuilt from git ls-files + git status on each projectStateDb run
product/afp-converter/afp-engine/src/main/java/solutions/pointzero/symphony/afp/engine/PdfBoxPdfWriter.java,1,,1,3951,6a446397c167b01bdfc5a8ea8ef5d4aa2bb91e777163060235b0a9a1e68e9078,repo_file_state,projectStateDb (sync-project -> syncVersionControlState),versionControlLedger,Rebuilt from git ls-files + git status on each projectStateDb run
product/afp-converter/afp-engine/src/main/java/solutions/pointzero/symphony/afp/engine/PdfWriter.java,1,,1,709,9ad62342375f8ca49295efc87246cc241d5875bf459dff0c5bfc8fb7b8170367,repo_file_state,projectStateDb (sync-project -> syncVersionControlState),versionControlLedger,Rebuilt from git ls-files + git status on each projectStateDb run
product/afp-converter/afp-engine/src/test/java/solutions/pointzero/symphony/afp/engine/AfpGroundTruthComparisonTest.java,1,,1,3287,4b8b8253570c05ab0a9edde11418e5258bbb0681426206d9f0a0ae6bbc21135b,repo_file_state,projectStateDb (sync-project -> syncVersionControlState),versionControlLedger,Rebuilt from git ls-files + git status on each projectStateDb run
product/afp-converter/afp-engine/src/test/java/solutions/pointzero/symphony/afp/engine/AfpInterpreterTest.java,1,,1,3912,49bbff0930c535005527f7617f18136d455816ddb16ea553e00c78b1d7fa040a,repo_file_state,projectStateDb (sync-project -> syncVersionControlState),versionControlLedger,Rebuilt from git ls-files + git status on each projectStateDb run
product/afp-converter/afp-engine/src/test/java/solutions/pointzero/symphony/afp/engine/AfpNativePdfRendererTest.java,1,,1,12999,0388f0496f153d853a2f70390ae259b84d456f8459ee556d6ef992c064dc2c42,repo_file_state,projectStateDb (sync-project -> syncVersionControlState),versionControlLedger,Rebuilt from git ls-files + git status on each projectStateDb run
product/afp-converter/afp-engine/src/test/java/solutions/pointzero/symphony/afp/engine/AfpPdfFidelityReportIT.java,1,,1,23233,55aeed781c1c8f915194599743bf0052f6b257120ed04bc8555d69adf0c357c4,repo_file_state,projectStateDb (sync-project -> syncVersionControlState),versionControlLedger,Rebuilt from git ls-files + git status on each projectStateDb run
product/afp-converter/afp-engine/src/test/java/solutions/pointzero/symphony/afp/engine/AfpPrintCentricTraceEngineTest.java,1,,1,3973,95f55bc25cafdae8b7051fdad1afab53618eed73c7e1c4613de3df03dfd1cf36,repo_file_state,projectStateDb (sync-project -> syncVersionControlState),versionControlLedger,Rebuilt from git ls-files + git status on each projectStateDb run
product/afp-converter/afp-engine/src/test/java/solutions/pointzero/symphony/afp/engine/AfpStructuredFieldParserTest.java,1,,1,1556,21a8c4761dcb898f87d45a4bc7d5bd7919b6277091dface97fb86c5053072981,repo_file_state,projectStateDb (sync-project -> syncVersionControlState),versionControlLedger,Rebuilt from git ls-files + git status on each projectStateDb run
product/afp-converter/afp-engine/src/test/java/solutions/pointzero/symphony/afp/engine/AfpTextDecodersTest.java,1,,1,1171,a84d4f72f10092337d1e06ffc9875262699cfd0043cf94bbac1f170492e2f0ad,repo_file_state,projectStateDb (sync-project -> syncVersionControlState),versionControlLedger,Rebuilt from git ls-files + git status on each projectStateDb run
product/afp-converter/afp-engine/src/test/java/solutions/pointzero/symphony/afp/engine/DefaultAfpConverterTest.java,1,,1,7960,2aaee301d5dbfd5dfc99cf06736a2fde26d452660bf2a13c31b194288bfca6c7,repo_file_state,projectStateDb (sync-project -> syncVersionControlState),versionControlLedger,Rebuilt from git ls-files + git status on each projectStateDb run
product/afp-converter/afp-engine/src/test/java/solutions/pointzero/symphony/afp/engine/ImageResolutionServiceTest.java,1,,1,3169,02561754e30649238e01f306896426f1be2dddaf5a323fdab0eeb06cd3874f79,repo_file_state,projectStateDb (sync-project -> syncVersionControlState),versionControlLedger,Rebuilt from git ls-files + git status on each projectStateDb run
product/afp-converter/afp-engine/src/test/java/solutions/pointzero/symphony/afp/engine/InProcAfpEngineAdapterTest.java,1,,1,19723,008a40718fa056c12b0c691257a12f578d234ce6aa5151830778b0aaf64572df,repo_file_state,projectStateDb (sync-project -> syncVersionControlState),versionControlLedger,Rebuilt from git ls-files + git status on each projectStateDb run
product/afp-converter/afp-engine/src/test/java/solutions/pointzero/symphony/afp/engine/PdfBoxPdfWriterTest.java,1,,1,1051,4f9c8c2db39dba9829e4d5fc29b5d85c72fa7bb1dd7b715f52c0796d4c0a3941,repo_file_state,projectStateDb (sync-project -> syncVersionControlState),versionControlLedger,Rebuilt from git ls-files + git status on each projectStateDb run
product/afp-converter/preview/afp-diag.json,1,,1,15959,a86944092b6ef9e0761e99481e32841052928cbbcf130ad08e75f813ad2f2a56,repo_file_state,projectStateDb (sync-project -> syncVersionControlState),versionControlLedger,Rebuilt from git ls-files + git status on each projectStateDb run
product/afp-converter/preview/afp-meta.json,1,,1,59533,d2d8d379db1f5f0cc38b7c59ec32648aa8029aea109b860cb2c3722ced44c2c1,repo_file_state,projectStateDb (sync-project -> syncVersionControlState),versionControlLedger,Rebuilt from git ls-files + git status on each projectStateDb run
product/afp-converter/preview/afp-output.html,1,,1,3461,f9028529313a32541fadf1c16ac3deb8f209a6970046bbe83a2805afa186ef9b,repo_file_state,projectStateDb (sync-project -> syncVersionControlState),versionControlLedger,Rebuilt from git ls-files + git status on each projectStateDb run
product/afp-converter/preview/afp-output.pdf,1,M,1,1957,ce4bf4edf946da70ca9992150e74f82cda7c34a14586873c23179a9d2da296e3,repo_file_state,projectStateDb (sync-project -> syncVersionControlState),versionControlLedger,Rebuilt from git ls-files + git status on each projectStateDb run
product/afp-converter/preview/ci-artifacts/latest/AI-POLICY.md,1,,1,26247,11b2152d6ef82c30c82f18e0ed38b1da23f72c48cc123464cffbfefdab0a4f1b,repo_file_state,projectStateDb (sync-project -> syncVersionControlState),versionControlLedger,Rebuilt from git ls-files + git status on each projectStateDb run
product/afp-converter/preview/ci-artifacts/latest/SESSION_CHANGELOG.md,1,,1,75511,08fbd08e53d93534234c028ca3cf21b0bef9bf90ba353bebc4c2890cc520d50a,repo_file_state,projectStateDb (sync-project -> syncVersionControlState),versionControlLedger,Rebuilt from git ls-files + git status on each projectStateDb run
product/afp-converter/preview/ci-artifacts/latest/action-decision-suggestions.json,1,M,1,5186,981b6a70c97594d922e26d103bfeddec581ce7daddaae377638c1a7e6c0ecd22,repo_file_state,projectStateDb (sync-project -> syncVersionControlState),versionControlLedger,Rebuilt from git ls-files + git status on each projectStateDb run
product/afp-converter/preview/ci-artifacts/latest/action-ingest-strict.json,1,,1,276,cf0b7cabd047fcc37e7cee59efd59c0a49372d66e343ceaed02e5b3877403571,repo_file_state,projectStateDb (sync-project -> syncVersionControlState),versionControlLedger,Rebuilt from git ls-files + git status on each projectStateDb run
product/afp-converter/preview/ci-artifacts/latest/action-items.json,1,M,1,4609,ed0c25cc20e4b3b957f9c92f3a0679196f84f269e50d3a854204c98e38d0b4fe,repo_file_state,projectStateDb (sync-project -> syncVersionControlState),versionControlLedger,Rebuilt from git ls-files + git status on each projectStateDb run
product/afp-converter/preview/ci-artifacts/latest/action-owner-summary.json,1,M,1,293,3a2b74182f4d9508b8f90d8cf7644a467ea4e5857a62bc872c11f575caebc63a,repo_file_state,projectStateDb (sync-project -> syncVersionControlState),versionControlLedger,Rebuilt from git ls-files + git status on each projectStateDb run
product/afp-converter/preview/ci-artifacts/latest/action-sla-history.json,1,M,1,308,e06b443d24f17e08acfa48d242f96e52ee506d69b629a225fa732c0a4b9cd844,repo_file_state,projectStateDb (sync-project -> syncVersionControlState),versionControlLedger,Rebuilt from git ls-files + git status on each projectStateDb run
product/afp-converter/preview/ci-artifacts/latest/action-sla-trend.json,1,M,1,487,b830d49dc1b94b073f8ae30b68a63bc66b4ced4325d47ca3cdd2ae279f7c7e7c,repo_file_state,projectStateDb (sync-project -> syncVersionControlState),versionControlLedger,Rebuilt from git ls-files + git status on each projectStateDb run
product/afp-converter/preview/ci-artifacts/latest/afp-diag.json,1,,1,15959,a86944092b6ef9e0761e99481e32841052928cbbcf130ad08e75f813ad2f2a56,repo_file_state,projectStateDb (sync-project -> syncVersionControlState),versionControlLedger,Rebuilt from git ls-files + git status on each projectStateDb run
product/afp-converter/preview/ci-artifacts/latest/afp-meta.json,1,,1,59533,d2d8d379db1f5f0cc38b7c59ec32648aa8029aea109b860cb2c3722ced44c2c1,repo_file_state,projectStateDb (sync-project -> syncVersionControlState),versionControlLedger,Rebuilt from git ls-files + git status on each projectStateDb run
product/afp-converter/preview/ci-artifacts/latest/afp-output.html,1,,1,3461,f9028529313a32541fadf1c16ac3deb8f209a6970046bbe83a2805afa186ef9b,repo_file_state,projectStateDb (sync-project -> syncVersionControlState),versionControlLedger,Rebuilt from git ls-files + git status on each projectStateDb run
product/afp-converter/preview/ci-artifacts/latest/afp-output.pdf,1,M,1,1957,ce4bf4edf946da70ca9992150e74f82cda7c34a14586873c23179a9d2da296e3,repo_file_state,projectStateDb (sync-project -> syncVersionControlState),versionControlLedger,Rebuilt from git ls-files + git status on each projectStateDb run
product/afp-converter/preview/ci-artifacts/latest/application-realm-policy.json,1,M,1,26418,2359d2b36d56f334e20aac11e070f76a587dfaf97f10b3dfdd084e12c0be728e,repo_file_state,projectStateDb (sync-project -> syncVersionControlState),versionControlLedger,Rebuilt from git ls-files + git status on each projectStateDb run
product/afp-converter/preview/ci-artifacts/latest/application-realm.sqlite,1,M,1,5218304,faa1c317bf50da104134c28f2c96f6e6b19aa182c76373ce0ce7e212625748fa,repo_file_state,projectStateDb (sync-project -> syncVersionControlState),versionControlLedger,Rebuilt from git ls-files + git status on each projectStateDb run
product/afp-converter/preview/ci-artifacts/latest/boilerplate-package-files-with-context.csv,1,,1,31837,3be5749f7202c016400f5de42c656051ba7d4684bb57078773aff375bf0d9051,repo_file_state,projectStateDb (sync-project -> syncVersionControlState),versionControlLedger,Rebuilt from git ls-files + git status on each projectStateDb run
product/afp-converter/preview/ci-artifacts/latest/boilerplate-promotion-status.json,1,M,1,13420,82aa4a91807cc2d5567e7e4835bfc3ee739f6f586258e7fa7a7d9ed81b86a4a7,repo_file_state,projectStateDb (sync-project -> syncVersionControlState),versionControlLedger,Rebuilt from git ls-files + git status on each projectStateDb run
product/afp-converter/preview/ci-artifacts/latest/boilerplate-realm-policy.json,1,M,1,27402,1483f5958d3e8a22d444ab69c33f85636192bcd314dd70e51a308bfa4310843a,repo_file_state,projectStateDb (sync-project -> syncVersionControlState),versionControlLedger,Rebuilt from git ls-files + git status on each projectStateDb run
product/afp-converter/preview/ci-artifacts/latest/boilerplate-realm.sqlite,1,M,1,2875392,0e53df4eb1be734923cd8de67b0142e4e34a58a97f318b2b855874882d76448d,repo_file_state,projectStateDb (sync-project -> syncVersionControlState),versionControlLedger,Rebuilt from git ls-files + git status on each projectStateDb run
product/afp-converter/preview/ci-artifacts/latest/boilerplate-state.sqlite,1,M,1,90112,87415b71ace5b0b270da597d627e502b78f791058099d7c1b391e1336a59e290,repo_file_state,projectStateDb (sync-project -> syncVersionControlState),versionControlLedger,Rebuilt from git ls-files + git status on each projectStateDb run
product/afp-converter/preview/ci-artifacts/latest/boilerplate-sync-candidates.xlsx,1,,1,9444,dd97a0a66100df7e8e7e14115ccdf1e9e5340e797f4131839b064bf1ce7566bd,repo_file_state,projectStateDb (sync-project -> syncVersionControlState),versionControlLedger,Rebuilt from git ls-files + git status on each projectStateDb run
product/afp-converter/preview/ci-artifacts/latest/cross-realm-action-token-search.json,1,M,1,122,853e52eb1cc0609c57af68a662838288d5518e4eaad9207171c019aee3db1557,repo_file_state,projectStateDb (sync-project -> syncVersionControlState),versionControlLedger,Rebuilt from git ls-files + git status on each projectStateDb run
product/afp-converter/preview/ci-artifacts/latest/cross-realm-token-search.json,1,M,1,46901,aaac841f5a9208d00e8014479482c4d487501150d3d9f525c8db5dd4887d86d8,repo_file_state,projectStateDb (sync-project -> syncVersionControlState),versionControlLedger,Rebuilt from git ls-files + git status on each projectStateDb run
product/afp-converter/preview/ci-artifacts/latest/data-dictionary-lint.json,1,M,1,841,121e3dc99a2c131e85cc669fd912ea7daaebe4a790a18bc6d299e6fadebdc08a,repo_file_state,projectStateDb (sync-project -> syncVersionControlState),versionControlLedger,Rebuilt from git ls-files + git status on each projectStateDb run
product/afp-converter/preview/ci-artifacts/latest/data-dictionary.json,1,M,1,19535,dce3173c987fa9877e3a35c62473bbb8e3617ddef56624aed240d66c9a3bbfcc,repo_file_state,projectStateDb (sync-project -> syncVersionControlState),versionControlLedger,Rebuilt from git ls-files + git status on each projectStateDb run
product/afp-converter/preview/ci-artifacts/latest/decision-priority-queue.json,1,M,1,4629,0de762308f94a744d8f4c4e9f4c84a4c1173bfe8953d896672e8105105e277ad,repo_file_state,projectStateDb (sync-project -> syncVersionControlState),versionControlLedger,Rebuilt from git ls-files + git status on each projectStateDb run
product/afp-converter/preview/ci-artifacts/latest/documentation-manifest.json,1,M,1,16838,a0626ffe77f7876def2479ddf73a4d224683303eb648e5e6ed302c8e50429b0f,repo_file_state,projectStateDb (sync-project -> syncVersionControlState),versionControlLedger,Rebuilt from git ls-files + git status on each projectStateDb run
product/afp-converter/preview/ci-artifacts/latest/environment-dashboard.json,1,M,1,373,d4da8857dcb7a78e2fb91c8917c068a8024cbc620a04e59e488b17735b3ff07e,repo_file_state,projectStateDb (sync-project -> syncVersionControlState),versionControlLedger,Rebuilt from git ls-files + git status on each projectStateDb run
product/afp-converter/preview/ci-artifacts/latest/environment-health.json,1,M,1,1187,2872fb8bf2791cbb39f5f9a04770595663273a309064dad41d9fbc4730cc3aff,repo_file_state,projectStateDb (sync-project -> syncVersionControlState),versionControlLedger,Rebuilt from git ls-files + git status on each projectStateDb run
product/afp-converter/preview/ci-artifacts/latest/fidelity-corpus.txt,1,,1,241,07972cb9a76e912e2c76dc33d0521a7e8eef7fe9451c9dd0167e4bd6871f575d,repo_file_state,projectStateDb (sync-project -> syncVersionControlState),versionControlLedger,Rebuilt from git ls-files + git status on each projectStateDb run
product/afp-converter/preview/ci-artifacts/latest/fidelity-report.json,1,,1,2495,a603ba67584191676bb44e7643f31b409e98582426a66f458eab4d03fb471667,repo_file_state,projectStateDb (sync-project -> syncVersionControlState),versionControlLedger,Rebuilt from git ls-files + git status on each projectStateDb run
product/afp-converter/preview/ci-artifacts/latest/governance-alerts.json,1,M,1,5181,88a2e8137cab3a1ccfea85769ee1afab525853fb8e1c2b8e987f3ab36ac3d936,repo_file_state,projectStateDb (sync-project -> syncVersionControlState),versionControlLedger,Rebuilt from git ls-files + git status on each projectStateDb run
product/afp-converter/preview/ci-artifacts/latest/identifier-registry.json,1,M,1,89764,6c463c3f3c4549f07c86a9ce26e72e3732c85ed2db614105fcc1c2b6a04b47ff,repo_file_state,projectStateDb (sync-project -> syncVersionControlState),versionControlLedger,Rebuilt from git ls-files + git status on each projectStateDb run
product/afp-converter/preview/ci-artifacts/latest/index.json,1,M,1,18089,b985aecf9c38408e5fd1da8511cc6845a52b072c09f5b21b56482d6c5bd92850,repo_file_state,projectStateDb (sync-project -> syncVersionControlState),versionControlLedger,Rebuilt from git ls-files + git status on each projectStateDb run
product/afp-converter/preview/ci-artifacts/latest/issues-effectiveness.json,1,M,1,2539,a92391ae71470f2f20fbb9a0aec6978ca8fd6d87c98b9121d0669370b744e49e,repo_file_state,projectStateDb (sync-project -> syncVersionControlState),versionControlLedger,Rebuilt from git ls-files + git status on each projectStateDb run
product/afp-converter/preview/ci-artifacts/latest/issues-log-tickle.json,1,M,1,1331,35698374d25adbf08ba8af60a79bf196e212bca2adbd28c45870965f1e9b1414,repo_file_state,projectStateDb (sync-project -> syncVersionControlState),versionControlLedger,Rebuilt from git ls-files + git status on each projectStateDb run
product/afp-converter/preview/ci-artifacts/latest/knowledge-base.json,1,M,1,15373,19bf0d13746e02023adad356b2fcfa4a61cfaa97f8b05497f7efea8094e4ecdf,repo_file_state,projectStateDb (sync-project -> syncVersionControlState),versionControlLedger,Rebuilt from git ls-files + git status on each projectStateDb run
product/afp-converter/preview/ci-artifacts/latest/pm-console-stale-cleanup.json,1,M,1,450,3b8b785cb815ba3617ac3ea6ec0add1351907bd54a15b1faa96994dd19685baa,repo_file_state,projectStateDb (sync-project -> syncVersionControlState),versionControlLedger,Rebuilt from git ls-files + git status on each projectStateDb run
product/afp-converter/preview/ci-artifacts/latest/pm-console-stale-history.json,1,M,1,3511,7326e244a62d95b8b88437c610b8797d5f73769c1e981768ea730c8b3d06b468,repo_file_state,projectStateDb (sync-project -> syncVersionControlState),versionControlLedger,Rebuilt from git ls-files + git status on each projectStateDb run
product/afp-converter/preview/ci-artifacts/latest/pm-realm-policy.json,1,M,1,25679,27dc686bf0359dcb3efdca9d3b32267c69152e6b283917dd2ddb6f3c4afff859,repo_file_state,projectStateDb (sync-project -> syncVersionControlState),versionControlLedger,Rebuilt from git ls-files + git status on each projectStateDb run
product/afp-converter/preview/ci-artifacts/latest/pm-realm.sqlite,1,M,1,24350720,62e5586d14e37087c11f979cf444617db81a67c6df0b59aac2c5f82495463db4,repo_file_state,projectStateDb (sync-project -> syncVersionControlState),versionControlLedger,Rebuilt from git ls-files + git status on each projectStateDb run
product/afp-converter/preview/ci-artifacts/latest/policy-governance-events.csv,1,,1,2851,2350ad331c3ddb2dc8f5128bd16fecf8a7a6061af07fc7fc1f3cc55c866aad25,repo_file_state,projectStateDb (sync-project -> syncVersionControlState),versionControlLedger,Rebuilt from git ls-files + git status on each projectStateDb run
product/afp-converter/preview/ci-artifacts/latest/policy-governance-events.xlsx,1,,1,4670,4923d44ab7a722f18edbaef91b62de7fc245f409cf4dee862872c37651f955de,repo_file_state,projectStateDb (sync-project -> syncVersionControlState),versionControlLedger,Rebuilt from git ls-files + git status on each projectStateDb run
product/afp-converter/preview/ci-artifacts/latest/policy-rule-tables.sql,1,,1,30563,bd4cb2a4667b4e062eafa0ee98bda6575bf9dabebc296f2208629ee4bb4cab99,repo_file_state,projectStateDb (sync-project -> syncVersionControlState),versionControlLedger,Rebuilt from git ls-files + git status on each projectStateDb run
product/afp-converter/preview/ci-artifacts/latest/policy-rules-lint.json,1,M,1,487,cc65adc0411bfbbfe86327a031f92e2a439fe651eb5f5b16de00b96e77227602,repo_file_state,projectStateDb (sync-project -> syncVersionControlState),versionControlLedger,Rebuilt from git ls-files + git status on each projectStateDb run
product/afp-converter/preview/ci-artifacts/latest/policy-rules.json,1,M,1,32189,8f245700da860095b214460c4109e4e21540e2f0fe9d7cd638882fcbd23c5a45,repo_file_state,projectStateDb (sync-project -> syncVersionControlState),versionControlLedger,Rebuilt from git ls-files + git status on each projectStateDb run
product/afp-converter/preview/ci-artifacts/latest/presentation-ref-lint.json,1,M,1,453,4fb85561daf79ce8f282dba6e4db02ffb69e94f8805db4d9143f6567edd1d9a7,repo_file_state,projectStateDb (sync-project -> syncVersionControlState),versionControlLedger,Rebuilt from git ls-files + git status on each projectStateDb run
product/afp-converter/preview/ci-artifacts/latest/project-plan-next-step.json,1,M,1,5903,709dce6d51556781da49927407faa7b7c8db82a304bbc4472e35913f221704a9,repo_file_state,projectStateDb (sync-project -> syncVersionControlState),versionControlLedger,Rebuilt from git ls-files + git status on each projectStateDb run
product/afp-converter/preview/ci-artifacts/latest/project-plan-progress-data.json,1,M,1,27141,751315439cbe12b7d3282e50bdb90ac213616159fe4730f7dc2be8bb1eae1dad,repo_file_state,projectStateDb (sync-project -> syncVersionControlState),versionControlLedger,Rebuilt from git ls-files + git status on each projectStateDb run
product/afp-converter/preview/ci-artifacts/latest/project-plan-progress.csv,1,,1,15284,2877997bbc7607c63227154e9bb9d37e1354d8755946010d2d6e420037d87206,repo_file_state,projectStateDb (sync-project -> syncVersionControlState),versionControlLedger,Rebuilt from git ls-files + git status on each projectStateDb run
product/afp-converter/preview/ci-artifacts/latest/project-plan-progress.xlsx,1,,1,21239,51ef82c431a4ea2fc98fa0885c1df773e5aeb1941514e57753c36e5c88b3add3,repo_file_state,projectStateDb (sync-project -> syncVersionControlState),versionControlLedger,Rebuilt from git ls-files + git status on each projectStateDb run
product/afp-converter/preview/ci-artifacts/latest/project-plan.md,1,,1,9843,79592091d70065b4ebf3916ae64d7ca3b8b25896c45d7342c70d2ec4b0671cfb,repo_file_state,projectStateDb (sync-project -> syncVersionControlState),versionControlLedger,Rebuilt from git ls-files + git status on each projectStateDb run
product/afp-converter/preview/ci-artifacts/latest/project-state.sqlite,1,M,1,602112,dd59eb0f019284231d535003c1dc0345ce57de3d14624dc47edf60eb14ff393a,repo_file_state,projectStateDb (sync-project -> syncVersionControlState),versionControlLedger,Rebuilt from git ls-files + git status on each projectStateDb run
product/afp-converter/preview/ci-artifacts/latest/realm-knowledge-link-gate.json,1,M,1,849,92255c9f29bddcc2b939fc23e042cf0c04d5f16abf7331f8b08d38e61d972012,repo_file_state,projectStateDb (sync-project -> syncVersionControlState),versionControlLedger,Rebuilt from git ls-files + git status on each projectStateDb run
product/afp-converter/preview/ci-artifacts/latest/realm-knowledge-sync.json,1,M,1,1124,f3ac6e86b2ae960b744ed9175049d13a346961660c898d4b8c4832aae6893053,repo_file_state,projectStateDb (sync-project -> syncVersionControlState),versionControlLedger,Rebuilt from git ls-files + git status on each projectStateDb run
product/afp-converter/preview/ci-artifacts/latest/realm-policy-diff.json,1,M,1,671,c097bd22b0952ee92418e6d87b2cae8d8fc77258a773dbab7cda6034f43d9a71,repo_file_state,projectStateDb (sync-project -> syncVersionControlState),versionControlLedger,Rebuilt from git ls-files + git status on each projectStateDb run
product/afp-converter/preview/ci-artifacts/latest/realm-policy-snapshot.json,1,M,1,87532,d733a8f14ff2888bfe154724149193513ca78d9d83ae3b99570a9e1fad0b864a,repo_file_state,projectStateDb (sync-project -> syncVersionControlState),versionControlLedger,Rebuilt from git ls-files + git status on each projectStateDb run
product/afp-converter/preview/ci-artifacts/latest/realm-policy-sync.json,1,M,1,500,42fc5fa2e97540943bd2673f37545dd983de155db482a61122e7b0b7b2247584,repo_file_state,projectStateDb (sync-project -> syncVersionControlState),versionControlLedger,Rebuilt from git ls-files + git status on each projectStateDb run
product/afp-converter/preview/ci-artifacts/latest/reasoning-derived.sqlite,1,M,1,24576,bf0430d8cafbc3cb646d6d2d75a51ab4034a43491fc51b8bd93edac1e23778e5,repo_file_state,projectStateDb (sync-project -> syncVersionControlState),versionControlLedger,Rebuilt from git ls-files + git status on each projectStateDb run
product/afp-converter/preview/ci-artifacts/latest/reasoning-drive.json,1,M,1,3520,afb88bbc4cdd7bc90ec591051dae579f19ca021772912054772302cb4f23fd73,repo_file_state,projectStateDb (sync-project -> syncVersionControlState),versionControlLedger,Rebuilt from git ls-files + git status on each projectStateDb run
product/afp-converter/preview/ci-artifacts/latest/reasoning-experience.sqlite,1,M,1,28672,54fef33f0eea6761fe5fe5b8d2d321bbdafcfa98ba4fc36b228a80cbac700960,repo_file_state,projectStateDb (sync-project -> syncVersionControlState),versionControlLedger,Rebuilt from git ls-files + git status on each projectStateDb run
product/afp-converter/preview/ci-artifacts/latest/repo-file-inventory-with-context.csv,1,M,1,135569,5c2fbf2d90e8564b36998275a235d17ca2c15a9ac4f5ba2cbfadf2b92b16da8a,repo_file_state,projectStateDb (sync-project -> syncVersionControlState),versionControlLedger,Rebuilt from git ls-files + git status on each projectStateDb run
product/afp-converter/preview/ci-artifacts/latest/sql-authority-application.json,1,M,1,227,2eaf5b19d2f26b9fc53781740b7847acc247e58c5b185266ab0659e7aa006088,repo_file_state,projectStateDb (sync-project -> syncVersionControlState),versionControlLedger,Rebuilt from git ls-files + git status on each projectStateDb run
product/afp-converter/preview/ci-artifacts/latest/sql-authority-boilerplate.json,1,M,1,227,d82747c1fffc50401ec638253dc8d0913491a8fa348db4e9eb18a0b50876f0e2,repo_file_state,projectStateDb (sync-project -> syncVersionControlState),versionControlLedger,Rebuilt from git ls-files + git status on each projectStateDb run
product/afp-converter/preview/ci-artifacts/latest/sql-authority-pm.json,1,M,1,218,ebbbce6806ef4f97f48e162e6cccf1e0431df8fdcaf6feedbf53855b6bceb766,repo_file_state,projectStateDb (sync-project -> syncVersionControlState),versionControlLedger,Rebuilt from git ls-files + git status on each projectStateDb run
product/afp-converter/preview/ci-artifacts/latest/sql-coverage-application.json,1,M,1,330,d11751e5a2e1190ebe38590d0433609cfefb7169df69f125881a25e97e2d648e,repo_file_state,projectStateDb (sync-project -> syncVersionControlState),versionControlLedger,Rebuilt from git ls-files + git status on each projectStateDb run
product/afp-converter/preview/ci-artifacts/latest/sql-coverage-boilerplate.json,1,M,1,330,073475d1c1f8a511d31175d6f7bb653b04314334359dde0a518c97b8fead0c73,repo_file_state,projectStateDb (sync-project -> syncVersionControlState),versionControlLedger,Rebuilt from git ls-files + git status on each projectStateDb run
product/afp-converter/preview/ci-artifacts/latest/sql-coverage-pm.json,1,M,1,321,a2b0cc972f4f9bbdf88dac89ef3eb09bcb24a02d6413eb66ee1082137bb5e5d4,repo_file_state,projectStateDb (sync-project -> syncVersionControlState),versionControlLedger,Rebuilt from git ls-files + git status on each projectStateDb run
product/afp-converter/preview/ci-artifacts/latest/sql-reconstruction-application.json,1,M,1,227,fe724f08d752e1c51a5e8ca18c7d4e5131e8ab0ba2de7e2fa733c20a873415be,repo_file_state,projectStateDb (sync-project -> syncVersionControlState),versionControlLedger,Rebuilt from git ls-files + git status on each projectStateDb run
product/afp-converter/preview/ci-artifacts/latest/sql-reconstruction-boilerplate.json,1,M,1,227,36dbd54c51d7c557b06b44deeec2e0effa95a373258dbaa8378fc47ff7fae86e,repo_file_state,projectStateDb (sync-project -> syncVersionControlState),versionControlLedger,Rebuilt from git ls-files + git status on each projectStateDb run
product/afp-converter/preview/ci-artifacts/latest/sql-reconstruction-pm.json,1,M,1,218,3d71a379e19cb7f97d3490c69eddb8e55164fe75cf12f7082d5b657cde89ec37,repo_file_state,projectStateDb (sync-project -> syncVersionControlState),versionControlLedger,Rebuilt from git ls-files + git status on each projectStateDb run
product/afp-converter/preview/ci-artifacts/latest/version-control-ledger.json,1,M,1,126390,f3d1d5296a068a40e933d32d3e1cbbd3a3395404f91c064cd6b7547d5d902669,repo_file_state,projectStateDb (sync-project -> syncVersionControlState),versionControlLedger,Rebuilt from git ls-files + git status on each projectStateDb run
product/afp-converter/preview/ci-artifacts/latest/version.json,1,M,1,208,e369e43f0bd03ffde19f07298dbe27d2cab03fa07512e17ffe85f4ee46e74d80,repo_file_state,projectStateDb (sync-project -> syncVersionControlState),versionControlLedger,Rebuilt from git ls-files + git status on each projectStateDb run
product/afp-converter/preview/fidelity-report.json,1,,1,2495,a603ba67584191676bb44e7643f31b409e98582426a66f458eab4d03fb471667,repo_file_state,projectStateDb (sync-project -> syncVersionControlState),versionControlLedger,Rebuilt from git ls-files + git status on each projectStateDb run
product/afp-converter/sampleData/image-heavy.afp,1,,1,826,ba58ab856de5c92ea28b854470468b8fd600901396f6f3ee2e06fb4f0cb280fd,repo_file_state,projectStateDb (sync-project -> syncVersionControlState),versionControlLedger,Rebuilt from git ls-files + git status on each projectStateDb run
product/afp-converter/sampleData/sample.afp,1,,1,12784,553a336db9283ebbf85092320b68c060aacdbea4138fa720810f09431f86b73a,repo_file_state,projectStateDb (sync-project -> syncVersionControlState),versionControlLedger,Rebuilt from git ls-files + git status on each projectStateDb run
product/afp-converter/sampleOutput/image-heavy.pdf,1,,1,3591,85af77367093207e01dc2f4e2eee9569b29e37038c67f441d0d5608e046bb362,repo_file_state,projectStateDb (sync-project -> syncVersionControlState),versionControlLedger,Rebuilt from git ls-files + git status on each projectStateDb run
product/afp-converter/sampleOutput/sample.html,1,,1,4820,95dd15248ddb72e4f994073ddccd1c6991219cb28f9c05957f8a28610d9aefdd,repo_file_state,projectStateDb (sync-project -> syncVersionControlState),versionControlLedger,Rebuilt from git ls-files + git status on each projectStateDb run
product/afp-converter/sampleOutput/sample.pdf,1,,1,30009,51b8b17a229a690fff1ac252a5756e0b0f05958210920cfca1d4dd4431d2e7ed,repo_file_state,projectStateDb (sync-project -> syncVersionControlState),versionControlLedger,Rebuilt from git ls-files + git status on each projectStateDb run
product/boilerplate/update-packages/README.md,1,,1,1347,e61896db374eddf2bc1e4fba72fef724572f9d8bf6db04181952513c5e28d21f,repo_file_state,projectStateDb (sync-project -> syncVersionControlState),versionControlLedger,Rebuilt from git ls-files + git status on each projectStateDb run
product/boilerplate/update-packages/pz-boilerplate-intelliJ/2026-02-18-boilerplate-sync-triage-workbook/README.md,1,,1,758,d1083d6eb05106eb331c3087595011bbe7b2908df034e18d066b6c3db9f7ef63,repo_file_state,projectStateDb (sync-project -> syncVersionControlState),versionControlLedger,Rebuilt from git ls-files + git status on each projectStateDb run
product/boilerplate/update-packages/pz-boilerplate-intelliJ/2026-02-18-boilerplate-sync-triage-workbook/apply-checklist.md,1,,1,1007,e03d563aca94d570cd5cfc5541db8c4e411847d28cc8b39632bf054b63b2c2ae,repo_file_state,projectStateDb (sync-project -> syncVersionControlState),versionControlLedger,Rebuilt from git ls-files + git status on each projectStateDb run
product/boilerplate/update-packages/pz-boilerplate-intelliJ/2026-02-18-boilerplate-sync-triage-workbook/fresh-session-prompt.md,1,,1,367,6267a5709bec3031a762c5f753195cae563cdb6b8bda64b23b5d19e7c6cb8ed7,repo_file_state,projectStateDb (sync-project -> syncVersionControlState),versionControlLedger,Rebuilt from git ls-files + git status on each projectStateDb run
product/boilerplate/update-packages/pz-boilerplate-intelliJ/2026-02-18-boilerplate-sync-triage-workbook/package-manifest.json,1,,1,1393,188f72f5ac7feb5bcb9405c3cfb03ecbc11f7e1a90dbe0bf5b76b74f828af3f1,repo_file_state,projectStateDb (sync-project -> syncVersionControlState),versionControlLedger,Rebuilt from git ls-files + git status on each projectStateDb run
product/boilerplate/update-packages/pz-boilerplate-intelliJ/2026-02-18-boilerplate-sync-triage-workbook/templates/BoilerplateSyncWorkbookUpdater.java,1,,1,13855,68981a5ff5695f4a688b977e82c636d57e08283a8730f6164b84065b25a8b444,repo_file_state,projectStateDb (sync-project -> syncVersionControlState),versionControlLedger,Rebuilt from git ls-files + git status on each projectStateDb run
product/boilerplate/update-packages/pz-boilerplate-intelliJ/2026-02-18-boilerplate-sync-triage-workbook/templates/build-gradle-snippets.md,1,,1,2754,8456bb2d3af57af1911c7d0cb49eeed3ca4a59a5457c34b6bd5370a2a5a90ae9,repo_file_state,projectStateDb (sync-project -> syncVersionControlState),versionControlLedger,Rebuilt from git ls-files + git status on each projectStateDb run
product/boilerplate/update-packages/pz-boilerplate-intelliJ/2026-02-18-boilerplate-sync-triage-workbook/templates/policy-readme-snippets.md,1,,1,581,ed967cf13fa423a42c0f40ecf74f76c24355f8ab090c5ab4c8b797044200af6d,repo_file_state,projectStateDb (sync-project -> syncVersionControlState),versionControlLedger,Rebuilt from git ls-files + git status on each projectStateDb run
product/boilerplate/update-packages/pz-boilerplate-intelliJ/2026-02-18-consolidated-framework-sync/README.md,1,,1,947,1b139f93d20e267115fbc052eff0097dee08d900e7871ff7668c9f1ca4e50b03,repo_file_state,projectStateDb (sync-project -> syncVersionControlState),versionControlLedger,Rebuilt from git ls-files + git status on each projectStateDb run
product/boilerplate/update-packages/pz-boilerplate-intelliJ/2026-02-18-consolidated-framework-sync/apply-checklist.md,1,,1,1338,beeeb5ebdbc30711f7b91f84fceded0ed1e19a1086162c03a3c6846247d10568,repo_file_state,projectStateDb (sync-project -> syncVersionControlState),versionControlLedger,Rebuilt from git ls-files + git status on each projectStateDb run
product/boilerplate/update-packages/pz-boilerplate-intelliJ/2026-02-18-consolidated-framework-sync/fresh-session-prompt.md,1,,1,513,f8d3b336d9f2d8ab72e06d020c9703f5e31fe17515ba23adfec21adcd19e1784,repo_file_state,projectStateDb (sync-project -> syncVersionControlState),versionControlLedger,Rebuilt from git ls-files + git status on each projectStateDb run
product/boilerplate/update-packages/pz-boilerplate-intelliJ/2026-02-18-consolidated-framework-sync/package-manifest.json,1,,1,1411,fc65af996e014626012d738d747bb134c411ade8aa0e19b907b2b7cd3a773420,repo_file_state,projectStateDb (sync-project -> syncVersionControlState),versionControlLedger,Rebuilt from git ls-files + git status on each projectStateDb run
product/boilerplate/update-packages/pz-boilerplate-intelliJ/2026-02-18-consolidated-framework-sync/templates/changelog-entry.md,1,,1,320,03cd0ab4670073728606694553fb8bfd448c74e3a7e1fa5d124e04e7f568ac99,repo_file_state,projectStateDb (sync-project -> syncVersionControlState),versionControlLedger,Rebuilt from git ls-files + git status on each projectStateDb run
product/boilerplate/update-packages/pz-boilerplate-intelliJ/2026-02-18-governance-alerts-trust-sot/README.md,1,,1,443,37f28bd38ba56bcaa7878520a83b02a1908509e0baf3de956ac0c6a15904976a,repo_file_state,projectStateDb (sync-project -> syncVersionControlState),versionControlLedger,Rebuilt from git ls-files + git status on each projectStateDb run
product/boilerplate/update-packages/pz-boilerplate-intelliJ/2026-02-18-governance-alerts-trust-sot/apply-checklist.md,1,,1,116,90e9b9c71fa2f7a93527bb7b8762329e58cc980fe86143fa1bc5e0b4b5340f4c,repo_file_state,projectStateDb (sync-project -> syncVersionControlState),versionControlLedger,Rebuilt from git ls-files + git status on each projectStateDb run
product/boilerplate/update-packages/pz-boilerplate-intelliJ/2026-02-18-governance-alerts-trust-sot/fresh-session-prompt.md,1,,1,70,ea7d6de41bfeef2fff5f60789d824a4c767d5532e5d4de43969913c3eefb3ad4,repo_file_state,projectStateDb (sync-project -> syncVersionControlState),versionControlLedger,Rebuilt from git ls-files + git status on each projectStateDb run
product/boilerplate/update-packages/pz-boilerplate-intelliJ/2026-02-18-governance-alerts-trust-sot/package-manifest.json,1,,1,869,3a4299a0f499eca3fd1653b25cde85117bcaf4e1447af6cfda573a8347dad534,repo_file_state,projectStateDb (sync-project -> syncVersionControlState),versionControlLedger,Rebuilt from git ls-files + git status on each projectStateDb run
product/boilerplate/update-packages/pz-boilerplate-intelliJ/2026-02-18-governance-events-workbook/README.md,1,,1,465,98993440530382d8d59a84b04bea015111ab8154c683e46e1006452613ca63c9,repo_file_state,projectStateDb (sync-project -> syncVersionControlState),versionControlLedger,Rebuilt from git ls-files + git status on each projectStateDb run
product/boilerplate/update-packages/pz-boilerplate-intelliJ/2026-02-18-governance-events-workbook/apply-checklist.md,1,,1,116,90e9b9c71fa2f7a93527bb7b8762329e58cc980fe86143fa1bc5e0b4b5340f4c,repo_file_state,projectStateDb (sync-project -> syncVersionControlState),versionControlLedger,Rebuilt from git ls-files + git status on each projectStateDb run
product/boilerplate/update-packages/pz-boilerplate-intelliJ/2026-02-18-governance-events-workbook/fresh-session-prompt.md,1,,1,70,ea7d6de41bfeef2fff5f60789d824a4c767d5532e5d4de43969913c3eefb3ad4,repo_file_state,projectStateDb (sync-project -> syncVersionControlState),versionControlLedger,Rebuilt from git ls-files + git status on each projectStateDb run
product/boilerplate/update-packages/pz-boilerplate-intelliJ/2026-02-18-governance-events-workbook/package-manifest.json,1,,1,945,8d8f5cd9dd93fcbccbd6ad5fddfb3a4f2b9fdad248a2166abfc62daba74cd38f,repo_file_state,projectStateDb (sync-project -> syncVersionControlState),versionControlLedger,Rebuilt from git ls-files + git status on each projectStateDb run
product/boilerplate/update-packages/pz-boilerplate-intelliJ/2026-02-18-managed-tooling-registration-gate/README.md,1,,1,342,97b775c002364e62a5050f36de22989b27a17be741404eb6cc43c1924eec8330,repo_file_state,projectStateDb (sync-project -> syncVersionControlState),versionControlLedger,Rebuilt from git ls-files + git status on each projectStateDb run
product/boilerplate/update-packages/pz-boilerplate-intelliJ/2026-02-18-managed-tooling-registration-gate/apply-checklist.md,1,,1,116,90e9b9c71fa2f7a93527bb7b8762329e58cc980fe86143fa1bc5e0b4b5340f4c,repo_file_state,projectStateDb (sync-project -> syncVersionControlState),versionControlLedger,Rebuilt from git ls-files + git status on each projectStateDb run
product/boilerplate/update-packages/pz-boilerplate-intelliJ/2026-02-18-managed-tooling-registration-gate/fresh-session-prompt.md,1,,1,70,ea7d6de41bfeef2fff5f60789d824a4c767d5532e5d4de43969913c3eefb3ad4,repo_file_state,projectStateDb (sync-project -> syncVersionControlState),versionControlLedger,Rebuilt from git ls-files + git status on each projectStateDb run
product/boilerplate/update-packages/pz-boilerplate-intelliJ/2026-02-18-managed-tooling-registration-gate/package-manifest.json,1,,1,606,56d70baffd3671bdf85e78173c8c9eba84dbb195474e14ebe7870ee46deca58c,repo_file_state,projectStateDb (sync-project -> syncVersionControlState),versionControlLedger,Rebuilt from git ls-files + git status on each projectStateDb run
product/boilerplate/update-packages/pz-boilerplate-intelliJ/2026-02-18-pm-realm-console-sql-rules-rollup/README.md,1,,1,1055,34b83500732e07c269653b287ff3f5cb760abff354d7790c955eb360823b137c,repo_file_state,projectStateDb (sync-project -> syncVersionControlState),versionControlLedger,Rebuilt from git ls-files + git status on each projectStateDb run
product/boilerplate/update-packages/pz-boilerplate-intelliJ/2026-02-18-pm-realm-console-sql-rules-rollup/apply-checklist.md,1,,1,1029,1ac6a5bdeaccaf6c26fe9b6664af2e7ba2de7cd14ae3d5b281d5a5483365ce5e,repo_file_state,projectStateDb (sync-project -> syncVersionControlState),versionControlLedger,Rebuilt from git ls-files + git status on each projectStateDb run
product/boilerplate/update-packages/pz-boilerplate-intelliJ/2026-02-18-pm-realm-console-sql-rules-rollup/fresh-session-prompt.md,1,,1,625,f71d23a6b6e71a0e233aa9110beadd4db913acf4c8a0c42105bab0b6fae33b1d,repo_file_state,projectStateDb (sync-project -> syncVersionControlState),versionControlLedger,Rebuilt from git ls-files + git status on each projectStateDb run
product/boilerplate/update-packages/pz-boilerplate-intelliJ/2026-02-18-pm-realm-console-sql-rules-rollup/package-manifest.json,1,,1,1721,e7bb21abb16cb5e98916b3fa1da3fed448eb4d729e7b087d5d31c9980b0688fb,repo_file_state,projectStateDb (sync-project -> syncVersionControlState),versionControlLedger,Rebuilt from git ls-files + git status on each projectStateDb run
product/boilerplate/update-packages/pz-boilerplate-intelliJ/2026-02-18-product-management-boundary-gate/README.md,1,,1,296,1226a752824034d73f72068985f689f70f89e06c6ab04a562a1f4cbb5f06c15d,repo_file_state,projectStateDb (sync-project -> syncVersionControlState),versionControlLedger,Rebuilt from git ls-files + git status on each projectStateDb run
product/boilerplate/update-packages/pz-boilerplate-intelliJ/2026-02-18-product-management-boundary-gate/apply-checklist.md,1,,1,116,90e9b9c71fa2f7a93527bb7b8762329e58cc980fe86143fa1bc5e0b4b5340f4c,repo_file_state,projectStateDb (sync-project -> syncVersionControlState),versionControlLedger,Rebuilt from git ls-files + git status on each projectStateDb run
product/boilerplate/update-packages/pz-boilerplate-intelliJ/2026-02-18-product-management-boundary-gate/fresh-session-prompt.md,1,,1,70,ea7d6de41bfeef2fff5f60789d824a4c767d5532e5d4de43969913c3eefb3ad4,repo_file_state,projectStateDb (sync-project -> syncVersionControlState),versionControlLedger,Rebuilt from git ls-files + git status on each projectStateDb run
product/boilerplate/update-packages/pz-boilerplate-intelliJ/2026-02-18-product-management-boundary-gate/package-manifest.json,1,,1,617,2e9e0ad56628977898966a24d8e129ca4b00cf03fdf16ae68ceeb1a6983e2f84,repo_file_state,projectStateDb (sync-project -> syncVersionControlState),versionControlLedger,Rebuilt from git ls-files + git status on each projectStateDb run
product/boilerplate/update-packages/pz-boilerplate-intelliJ/2026-02-18-project-level-rollback-governance-log-sync/README.md,1,,1,843,a1a589469c6f663f9faa86f5c40e60741cff1f3d3c4dba71a89523b602f0c423,repo_file_state,projectStateDb (sync-project -> syncVersionControlState),versionControlLedger,Rebuilt from git ls-files + git status on each projectStateDb run
product/boilerplate/update-packages/pz-boilerplate-intelliJ/2026-02-18-project-level-rollback-governance-log-sync/apply-checklist.md,1,,1,888,ef277324035b30adee331b7c93b563c68d7c7552d89dfb698f7402b56ccaf375,repo_file_state,projectStateDb (sync-project -> syncVersionControlState),versionControlLedger,Rebuilt from git ls-files + git status on each projectStateDb run
product/boilerplate/update-packages/pz-boilerplate-intelliJ/2026-02-18-project-level-rollback-governance-log-sync/fresh-session-prompt.md,1,,1,523,12ed4b756094608dccb7394586b743723d01fa2a4ed584825ce73768f0226d6f,repo_file_state,projectStateDb (sync-project -> syncVersionControlState),versionControlLedger,Rebuilt from git ls-files + git status on each projectStateDb run
product/boilerplate/update-packages/pz-boilerplate-intelliJ/2026-02-18-project-level-rollback-governance-log-sync/package-manifest.json,1,,1,1189,711cb0e761f3b5db212975d1ed5d629e659b7427cfa004f6149168c099b7de90,repo_file_state,projectStateDb (sync-project -> syncVersionControlState),versionControlLedger,Rebuilt from git ls-files + git status on each projectStateDb run
product/boilerplate/update-packages/pz-boilerplate-intelliJ/2026-02-18-project-level-rollback-governance-log-sync/templates/process-evolution-entry.md,1,,1,347,0482dccc000409a4ceec06c2b7d906ddcaa187f6919acb0d06c984e22176ea15,repo_file_state,projectStateDb (sync-project -> syncVersionControlState),versionControlLedger,Rebuilt from git ls-files + git status on each projectStateDb run
product/boilerplate/update-packages/pz-boilerplate-intelliJ/2026-02-18-project-level-rollback-governance-log-sync/templates/session-changelog-entry.md,1,,1,400,d9abe6283afd29a9387b2e34e8059e6128f4bb824cbe998915d280ff61e12ab7,repo_file_state,projectStateDb (sync-project -> syncVersionControlState),versionControlLedger,Rebuilt from git ls-files + git status on each projectStateDb run
product/boilerplate/update-packages/pz-boilerplate-intelliJ/2026-02-18-project-level-rollback-governance/README.md,1,,1,960,873f815046bb80b32ca8ef159e01b08bc516cfcfbabee8f81c06427b54617dfc,repo_file_state,projectStateDb (sync-project -> syncVersionControlState),versionControlLedger,Rebuilt from git ls-files + git status on each projectStateDb run
product/boilerplate/update-packages/pz-boilerplate-intelliJ/2026-02-18-project-level-rollback-governance/apply-checklist.md,1,,1,1264,160cb91d044e254e19c2f4577465a881b1112120f9347c3ead14a575fd5768e8,repo_file_state,projectStateDb (sync-project -> syncVersionControlState),versionControlLedger,Rebuilt from git ls-files + git status on each projectStateDb run
product/boilerplate/update-packages/pz-boilerplate-intelliJ/2026-02-18-project-level-rollback-governance/fresh-session-prompt.md,1,,1,650,d17ca07678451092fb31c513df3ec2a05ee2819393e355c0290c954d23a4e5de,repo_file_state,projectStateDb (sync-project -> syncVersionControlState),versionControlLedger,Rebuilt from git ls-files + git status on each projectStateDb run
product/boilerplate/update-packages/pz-boilerplate-intelliJ/2026-02-18-project-level-rollback-governance/package-manifest.json,1,,1,853,9a2ad0ccd868be8cc127305dd8726d4afbcdf12033a4f170ff88735cc9c75c4e,repo_file_state,projectStateDb (sync-project -> syncVersionControlState),versionControlLedger,Rebuilt from git ls-files + git status on each projectStateDb run
product/boilerplate/update-packages/pz-boilerplate-intelliJ/2026-02-18-sqlite-state-tooling/README.md,1,,1,934,93dff58fec63cecd6f9d631f2a1cfc1a4e09923ab22ffe132315daa21bd48fc3,repo_file_state,projectStateDb (sync-project -> syncVersionControlState),versionControlLedger,Rebuilt from git ls-files + git status on each projectStateDb run
product/boilerplate/update-packages/pz-boilerplate-intelliJ/2026-02-18-sqlite-state-tooling/apply-checklist.md,1,,1,466,9fbcb0b8ecaa1e6abae86a5b331312a3f1bf6e9e1bf8475ba0356d6ecb79c97f,repo_file_state,projectStateDb (sync-project -> syncVersionControlState),versionControlLedger,Rebuilt from git ls-files + git status on each projectStateDb run
product/boilerplate/update-packages/pz-boilerplate-intelliJ/2026-02-18-sqlite-state-tooling/fresh-session-prompt.md,1,,1,619,c26400e4d84f347054acb6c38366bbb51ddf79ef0518070780740efebd02a662,repo_file_state,projectStateDb (sync-project -> syncVersionControlState),versionControlLedger,Rebuilt from git ls-files + git status on each projectStateDb run
product/boilerplate/update-packages/pz-boilerplate-intelliJ/2026-02-18-sqlite-state-tooling/package-manifest.json,1,,1,870,23265589cc946984999e2726e59fdcc6096a410f17b623e36a22375806a4fb33,repo_file_state,projectStateDb (sync-project -> syncVersionControlState),versionControlLedger,Rebuilt from git ls-files + git status on each projectStateDb run
product/boilerplate/update-packages/pz-boilerplate-intelliJ/2026-02-18-unified-framework-rollup/README.md,1,,1,544,7713457eb135da0fd08191ba5dec78f16816be59225cbce8d5be256ebcbdb611,repo_file_state,projectStateDb (sync-project -> syncVersionControlState),versionControlLedger,Rebuilt from git ls-files + git status on each projectStateDb run
product/boilerplate/update-packages/pz-boilerplate-intelliJ/2026-02-18-unified-framework-rollup/apply-checklist.md,1,,1,446,c329427bae1e5e78e04346986d637744594fa493aa47041a5e1c4fd22b633203,repo_file_state,projectStateDb (sync-project -> syncVersionControlState),versionControlLedger,Rebuilt from git ls-files + git status on each projectStateDb run
product/boilerplate/update-packages/pz-boilerplate-intelliJ/2026-02-18-unified-framework-rollup/fresh-session-prompt.md,1,,1,390,f5c83d77df57753d02665ebd6a4bc727d66c6e634158da42176cb3cb5dbab60e,repo_file_state,projectStateDb (sync-project -> syncVersionControlState),versionControlLedger,Rebuilt from git ls-files + git status on each projectStateDb run
product/boilerplate/update-packages/pz-boilerplate-intelliJ/2026-02-18-unified-framework-rollup/package-manifest.json,1,,1,1666,cfdc6dc98022b44d99722ba8104fe91ca6953c1910d5bf50e88716363f45171e,repo_file_state,projectStateDb (sync-project -> syncVersionControlState),versionControlLedger,Rebuilt from git ls-files + git status on each projectStateDb run
product/boilerplate/update-packages/pz-boilerplate-intelliJ/2026-02-18-vcs-file-discipline-ledger/README.md,1,,1,411,90ad5668c2a6920526765d9ff031afff199dbf326f644eae6e7fa194f96f888d,repo_file_state,projectStateDb (sync-project -> syncVersionControlState),versionControlLedger,Rebuilt from git ls-files + git status on each projectStateDb run
product/boilerplate/update-packages/pz-boilerplate-intelliJ/2026-02-18-vcs-file-discipline-ledger/apply-checklist.md,1,,1,116,90e9b9c71fa2f7a93527bb7b8762329e58cc980fe86143fa1bc5e0b4b5340f4c,repo_file_state,projectStateDb (sync-project -> syncVersionControlState),versionControlLedger,Rebuilt from git ls-files + git status on each projectStateDb run
product/boilerplate/update-packages/pz-boilerplate-intelliJ/2026-02-18-vcs-file-discipline-ledger/fresh-session-prompt.md,1,,1,70,ea7d6de41bfeef2fff5f60789d824a4c767d5532e5d4de43969913c3eefb3ad4,repo_file_state,projectStateDb (sync-project -> syncVersionControlState),versionControlLedger,Rebuilt from git ls-files + git status on each projectStateDb run
product/boilerplate/update-packages/pz-boilerplate-intelliJ/2026-02-18-vcs-file-discipline-ledger/package-manifest.json,1,,1,849,f9c6e6dd8b158e72f632c679394d049f60098e8baf8a0f71dba01f3cec2894da,repo_file_state,projectStateDb (sync-project -> syncVersionControlState),versionControlLedger,Rebuilt from git ls-files + git status on each projectStateDb run
product/boilerplate/update-packages/pz-boilerplate-intelliJ/2026-02-18-workbook-change-driven-guard/README.md,1,,1,774,f2595612f4ce3a2802bee160d3d635d1267b0cf5be335bad63af4df124d79203,repo_file_state,projectStateDb (sync-project -> syncVersionControlState),versionControlLedger,Rebuilt from git ls-files + git status on each projectStateDb run
product/boilerplate/update-packages/pz-boilerplate-intelliJ/2026-02-18-workbook-change-driven-guard/apply-checklist.md,1,,1,1149,785d29ec696157870fe29c57ce62f43b593f0b802f08fe4e273b2388d27323ab,repo_file_state,projectStateDb (sync-project -> syncVersionControlState),versionControlLedger,Rebuilt from git ls-files + git status on each projectStateDb run
product/boilerplate/update-packages/pz-boilerplate-intelliJ/2026-02-18-workbook-change-driven-guard/fresh-session-prompt.md,1,,1,431,81db9c20bba3e9339815b5eeb74cdc8c4e3e9eb1b78246ee3d422c13da21a0ce,repo_file_state,projectStateDb (sync-project -> syncVersionControlState),versionControlLedger,Rebuilt from git ls-files + git status on each projectStateDb run
product/boilerplate/update-packages/pz-boilerplate-intelliJ/2026-02-18-workbook-change-driven-guard/package-manifest.json,1,,1,853,c6db0c3cf3c222d34bd198bc9550f8cfc13ccbe64ac5e3822747bb0b6e07d702,repo_file_state,projectStateDb (sync-project -> syncVersionControlState),versionControlLedger,Rebuilt from git ls-files + git status on each projectStateDb run
product/boilerplate/update-packages/pz-boilerplate-intelliJ/2026-02-19-console-environment-governance-v2/apply-checklist.md,1,,1,370,c49e77e6bbece7ef6e730099f26ba379f88b39037e82da3e9385229f12caa4d5,repo_file_state,projectStateDb (sync-project -> syncVersionControlState),versionControlLedger,Rebuilt from git ls-files + git status on each projectStateDb run
product/boilerplate/update-packages/pz-boilerplate-intelliJ/2026-02-19-console-environment-governance-v2/package-manifest.json,1,,1,1229,8e2d132df69e6b287e7823f5dd014bc63099e6daa0b8989a809f8750a6bb9934,repo_file_state,projectStateDb (sync-project -> syncVersionControlState),versionControlLedger,Rebuilt from git ls-files + git status on each projectStateDb run
product/boilerplate/update-packages/pz-boilerplate-intelliJ/2026-02-19-fresh-instance-convergence-eval/README.md,1,,1,667,fe354e1d3c762631168621ff97b79eea09223a5504d2be9f796e350ce08b7e8a,repo_file_state,projectStateDb (sync-project -> syncVersionControlState),versionControlLedger,Rebuilt from git ls-files + git status on each projectStateDb run
product/boilerplate/update-packages/pz-boilerplate-intelliJ/2026-02-19-fresh-instance-convergence-eval/apply-checklist.md,1,,1,781,94e0ed3ffc8efc50584088efbce1ccf10146a75724e4877cfc471ba74a221321,repo_file_state,projectStateDb (sync-project -> syncVersionControlState),versionControlLedger,Rebuilt from git ls-files + git status on each projectStateDb run
product/boilerplate/update-packages/pz-boilerplate-intelliJ/2026-02-19-fresh-instance-convergence-eval/comparison-checklist.md,1,,1,1411,0505ea85f353fba6b1d29b360b5842e62a24f0f4d22664e13d6592c626c36922,repo_file_state,projectStateDb (sync-project -> syncVersionControlState),versionControlLedger,Rebuilt from git ls-files + git status on each projectStateDb run
product/boilerplate/update-packages/pz-boilerplate-intelliJ/2026-02-19-fresh-instance-convergence-eval/fresh-session-prompt.md,1,,1,818,31a5deb47707f909adae355c4f60e422e6789900aba8733f78faa22c94ebdc42,repo_file_state,projectStateDb (sync-project -> syncVersionControlState),versionControlLedger,Rebuilt from git ls-files + git status on each projectStateDb run
product/boilerplate/update-packages/pz-boilerplate-intelliJ/2026-02-19-fresh-instance-convergence-eval/package-manifest.json,1,,1,1680,7c681df03db1bb946e9eedfb9566e63cd42dfe7ad57cc1078b1f3ed3aecf26e9,repo_file_state,projectStateDb (sync-project -> syncVersionControlState),versionControlLedger,Rebuilt from git ls-files + git status on each projectStateDb run
product/boilerplate/update-packages/pz-boilerplate-intelliJ/2026-02-19-namespace-root-solutions-pointzero-symphony/README.md,1,,1,484,acd1695e00000853e2ae9c7e6225ba96a380d274956fe79a373d2832550162e1,repo_file_state,projectStateDb (sync-project -> syncVersionControlState),versionControlLedger,Rebuilt from git ls-files + git status on each projectStateDb run
product/boilerplate/update-packages/pz-boilerplate-intelliJ/2026-02-19-namespace-root-solutions-pointzero-symphony/apply-checklist.md,1,,1,524,29462e6baf64599284a25fed5420406624a9a2cd89f1f35345eed86267e84f06,repo_file_state,projectStateDb (sync-project -> syncVersionControlState),versionControlLedger,Rebuilt from git ls-files + git status on each projectStateDb run
product/boilerplate/update-packages/pz-boilerplate-intelliJ/2026-02-19-namespace-root-solutions-pointzero-symphony/fresh-session-prompt.md,1,,1,430,5e9ad413210ea944fe66598c272cda0d66cd6604a3d57b9a1f3dbecaeef0c55d,repo_file_state,projectStateDb (sync-project -> syncVersionControlState),versionControlLedger,Rebuilt from git ls-files + git status on each projectStateDb run
product/boilerplate/update-packages/pz-boilerplate-intelliJ/2026-02-19-namespace-root-solutions-pointzero-symphony/package-manifest.json,1,,1,786,07dfaeadfff2e80a53003afccdd73178f70f5f436d043c5c0f77745f5e8419c5,repo_file_state,projectStateDb (sync-project -> syncVersionControlState),versionControlLedger,Rebuilt from git ls-files + git status on each projectStateDb run
product/boilerplate/update-packages/pz-boilerplate-intelliJ/2026-02-19-pm-live-actions-governance-automation/README.md,1,,1,756,e14532074598abbd933afd0cc8eecbc919e6e60cd09931c8a8d8a7b00866d08f,repo_file_state,projectStateDb (sync-project -> syncVersionControlState),versionControlLedger,Rebuilt from git ls-files + git status on each projectStateDb run
product/boilerplate/update-packages/pz-boilerplate-intelliJ/2026-02-19-pm-live-actions-governance-automation/apply-checklist.md,1,,1,764,02c3e328647c8029ac73046def718151f40fbdde77abd3cbfd2fd42d2faaeecc,repo_file_state,projectStateDb (sync-project -> syncVersionControlState),versionControlLedger,Rebuilt from git ls-files + git status on each projectStateDb run
product/boilerplate/update-packages/pz-boilerplate-intelliJ/2026-02-19-pm-live-actions-governance-automation/fresh-session-prompt.md,1,,1,214,102381dc26ddc35557a35eeb2f76626a1bab3d7a7541135446b6d737038f6690,repo_file_state,projectStateDb (sync-project -> syncVersionControlState),versionControlLedger,Rebuilt from git ls-files + git status on each projectStateDb run
product/boilerplate/update-packages/pz-boilerplate-intelliJ/2026-02-19-pm-live-actions-governance-automation/package-manifest.json,1,,1,2054,078c8310c42e641860d3aefeb6de6479ac152a49aa5a405d882380b1b9a03597,repo_file_state,projectStateDb (sync-project -> syncVersionControlState),versionControlLedger,Rebuilt from git ls-files + git status on each projectStateDb run
product/boilerplate/update-packages/pz-boilerplate-intelliJ/2026-02-19-presentation-naming-governance-rollup/README.md,1,,1,1105,57d96cb21867713ad75d156f714f7a1a58804d1dc069347dbd539e1c4b48b162,repo_file_state,projectStateDb (sync-project -> syncVersionControlState),versionControlLedger,Rebuilt from git ls-files + git status on each projectStateDb run
product/boilerplate/update-packages/pz-boilerplate-intelliJ/2026-02-19-presentation-naming-governance-rollup/apply-checklist.md,1,,1,251,3ad437abafd457a6e8d3d7f4fc693213e5f3110d52ef7004b25bfbae1abc5ea4,repo_file_state,projectStateDb (sync-project -> syncVersionControlState),versionControlLedger,Rebuilt from git ls-files + git status on each projectStateDb run
product/boilerplate/update-packages/pz-boilerplate-intelliJ/2026-02-19-presentation-naming-governance-rollup/fresh-session-prompt.md,1,,1,270,d665cf1d9f30017f3b0ac428197ab3aecee17b9fa1a274ee68567438dc1b0d61,repo_file_state,projectStateDb (sync-project -> syncVersionControlState),versionControlLedger,Rebuilt from git ls-files + git status on each projectStateDb run
product/boilerplate/update-packages/pz-boilerplate-intelliJ/2026-02-19-presentation-naming-governance-rollup/package-manifest.json,1,,1,1357,523e9fc59805effb4c835092f93cee61c7964d916a36972a3c73992a9d0fba12,repo_file_state,projectStateDb (sync-project -> syncVersionControlState),versionControlLedger,Rebuilt from git ls-files + git status on each projectStateDb run
product/boilerplate/update-packages/pz-boilerplate-intelliJ/2026-02-19-queue-normalization-knowledge-link-gate/README.md,1,,1,594,4a3b6ac7f1176c39ae17dcd6c54e6a49c8246e2428974280384e34c1fdaf9249,repo_file_state,projectStateDb (sync-project -> syncVersionControlState),versionControlLedger,Rebuilt from git ls-files + git status on each projectStateDb run
product/boilerplate/update-packages/pz-boilerplate-intelliJ/2026-02-19-queue-normalization-knowledge-link-gate/apply-checklist.md,1,,1,343,05fa5d074f0416bf31254d6f15fb075e5ce73a232656aa1edbbd46efdc2865ce,repo_file_state,projectStateDb (sync-project -> syncVersionControlState),versionControlLedger,Rebuilt from git ls-files + git status on each projectStateDb run
product/boilerplate/update-packages/pz-boilerplate-intelliJ/2026-02-19-queue-normalization-knowledge-link-gate/fresh-session-prompt.md,1,,1,190,f9b3b9391f569cc4b84a5df34f7e19202965f04e59220f4f5e6bd9d9d1bbbe16,repo_file_state,projectStateDb (sync-project -> syncVersionControlState),versionControlLedger,Rebuilt from git ls-files + git status on each projectStateDb run
product/boilerplate/update-packages/pz-boilerplate-intelliJ/2026-02-19-queue-normalization-knowledge-link-gate/package-manifest.json,1,,1,1836,d4be92da0ba5decb1f97035f8ad1bd34b4c83df52884e32bc3f5f710f189b507,repo_file_state,projectStateDb (sync-project -> syncVersionControlState),versionControlLedger,Rebuilt from git ls-files + git status on each projectStateDb run
product/boilerplate/update-packages/pz-boilerplate-intelliJ/2026-02-19-recovery-ci-sql-integrity/README.md,1,,1,586,8c2568db3db39df6cb5ce8bed6aa0be9e2ddfc6ddd0cabc8f8e4b247a91e927d,repo_file_state,projectStateDb (sync-project -> syncVersionControlState),versionControlLedger,Rebuilt from git ls-files + git status on each projectStateDb run
product/boilerplate/update-packages/pz-boilerplate-intelliJ/2026-02-19-recovery-ci-sql-integrity/apply-checklist.md,1,,1,613,b9a3ae1aac9f21ea39fb7b8ef44036cd3dde9bfd0e1a20ce06979564f018dfca,repo_file_state,projectStateDb (sync-project -> syncVersionControlState),versionControlLedger,Rebuilt from git ls-files + git status on each projectStateDb run
product/boilerplate/update-packages/pz-boilerplate-intelliJ/2026-02-19-recovery-ci-sql-integrity/fresh-session-prompt.md,1,,1,557,979bf135dcbd27abdfe51f2161a88a846a45fa26d9a5d02547aa7dd1311956af,repo_file_state,projectStateDb (sync-project -> syncVersionControlState),versionControlLedger,Rebuilt from git ls-files + git status on each projectStateDb run
product/boilerplate/update-packages/pz-boilerplate-intelliJ/2026-02-19-recovery-ci-sql-integrity/package-manifest.json,1,,1,1502,657f38a9c73b566212bf56b12d90bb351d1463ad26cf58896c5d49b44f2fff14,repo_file_state,projectStateDb (sync-project -> syncVersionControlState),versionControlLedger,Rebuilt from git ls-files + git status on each projectStateDb run
product/boilerplate/update-packages/pz-boilerplate-intelliJ/2026-02-23-clean-recovery-alignment/README.md,1,,1,160,fc70b263ccad2f10acffe9f6fd08d97dc6ef7558d45a8494ac6d4e5f70ce5146,repo_file_state,projectStateDb (sync-project -> syncVersionControlState),versionControlLedger,Rebuilt from git ls-files + git status on each projectStateDb run
product/boilerplate/update-packages/pz-boilerplate-intelliJ/2026-02-23-clean-recovery-alignment/apply-checklist.md,1,,1,116,90e9b9c71fa2f7a93527bb7b8762329e58cc980fe86143fa1bc5e0b4b5340f4c,repo_file_state,projectStateDb (sync-project -> syncVersionControlState),versionControlLedger,Rebuilt from git ls-files + git status on each projectStateDb run
product/boilerplate/update-packages/pz-boilerplate-intelliJ/2026-02-23-clean-recovery-alignment/fresh-session-prompt.md,1,,1,70,ea7d6de41bfeef2fff5f60789d824a4c767d5532e5d4de43969913c3eefb3ad4,repo_file_state,projectStateDb (sync-project -> syncVersionControlState),versionControlLedger,Rebuilt from git ls-files + git status on each projectStateDb run
product/boilerplate/update-packages/pz-boilerplate-intelliJ/2026-02-23-clean-recovery-alignment/package-manifest.json,1,,1,1020,91ea13a5ee5b9f443435f6393869cc37719ff34bf5293e08c8a8ab356f03f7a1,repo_file_state,projectStateDb (sync-project -> syncVersionControlState),versionControlLedger,Rebuilt from git ls-files + git status on each projectStateDb run
product/boilerplate/update-packages/pz-boilerplate-intelliJ/2026-02-23-workstream-i-three-stage-governance-hardening/README.md,1,,1,494,0a916548a3669389a8ecd021df60d380d3999ad1065c88b828835f6164063766,repo_file_state,projectStateDb (sync-project -> syncVersionControlState),versionControlLedger,Rebuilt from git ls-files + git status on each projectStateDb run
product/boilerplate/update-packages/pz-boilerplate-intelliJ/2026-02-23-workstream-i-three-stage-governance-hardening/package-manifest.json,1,,1,420,aff98d8cd089ccb5b3fd12428a8c630bf6746970840a2f5f466309c584ba8809,repo_file_state,projectStateDb (sync-project -> syncVersionControlState),versionControlLedger,Rebuilt from git ls-files + git status on each projectStateDb run
settings.gradle,1,,1,448,f651e379d68c6dd388b048f776213396d226769d784f48b92bc31ea842948619,repo_file_state,projectStateDb (sync-project -> syncVersionControlState),versionControlLedger,Rebuilt from git ls-files + git status on each projectStateDb run
